travel_id,bank_id,travel_date,emissions_kg_co2e,reporting_year,travel_mode,distance_km,emissions_tco2e,employee_id_hash,emission_factor_kg_co2e_per_km,purpose
TR000001,BANK01,2024-10-03,41.4,,rail,1010,,EMP16554,0.041,training
TR000002,BANK01,2024-02-11,192.5,,air_short,755,,EMP32743,0.255,training
TR000003,BANK01,2024-10-15,663.4,,air_long,4423,,EMP11188,0.15,audit
TR000004,BANK01,2024-04-02,19.0,,rail,464,,EMP00380,0.041,audit
TR000005,BANK01,2024-01-25,122.9,,car,719,,EMP11862,0.171,audit
TR000006,BANK01,2024-10-07,13.4,,rail,326,,EMP25722,0.041,client_meeting
TR000007,BANK01,2024-01-24,158.9,,air_short,623,,EMP21900,0.255,training
TR000008,BANK01,2024-05-22,23.2,,rail,566,,EMP08905,0.041,audit
TR000009,BANK01,2024-03-27,230.5,,air_short,904,,EMP45089,0.255,training
TR000010,BANK01,2024-03-18,164.2,,air_short,644,,EMP26047,0.255,internal_meeting
TR000011,BANK01,2024-04-28,28.9,,rail,705,,EMP44511,0.041,conference
TR000012,BANK01,2024-10-30,21.8,,rail,531,,EMP38276,0.041,training
TR000013,BANK01,2024-04-07,370.0,,air_short,1451,,EMP01256,0.255,internal_meeting
TR000014,BANK01,2024-10-11,25.3,,car,148,,EMP18841,0.171,conference
TR000015,BANK01,2024-01-11,8.0,,rail,195,,EMP20928,0.041,training
TR000016,BANK01,2024-02-24,95.2,,car,557,,EMP43306,0.171,training
TR000017,BANK01,2024-09-06,14.6,,rail,356,,EMP30581,0.041,internal_meeting
TR000018,BANK01,2024-08-28,103.5,,air_short,406,,EMP16853,0.255,audit
TR000019,BANK01,2024-09-05,10.1,,rail,246,,EMP08184,0.041,training
TR000020,BANK01,2024-07-01,132.9,,car,777,,EMP16791,0.171,conference
TR000021,BANK01,2024-06-17,1070.1,,air_long,7134,,EMP25961,0.15,conference
TR000022,BANK01,2024-07-26,27.4,,rail,669,,EMP24797,0.041,conference
TR000023,BANK01,2024-01-30,77.5,,car,453,,EMP24802,0.171,training
TR000024,BANK01,2024-10-12,34.4,,car,201,,EMP00438,0.171,client_meeting
TR000025,BANK01,2024-09-13,761.1,,air_long,5074,,EMP13809,0.15,internal_meeting
TR000026,BANK01,2024-11-16,145.6,,air_short,571,,EMP38380,0.255,training
TR000027,BANK01,2024-07-24,189.2,,air_short,742,,EMP07666,0.255,client_meeting
TR000028,BANK01,2024-12-19,247.9,,air_short,972,,EMP08677,0.255,conference
TR000029,BANK01,2024-02-20,911.7,,air_long,6078,,EMP43676,0.15,conference
TR000030,BANK01,2024-03-17,321.8,,air_short,1262,,EMP20651,0.255,training
TR000031,BANK01,2024-09-06,67.7,,car,396,,EMP15998,0.171,conference
TR000032,BANK01,2024-04-22,48.7,,car,285,,EMP40192,0.171,client_meeting
TR000033,BANK01,2024-07-22,263.2,,air_short,1032,,EMP45757,0.255,client_meeting
TR000034,BANK01,2024-10-13,649.8,,air_long,4332,,EMP39328,0.15,conference
TR000035,BANK01,2024-05-10,24.8,,car,145,,EMP05511,0.171,audit
TR000036,BANK01,2024-05-19,29.6,,rail,723,,EMP21565,0.041,conference
TR000037,BANK01,2024-10-28,311.1,,air_short,1220,,EMP18053,0.255,audit
TR000038,BANK01,2024-06-07,294.3,,air_short,1154,,EMP39529,0.255,training
TR000039,BANK01,2024-08-18,109.1,,car,638,,EMP31410,0.171,internal_meeting
TR000040,BANK01,2024-12-17,6.7,,rail,164,,EMP13145,0.041,training
TR000041,BANK01,2024-10-24,321.8,,air_short,1262,,EMP47796,0.255,client_meeting
TR000042,BANK01,2024-12-27,59.9,,car,350,,EMP07177,0.171,conference
TR000043,BANK01,2024-08-30,46.0,,car,269,,EMP02078,0.171,internal_meeting
TR000044,BANK01,2024-08-20,46.6,,rail,1136,,EMP43369,0.041,client_meeting
TR000045,BANK01,2024-09-16,12.5,,rail,306,,EMP20990,0.041,conference
TR000046,BANK01,2024-01-17,290.7,,air_short,1140,,EMP07781,0.255,training
TR000047,BANK01,2024-03-15,765.1,,air_long,5101,,EMP07234,0.15,conference
TR000048,BANK01,2024-10-10,325.6,,air_short,1277,,EMP04370,0.255,internal_meeting
TR000049,BANK01,2024-11-24,106.9,,car,625,,EMP40881,0.171,audit
TR000050,BANK01,2024-01-14,542.2,,air_long,3615,,EMP26499,0.15,audit
TR000051,BANK01,2024-08-26,258.1,,air_short,1012,,EMP12669,0.255,internal_meeting
TR000052,BANK01,2024-03-04,221.6,,air_short,869,,EMP13318,0.255,audit
TR000053,BANK01,2024-03-04,371.8,,air_short,1458,,EMP32313,0.255,conference
TR000054,BANK01,2024-01-02,12.1,,rail,295,,EMP20017,0.041,client_meeting
TR000055,BANK01,2024-01-24,218.3,,air_short,856,,EMP26890,0.255,internal_meeting
TR000056,BANK01,2024-08-15,140.5,,air_short,551,,EMP02645,0.255,audit
TR000057,BANK01,2024-10-14,730.0,,air_long,4867,,EMP11565,0.15,audit
TR000058,BANK01,2024-04-15,29.7,,rail,725,,EMP29718,0.041,training
TR000059,BANK01,2024-11-24,330.0,,air_short,1294,,EMP07531,0.255,audit
TR000060,BANK01,2024-06-13,1223.2,,air_long,8155,,EMP41358,0.15,training
TR000061,BANK01,2024-12-07,850.0,,air_long,5667,,EMP46023,0.15,internal_meeting
TR000062,BANK01,2024-06-14,19.0,,car,111,,EMP45932,0.171,internal_meeting
TR000063,BANK01,2024-09-10,83.8,,car,490,,EMP45430,0.171,conference
TR000064,BANK01,2024-02-24,245.6,,air_short,963,,EMP41628,0.255,conference
TR000065,BANK01,2024-03-21,193.5,,air_short,759,,EMP04016,0.255,training
TR000066,BANK01,2024-02-20,282.3,,air_long,1882,,EMP13172,0.15,conference
TR000067,BANK01,2024-01-01,33.7,,rail,821,,EMP31477,0.041,conference
TR000068,BANK01,2024-12-18,157.6,,air_short,618,,EMP46310,0.255,conference
TR000069,BANK01,2024-05-31,300.9,,air_short,1180,,EMP26899,0.255,internal_meeting
TR000070,BANK01,2024-04-17,128.9,,car,754,,EMP19275,0.171,audit
TR000071,BANK01,2024-03-10,38.3,,rail,933,,EMP26060,0.041,internal_meeting
TR000072,BANK01,2024-05-06,69.4,,car,406,,EMP20448,0.171,client_meeting
TR000073,BANK01,2024-06-07,930.9,,air_long,6206,,EMP33442,0.15,conference
TR000074,BANK01,2024-05-24,328.4,,air_short,1288,,EMP03551,0.255,conference
TR000075,BANK01,2024-08-11,7.8,,rail,191,,EMP13381,0.041,audit
TR000076,BANK01,2024-04-04,132.6,,air_short,520,,EMP43459,0.255,conference
TR000077,BANK01,2024-08-29,131.3,,car,768,,EMP40884,0.171,internal_meeting
TR000078,BANK01,2024-07-15,146.9,,air_short,576,,EMP28309,0.255,conference
TR000079,BANK01,2024-11-21,576.9,,air_long,3846,,EMP15356,0.15,internal_meeting
TR000080,BANK01,2024-04-23,135.9,,air_short,533,,EMP18189,0.255,training
TR000081,BANK01,2024-10-08,163.5,,air_short,641,,EMP30564,0.255,client_meeting
TR000082,BANK01,2024-08-19,519.6,,air_long,3464,,EMP21819,0.15,internal_meeting
TR000083,BANK01,2024-10-13,193.0,,air_short,757,,EMP42829,0.255,conference
TR000084,BANK01,2024-02-26,249.9,,air_short,980,,EMP26789,0.255,training
TR000085,BANK01,2024-09-11,306.5,,air_short,1202,,EMP23947,0.255,client_meeting
TR000086,BANK01,2024-07-23,990.3,,air_long,6602,,EMP36840,0.15,audit
TR000087,BANK01,2024-06-24,580.4,,air_long,3869,,EMP12515,0.15,audit
TR000088,BANK01,2024-06-11,40.5,,rail,988,,EMP11360,0.041,audit
TR000089,BANK01,2024-08-08,1299.1,,air_long,8661,,EMP20555,0.15,client_meeting
TR000090,BANK01,2024-02-14,174.2,,air_short,683,,EMP24000,0.255,conference
TR000091,BANK01,2024-04-12,34.6,,rail,843,,EMP38341,0.041,conference
TR000092,BANK01,2024-03-29,46.7,,car,273,,EMP04386,0.171,conference
TR000093,BANK01,2024-11-26,25.2,,rail,614,,EMP34732,0.041,client_meeting
TR000094,BANK01,2024-05-17,17.5,,rail,426,,EMP12935,0.041,conference
TR000095,BANK01,2024-03-17,35.7,,rail,871,,EMP20962,0.041,conference
TR000096,BANK01,2024-05-13,15.9,,rail,389,,EMP44247,0.041,conference
TR000097,BANK01,2024-09-27,342.7,,air_short,1344,,EMP17680,0.255,client_meeting
TR000098,BANK01,2024-10-11,307.5,,air_short,1206,,EMP02855,0.255,audit
TR000099,BANK01,2024-12-07,61.4,,car,359,,EMP36295,0.171,client_meeting
TR000100,BANK01,2024-05-07,13.3,,rail,325,,EMP39419,0.041,client_meeting
TR000101,BANK01,2024-10-04,5.6,,rail,137,,EMP33751,0.041,audit
TR000102,BANK01,2024-03-02,46.7,,rail,1140,,EMP35816,0.041,training
TR000103,BANK01,2024-10-10,189.5,,air_short,743,,EMP02185,0.255,client_meeting
TR000104,BANK01,2024-06-23,35.7,,rail,871,,EMP14507,0.041,audit
TR000105,BANK01,2024-02-24,7.3,,rail,177,,EMP12084,0.041,internal_meeting
TR000106,BANK01,2024-08-02,108.1,,car,632,,EMP19888,0.171,client_meeting
TR000107,BANK01,2024-08-04,83.8,,car,490,,EMP29362,0.171,training
TR000108,BANK01,2024-04-07,136.4,,air_short,535,,EMP34321,0.255,conference
TR000109,BANK01,2024-10-13,26.5,,rail,647,,EMP33375,0.041,training
TR000110,BANK01,2024-01-03,10.4,,rail,253,,EMP25480,0.041,audit
TR000111,BANK01,2024-08-09,204.3,,air_short,801,,EMP17021,0.255,training
TR000112,BANK01,2024-06-30,833.7,,air_long,5558,,EMP25608,0.15,conference
TR000113,BANK01,2024-05-26,45.5,,car,266,,EMP01488,0.171,audit
TR000114,BANK01,2024-12-11,23.8,,rail,581,,EMP37344,0.041,conference
TR000115,BANK01,2024-09-27,128.8,,air_short,505,,EMP02587,0.255,conference
TR000116,BANK01,2024-03-06,370.8,,air_short,1454,,EMP08532,0.255,internal_meeting
TR000117,BANK01,2024-02-18,153.5,,air_short,602,,EMP16691,0.255,internal_meeting
TR000118,BANK01,2024-05-08,1047.6,,air_long,6984,,EMP32114,0.15,training
TR000119,BANK01,2024-09-15,844.2,,air_long,5628,,EMP21163,0.15,internal_meeting
TR000120,BANK01,2024-07-07,7.1,,rail,174,,EMP14369,0.041,training
TR000121,BANK01,2024-08-30,15.9,,rail,388,,EMP41882,0.041,audit
TR000122,BANK01,2024-03-29,895.5,,air_long,5970,,EMP38635,0.15,client_meeting
TR000123,BANK01,2024-04-01,683.1,,air_long,4554,,EMP12855,0.15,training
TR000124,BANK01,2024-12-18,16.0,,rail,390,,EMP28547,0.041,internal_meeting
TR000125,BANK01,2024-08-28,292.7,,air_short,1148,,EMP11405,0.255,training
TR000126,BANK01,2024-11-06,209.1,,air_short,820,,EMP40176,0.255,training
TR000127,BANK01,2024-09-20,36.6,,car,214,,EMP08796,0.171,client_meeting
TR000128,BANK01,2024-08-03,313.6,,air_short,1230,,EMP01753,0.255,internal_meeting
TR000129,BANK01,2024-12-04,5.6,,rail,136,,EMP25335,0.041,audit
TR000130,BANK01,2024-05-22,313.9,,air_short,1231,,EMP13996,0.255,client_meeting
TR000131,BANK01,2024-01-16,117.3,,car,686,,EMP04799,0.171,internal_meeting
TR000132,BANK01,2024-12-05,200.9,,air_short,788,,EMP28259,0.255,conference
TR000133,BANK01,2024-11-23,82.8,,car,484,,EMP27659,0.171,conference
TR000134,BANK01,2024-03-10,121.6,,car,711,,EMP41599,0.171,client_meeting
TR000135,BANK01,2024-10-09,9.2,,rail,225,,EMP00101,0.041,internal_meeting
TR000136,BANK01,2024-07-20,1136.2,,air_long,7575,,EMP11366,0.15,client_meeting
TR000137,BANK01,2024-11-13,43.5,,rail,1060,,EMP31175,0.041,training
TR000138,BANK01,2024-06-15,27.8,,rail,678,,EMP08733,0.041,internal_meeting
TR000139,BANK01,2024-09-09,26.2,,rail,640,,EMP23599,0.041,conference
TR000140,BANK01,2024-08-16,785.2,,air_long,5235,,EMP23732,0.15,training
TR000141,BANK01,2024-04-05,132.1,,air_short,518,,EMP22563,0.255,client_meeting
TR000142,BANK01,2024-04-26,223.6,,air_short,877,,EMP02284,0.255,conference
TR000143,BANK01,2024-09-07,196.6,,air_short,771,,EMP35012,0.255,audit
TR000144,BANK01,2024-08-24,125.3,,car,733,,EMP18702,0.171,training
TR000145,BANK01,2024-10-31,124.7,,car,729,,EMP32963,0.171,training
TR000146,BANK01,2024-05-05,293.7,,air_long,1958,,EMP45978,0.15,audit
TR000147,BANK01,2024-01-28,254.2,,air_short,997,,EMP41876,0.255,internal_meeting
TR000148,BANK01,2024-12-30,22.7,,car,133,,EMP27505,0.171,conference
TR000149,BANK01,2024-09-25,41.5,,rail,1011,,EMP29640,0.041,client_meeting
TR000150,BANK01,2024-07-31,859.9,,air_long,5733,,EMP47028,0.15,client_meeting
TR000151,BANK01,2024-10-26,120.0,,car,702,,EMP21498,0.171,internal_meeting
TR000152,BANK01,2024-04-27,32.2,,rail,786,,EMP11333,0.041,training
TR000153,BANK01,2024-09-10,89.1,,car,521,,EMP14010,0.171,conference
TR000154,BANK01,2024-07-13,20.6,,rail,502,,EMP38235,0.041,training
TR000155,BANK01,2024-10-18,370.3,,air_short,1452,,EMP30459,0.255,client_meeting
TR000156,BANK01,2024-01-23,17.0,,rail,414,,EMP01333,0.041,audit
TR000157,BANK01,2024-04-01,6.6,,rail,161,,EMP16746,0.041,audit
TR000158,BANK01,2024-06-12,8.9,,rail,218,,EMP11941,0.041,client_meeting
TR000159,BANK01,2024-10-25,245.3,,air_short,962,,EMP16605,0.255,client_meeting
TR000160,BANK01,2024-12-09,12.3,,rail,301,,EMP45698,0.041,client_meeting
TR000161,BANK01,2024-09-20,26.4,,rail,643,,EMP23137,0.041,conference
TR000162,BANK01,2024-11-24,93.2,,car,545,,EMP44132,0.171,training
TR000163,BANK01,2024-03-06,131.7,,car,770,,EMP43204,0.171,audit
TR000164,BANK01,2024-08-21,346.0,,air_short,1357,,EMP07535,0.255,client_meeting
TR000165,BANK01,2024-11-30,31.9,,rail,779,,EMP11800,0.041,internal_meeting
TR000166,BANK01,2024-08-09,65.8,,car,385,,EMP15206,0.171,conference
TR000167,BANK01,2024-04-18,1060.3,,air_long,7069,,EMP29117,0.15,training
TR000168,BANK01,2024-06-14,101.6,,car,594,,EMP31596,0.171,client_meeting
TR000169,BANK01,2024-10-29,112.7,,air_short,442,,EMP42406,0.255,conference
TR000170,BANK01,2024-11-18,43.6,,rail,1063,,EMP04917,0.041,internal_meeting
TR000171,BANK01,2024-10-22,23.4,,car,137,,EMP43278,0.171,audit
TR000172,BANK01,2024-11-05,214.5,,air_short,841,,EMP27021,0.255,conference
TR000173,BANK01,2024-03-02,24.3,,car,142,,EMP30112,0.171,internal_meeting
TR000174,BANK01,2024-12-02,196.6,,air_short,771,,EMP32798,0.255,internal_meeting
TR000175,BANK01,2024-07-17,17.0,,rail,414,,EMP12926,0.041,audit
TR000176,BANK01,2024-08-16,1310.7,,air_long,8738,,EMP34867,0.15,conference
TR000177,BANK01,2024-02-17,1121.1,,air_long,7474,,EMP36716,0.15,client_meeting
TR000178,BANK01,2024-06-01,22.9,,rail,558,,EMP39020,0.041,conference
TR000179,BANK01,2024-04-03,127.2,,car,744,,EMP04718,0.171,conference
TR000180,BANK01,2024-02-24,183.3,,air_short,719,,EMP15502,0.255,audit
TR000181,BANK01,2024-05-10,635.1,,air_long,4234,,EMP19538,0.15,internal_meeting
TR000182,BANK01,2024-11-05,30.8,,rail,752,,EMP41259,0.041,training
TR000183,BANK01,2024-07-20,492.4,,air_long,3283,,EMP42726,0.15,internal_meeting
TR000184,BANK01,2024-02-09,1198.8,,air_long,7992,,EMP44488,0.15,conference
TR000185,BANK01,2024-01-29,309.1,,air_short,1212,,EMP42466,0.255,training
TR000186,BANK01,2024-07-05,44.3,,car,259,,EMP42863,0.171,internal_meeting
TR000187,BANK01,2024-07-05,114.2,,car,668,,EMP27238,0.171,internal_meeting
TR000188,BANK01,2024-07-19,1165.5,,air_long,7770,,EMP35660,0.15,conference
TR000189,BANK01,2024-10-30,636.1,,air_long,4241,,EMP33871,0.15,audit
TR000190,BANK01,2024-10-27,11.6,,rail,282,,EMP45443,0.041,audit
TR000191,BANK01,2024-04-03,625.0,,air_long,4167,,EMP35986,0.15,conference
TR000192,BANK01,2024-02-23,142.8,,air_short,560,,EMP45575,0.255,internal_meeting
TR000193,BANK01,2024-08-03,91.0,,car,532,,EMP17159,0.171,client_meeting
TR000194,BANK01,2024-07-03,206.8,,air_short,811,,EMP04964,0.255,conference
TR000195,BANK01,2024-03-29,1136.5,,air_long,7577,,EMP17427,0.15,training
TR000196,BANK01,2024-08-11,260.9,,air_short,1023,,EMP30994,0.255,training
TR000197,BANK01,2024-07-04,158.1,,air_short,620,,EMP24157,0.255,internal_meeting
TR000198,BANK01,2024-08-11,45.3,,rail,1104,,EMP01693,0.041,internal_meeting
TR000199,BANK01,2024-03-31,155.3,,air_short,609,,EMP46760,0.255,audit
TR000200,BANK01,2024-09-26,103.6,,car,606,,EMP28760,0.171,audit
TR000201,BANK01,2024-11-28,1117.3,,air_long,7449,,EMP39232,0.15,conference
TR000202,BANK01,2024-09-12,158.1,,air_short,620,,EMP20304,0.255,training
TR000203,BANK01,2024-03-18,619.4,,air_long,4129,,EMP44857,0.15,audit
TR000204,BANK01,2024-01-26,81.6,,air_short,320,,EMP44846,0.255,audit
TR000205,BANK01,2024-06-28,30.6,,rail,747,,EMP20349,0.041,client_meeting
TR000206,BANK01,2024-06-12,13.4,,rail,327,,EMP00785,0.041,audit
TR000207,BANK01,2024-09-08,77.3,,air_short,303,,EMP38964,0.255,training
TR000208,BANK01,2024-10-07,303.7,,air_short,1191,,EMP34826,0.255,conference
TR000209,BANK01,2024-05-04,1190.5,,air_long,7937,,EMP21660,0.15,internal_meeting
TR000210,BANK01,2024-04-27,308.3,,air_short,1209,,EMP26767,0.255,internal_meeting
TR000211,BANK01,2024-08-08,35.7,,car,209,,EMP45377,0.171,internal_meeting
TR000212,BANK01,2024-09-05,648.8,,air_long,4325,,EMP14325,0.15,training
TR000213,BANK01,2024-06-14,336.9,,air_short,1321,,EMP03296,0.255,internal_meeting
TR000214,BANK01,2024-05-09,227.7,,air_short,893,,EMP00256,0.255,conference
TR000215,BANK01,2024-08-06,294.0,,air_short,1153,,EMP36941,0.255,internal_meeting
TR000216,BANK01,2024-07-28,44.9,,rail,1096,,EMP15483,0.041,conference
TR000217,BANK01,2024-11-06,354.4,,air_short,1390,,EMP07527,0.255,audit
TR000218,BANK01,2024-07-05,232.1,,air_short,910,,EMP28564,0.255,internal_meeting
TR000219,BANK01,2024-06-02,33.5,,rail,816,,EMP29518,0.041,audit
TR000220,BANK01,2024-05-05,34.5,,rail,841,,EMP07633,0.041,client_meeting
TR000221,BANK01,2024-11-03,26.1,,rail,637,,EMP47368,0.041,conference
TR000222,BANK01,2024-09-02,303.7,,air_short,1191,,EMP22214,0.255,training
TR000223,BANK01,2024-03-21,566.1,,air_long,3774,,EMP41957,0.15,client_meeting
TR000224,BANK01,2024-07-08,341.4,,air_short,1339,,EMP29123,0.255,conference
TR000225,BANK01,2024-09-22,104.5,,car,611,,EMP36883,0.171,conference
TR000226,BANK01,2024-04-05,333.8,,air_short,1309,,EMP47873,0.255,audit
TR000227,BANK01,2024-06-12,91.3,,air_short,358,,EMP00806,0.255,training
TR000228,BANK01,2024-10-08,135.7,,air_short,532,,EMP21109,0.255,training
TR000229,BANK01,2024-05-21,244.8,,air_short,960,,EMP14688,0.255,training
TR000230,BANK01,2024-02-22,123.6,,car,723,,EMP30760,0.171,internal_meeting
TR000231,BANK01,2024-05-01,198.6,,air_short,779,,EMP22036,0.255,internal_meeting
TR000232,BANK01,2024-06-09,1302.3,,air_long,8682,,EMP30953,0.15,audit
TR000233,BANK01,2024-04-05,37.3,,rail,910,,EMP33016,0.041,client_meeting
TR000234,BANK01,2024-11-18,45.2,,rail,1103,,EMP32034,0.041,training
TR000235,BANK01,2024-04-07,16.4,,rail,399,,EMP31202,0.041,conference
TR000236,BANK01,2024-08-21,111.5,,car,652,,EMP30728,0.171,internal_meeting
TR000237,BANK01,2024-07-29,24.8,,rail,606,,EMP25220,0.041,client_meeting
TR000238,BANK01,2024-01-06,46.3,,rail,1130,,EMP21954,0.041,client_meeting
TR000239,BANK01,2024-08-15,34.6,,rail,845,,EMP03039,0.041,internal_meeting
TR000240,BANK01,2024-01-09,6.4,,rail,155,,EMP05354,0.041,conference
TR000241,BANK01,2024-03-16,16.5,,rail,402,,EMP23311,0.041,conference
TR000242,BANK01,2024-06-19,580.8,,air_long,3872,,EMP01029,0.15,audit
TR000243,BANK01,2024-03-02,117.3,,air_short,460,,EMP32760,0.255,client_meeting
TR000244,BANK01,2024-11-22,474.8,,air_long,3165,,EMP18217,0.15,training
TR000245,BANK01,2024-09-13,7.0,,rail,170,,EMP43992,0.041,training
TR000246,BANK01,2024-10-08,248.4,,air_short,974,,EMP45265,0.255,client_meeting
TR000247,BANK01,2024-09-24,641.1,,air_long,4274,,EMP28665,0.15,internal_meeting
TR000248,BANK01,2024-06-27,130.6,,car,764,,EMP01576,0.171,client_meeting
TR000249,BANK01,2024-02-03,39.0,,rail,950,,EMP11907,0.041,internal_meeting
TR000250,BANK01,2024-01-15,701.9,,air_long,4679,,EMP29485,0.15,internal_meeting
TR000251,BANK01,2024-10-12,634.8,,air_long,4232,,EMP37301,0.15,internal_meeting
TR000252,BANK01,2024-08-30,375.9,,air_short,1474,,EMP14595,0.255,client_meeting
TR000253,BANK01,2024-10-16,1295.0,,air_long,8633,,EMP12598,0.15,client_meeting
TR000254,BANK01,2024-07-27,46.2,,car,270,,EMP02185,0.171,audit
TR000255,BANK01,2024-08-04,338.4,,air_short,1327,,EMP08102,0.255,conference
TR000256,BANK01,2024-07-30,356.2,,air_short,1397,,EMP43694,0.255,client_meeting
TR000257,BANK01,2024-07-01,69.8,,car,408,,EMP36971,0.171,conference
TR000258,BANK01,2024-11-23,12.5,,rail,305,,EMP20871,0.041,conference
TR000259,BANK01,2024-04-01,659.7,,air_long,4398,,EMP02563,0.15,training
TR000260,BANK01,2024-01-14,46.2,,rail,1128,,EMP04240,0.041,audit
TR000261,BANK01,2024-06-24,34.9,,car,204,,EMP13844,0.171,conference
TR000262,BANK01,2024-01-24,1188.6,,air_long,7924,,EMP09764,0.15,audit
TR000263,BANK01,2024-07-08,227.0,,air_short,890,,EMP05613,0.255,client_meeting
TR000264,BANK01,2024-07-13,24.6,,rail,601,,EMP26613,0.041,client_meeting
TR000265,BANK01,2024-11-21,751.0,,air_long,5007,,EMP22497,0.15,training
TR000266,BANK01,2024-01-09,23.5,,rail,573,,EMP18648,0.041,training
TR000267,BANK01,2024-06-20,280.2,,air_long,1868,,EMP20440,0.15,audit
TR000268,BANK01,2024-09-01,365.7,,air_short,1434,,EMP41039,0.255,client_meeting
TR000269,BANK01,2024-06-07,990.4,,air_long,6603,,EMP25194,0.15,audit
TR000270,BANK01,2024-12-22,40.8,,rail,995,,EMP22826,0.041,audit
TR000271,BANK01,2024-04-21,45.5,,car,266,,EMP36859,0.171,conference
TR000272,BANK01,2024-06-15,149.4,,air_short,586,,EMP23778,0.255,audit
TR000273,BANK01,2024-04-23,100.2,,car,586,,EMP47812,0.171,internal_meeting
TR000274,BANK01,2024-11-27,231.3,,air_short,907,,EMP17836,0.255,audit
TR000275,BANK01,2024-01-19,24.9,,rail,607,,EMP39812,0.041,client_meeting
TR000276,BANK01,2024-10-07,21.9,,rail,533,,EMP46535,0.041,client_meeting
TR000277,BANK01,2024-03-25,363.6,,air_short,1426,,EMP41417,0.255,training
TR000278,BANK01,2024-01-27,81.6,,air_short,320,,EMP28674,0.255,audit
TR000279,BANK01,2024-10-29,10.2,,rail,250,,EMP00912,0.041,audit
TR000280,BANK01,2024-04-24,106.7,,car,624,,EMP06728,0.171,client_meeting
TR000281,BANK01,2024-12-13,361.3,,air_short,1417,,EMP07117,0.255,internal_meeting
TR000282,BANK01,2024-06-15,12.6,,rail,307,,EMP16541,0.041,training
TR000283,BANK01,2024-02-27,85.3,,car,499,,EMP15181,0.171,internal_meeting
TR000284,BANK01,2024-07-25,30.8,,car,180,,EMP28926,0.171,audit
TR000285,BANK01,2024-09-12,436.5,,air_long,2910,,EMP23243,0.15,audit
TR000286,BANK01,2024-01-31,15.0,,car,88,,EMP36397,0.171,audit
TR000287,BANK01,2024-04-22,43.2,,rail,1054,,EMP42732,0.041,client_meeting
TR000288,BANK01,2024-03-29,39.7,,rail,968,,EMP18203,0.041,conference
TR000289,BANK01,2024-08-01,86.9,,car,508,,EMP05739,0.171,training
TR000290,BANK01,2024-08-08,214.7,,air_short,842,,EMP12148,0.255,training
TR000291,BANK01,2024-11-02,256.5,,air_short,1006,,EMP09401,0.255,conference
TR000292,BANK01,2024-12-03,35.1,,rail,855,,EMP05657,0.041,audit
TR000293,BANK01,2024-10-12,22.5,,rail,548,,EMP30338,0.041,client_meeting
TR000294,BANK01,2024-11-04,340.7,,air_short,1336,,EMP01371,0.255,internal_meeting
TR000295,BANK01,2024-06-15,24.8,,rail,604,,EMP25702,0.041,internal_meeting
TR000296,BANK01,2024-01-02,167.0,,air_short,655,,EMP27322,0.255,conference
TR000297,BANK01,2024-01-02,139.5,,air_short,547,,EMP17712,0.255,internal_meeting
TR000298,BANK01,2024-03-20,458.8,,air_long,3059,,EMP18509,0.15,training
TR000299,BANK01,2024-03-19,277.7,,air_short,1089,,EMP28197,0.255,client_meeting
TR000300,BANK01,2024-01-05,209.9,,air_short,823,,EMP04745,0.255,audit
TR000301,BANK01,2024-06-22,34.5,,rail,841,,EMP31539,0.041,client_meeting
TR000302,BANK01,2024-11-27,843.4,,air_long,5623,,EMP17949,0.15,audit
TR000303,BANK01,2024-03-18,91.0,,car,532,,EMP04707,0.171,conference
TR000304,BANK01,2024-04-18,236.6,,air_short,928,,EMP40522,0.255,conference
TR000305,BANK01,2024-08-28,1126.0,,air_long,7507,,EMP26655,0.15,internal_meeting
TR000306,BANK01,2024-08-16,414.9,,air_long,2766,,EMP29415,0.15,conference
TR000307,BANK01,2024-03-04,1308.9,,air_long,8726,,EMP33339,0.15,audit
TR000308,BANK01,2024-11-23,36.4,,rail,888,,EMP29252,0.041,conference
TR000309,BANK01,2024-05-17,16.8,,rail,409,,EMP18975,0.041,audit
TR000310,BANK01,2024-11-22,39.1,,rail,954,,EMP22714,0.041,conference
TR000311,BANK01,2024-11-05,286.9,,air_short,1125,,EMP46486,0.255,client_meeting
TR000312,BANK01,2024-08-12,122.1,,car,714,,EMP27702,0.171,audit
TR000313,BANK01,2024-03-04,173.9,,air_short,682,,EMP26007,0.255,internal_meeting
TR000314,BANK01,2024-06-03,68.2,,car,399,,EMP15947,0.171,client_meeting
TR000315,BANK01,2024-04-12,47.2,,car,276,,EMP12414,0.171,client_meeting
TR000316,BANK01,2024-07-25,5.4,,rail,132,,EMP26085,0.041,training
TR000317,BANK01,2024-10-02,418.5,,air_long,2790,,EMP08859,0.15,client_meeting
TR000318,BANK01,2024-11-25,129.8,,car,759,,EMP40279,0.171,training
TR000319,BANK01,2024-05-03,56.8,,car,332,,EMP43788,0.171,audit
TR000320,BANK01,2024-02-14,666.6,,air_long,4444,,EMP17046,0.15,training
TR000321,BANK01,2024-09-13,35.8,,rail,873,,EMP00807,0.041,conference
TR000322,BANK01,2024-05-28,70.3,,car,411,,EMP03907,0.171,conference
TR000323,BANK01,2024-09-10,150.2,,air_short,589,,EMP20378,0.255,audit
TR000324,BANK01,2024-10-08,32.3,,rail,789,,EMP41834,0.041,internal_meeting
TR000325,BANK01,2024-01-23,51.3,,car,300,,EMP22109,0.171,conference
TR000326,BANK01,2024-06-14,107.9,,air_short,423,,EMP05072,0.255,conference
TR000327,BANK01,2024-12-29,77.6,,car,454,,EMP08910,0.171,audit
TR000328,BANK01,2024-04-04,120.9,,car,707,,EMP23188,0.171,conference
TR000329,BANK01,2024-08-02,684.8,,air_long,4565,,EMP14053,0.15,audit
TR000330,BANK01,2024-01-22,280.8,,air_short,1101,,EMP19066,0.255,conference
TR000331,BANK01,2024-08-20,100.5,,car,588,,EMP44952,0.171,client_meeting
TR000332,BANK01,2024-01-06,42.6,,car,249,,EMP40575,0.171,audit
TR000333,BANK01,2024-07-19,68.2,,car,399,,EMP43579,0.171,internal_meeting
TR000334,BANK01,2024-11-29,817.6,,air_long,5451,,EMP11618,0.15,training
TR000335,BANK01,2024-11-15,1239.1,,air_long,8261,,EMP29419,0.15,audit
TR000336,BANK01,2024-03-27,18.5,,rail,451,,EMP15142,0.041,conference
TR000337,BANK01,2024-11-01,137.7,,air_short,540,,EMP10006,0.255,internal_meeting
TR000338,BANK01,2024-01-20,376.6,,air_short,1477,,EMP16773,0.255,client_meeting
TR000339,BANK01,2024-05-29,206.3,,air_short,809,,EMP24106,0.255,internal_meeting
TR000340,BANK01,2024-11-03,37.8,,rail,922,,EMP23659,0.041,training
TR000341,BANK01,2024-03-29,295.5,,air_long,1970,,EMP37617,0.15,training
TR000342,BANK01,2024-05-03,38.6,,rail,941,,EMP34292,0.041,conference
TR000343,BANK01,2024-05-23,121.9,,car,713,,EMP01119,0.171,training
TR000344,BANK01,2024-09-12,830.5,,air_long,5537,,EMP00893,0.15,conference
TR000345,BANK01,2024-03-15,28.7,,car,168,,EMP29085,0.171,client_meeting
TR000346,BANK01,2024-12-27,23.1,,rail,564,,EMP38507,0.041,audit
TR000347,BANK01,2024-12-10,177.2,,air_short,695,,EMP24561,0.255,conference
TR000348,BANK01,2024-06-08,13.8,,rail,336,,EMP05466,0.041,conference
TR000349,BANK01,2024-08-10,180.8,,air_short,709,,EMP00468,0.255,internal_meeting
TR000350,BANK01,2024-05-21,22.1,,car,129,,EMP25411,0.171,internal_meeting
TR000351,BANK01,2024-07-13,23.1,,rail,564,,EMP07666,0.041,client_meeting
TR000352,BANK01,2024-02-02,363.4,,air_short,1425,,EMP00512,0.255,conference
TR000353,BANK01,2024-05-08,310.8,,air_short,1219,,EMP30482,0.255,client_meeting
TR000354,BANK01,2024-02-07,133.9,,air_short,525,,EMP36313,0.255,audit
TR000355,BANK01,2024-04-29,80.7,,car,472,,EMP28900,0.171,training
TR000356,BANK01,2024-02-14,294.3,,air_short,1154,,EMP24189,0.255,conference
TR000357,BANK01,2024-05-02,19.4,,rail,472,,EMP07172,0.041,client_meeting
TR000358,BANK01,2024-02-20,173.4,,air_short,680,,EMP31388,0.255,client_meeting
TR000359,BANK01,2024-05-30,1137.3,,air_long,7582,,EMP11045,0.15,audit
TR000360,BANK01,2024-05-27,177.2,,air_short,695,,EMP29085,0.255,client_meeting
TR000361,BANK01,2024-09-12,34.9,,rail,852,,EMP05601,0.041,training
TR000362,BANK01,2024-11-12,143.6,,air_short,563,,EMP40898,0.255,conference
TR000363,BANK01,2024-09-26,37.1,,rail,906,,EMP20704,0.041,conference
TR000364,BANK01,2024-02-29,112.7,,car,659,,EMP46806,0.171,conference
TR000365,BANK01,2024-02-24,25.0,,rail,610,,EMP31284,0.041,training
TR000366,BANK01,2024-05-14,53.7,,car,314,,EMP10649,0.171,client_meeting
TR000367,BANK01,2024-08-13,337.9,,air_short,1325,,EMP27294,0.255,internal_meeting
TR000368,BANK01,2024-05-15,182.8,,air_short,717,,EMP46790,0.255,client_meeting
TR000369,BANK01,2024-06-13,38.5,,rail,939,,EMP39133,0.041,training
TR000370,BANK01,2024-08-31,103.5,,car,605,,EMP23062,0.171,client_meeting
TR000371,BANK01,2024-09-09,80.3,,air_short,315,,EMP05949,0.255,conference
TR000372,BANK01,2024-04-15,76.3,,car,446,,EMP06834,0.171,client_meeting
TR000373,BANK01,2024-02-16,142.0,,air_short,557,,EMP14527,0.255,audit
TR000374,BANK01,2024-06-11,17.7,,rail,432,,EMP16017,0.041,conference
TR000375,BANK01,2024-01-16,39.5,,rail,964,,EMP00801,0.041,client_meeting
TR000376,BANK01,2024-01-30,15.0,,rail,365,,EMP47370,0.041,conference
TR000377,BANK01,2024-08-03,28.5,,rail,695,,EMP08060,0.041,training
TR000378,BANK01,2024-08-30,166.5,,air_short,653,,EMP16612,0.255,training
TR000379,BANK01,2024-03-15,56.6,,car,331,,EMP34615,0.171,internal_meeting
TR000380,BANK01,2024-02-07,108.9,,air_short,427,,EMP08277,0.255,client_meeting
TR000381,BANK01,2024-09-22,546.4,,air_long,3643,,EMP14701,0.15,audit
TR000382,BANK01,2024-05-01,32.5,,rail,792,,EMP09753,0.041,training
TR000383,BANK01,2024-09-10,34.2,,car,200,,EMP04236,0.171,training
TR000384,BANK01,2024-05-18,456.3,,air_long,3042,,EMP28388,0.15,audit
TR000385,BANK01,2024-05-27,6.9,,rail,169,,EMP42309,0.041,client_meeting
TR000386,BANK01,2024-12-11,187.7,,air_short,736,,EMP42065,0.255,training
TR000387,BANK01,2024-09-11,12.9,,rail,315,,EMP00779,0.041,audit
TR000388,BANK01,2024-10-22,44.7,,rail,1090,,EMP28065,0.041,training
TR000389,BANK01,2024-04-26,290.7,,air_long,1938,,EMP34531,0.15,client_meeting
TR000390,BANK01,2024-09-07,244.8,,air_short,960,,EMP18579,0.255,training
TR000391,BANK01,2024-07-09,131.3,,car,768,,EMP14608,0.171,audit
TR000392,BANK01,2024-12-06,1157.7,,air_long,7718,,EMP06146,0.15,conference
TR000393,BANK01,2024-12-06,416.8,,air_long,2779,,EMP05014,0.15,conference
TR000394,BANK01,2024-04-19,25.4,,rail,620,,EMP36931,0.041,conference
TR000395,BANK01,2024-10-12,136.7,,air_short,536,,EMP26073,0.255,audit
TR000396,BANK01,2024-03-27,5.6,,rail,136,,EMP23493,0.041,audit
TR000397,BANK01,2024-03-19,261.4,,air_short,1025,,EMP37390,0.255,audit
TR000398,BANK01,2024-09-15,215.7,,air_short,846,,EMP26098,0.255,client_meeting
TR000399,BANK01,2024-08-06,1135.5,,air_long,7570,,EMP05044,0.15,client_meeting
TR000400,BANK01,2024-11-21,257.3,,air_short,1009,,EMP45220,0.255,conference
TR000401,BANK01,2024-12-01,331.2,,air_short,1299,,EMP34914,0.255,client_meeting
TR000402,BANK01,2024-03-01,334.3,,air_long,2229,,EMP43762,0.15,conference
TR000403,BANK01,2024-03-23,105.5,,car,617,,EMP09734,0.171,internal_meeting
TR000404,BANK01,2024-09-12,118.8,,air_short,466,,EMP31854,0.255,internal_meeting
TR000405,BANK01,2024-08-05,188.2,,air_short,738,,EMP08080,0.255,internal_meeting
TR000406,BANK01,2024-03-30,11.8,,rail,288,,EMP18303,0.041,conference
TR000407,BANK01,2024-11-29,16.2,,rail,394,,EMP20680,0.041,conference
TR000408,BANK01,2024-12-12,332.3,,air_short,1303,,EMP06635,0.255,training
TR000409,BANK01,2024-08-12,25.3,,rail,617,,EMP02274,0.041,audit
TR000410,BANK01,2024-09-17,327.7,,air_short,1285,,EMP42565,0.255,conference
TR000411,BANK01,2024-06-17,226.4,,air_short,888,,EMP43419,0.255,audit
TR000412,BANK01,2024-07-02,248.6,,air_short,975,,EMP23865,0.255,audit
TR000413,BANK01,2024-09-07,710.7,,air_long,4738,,EMP11937,0.15,internal_meeting
TR000414,BANK01,2024-11-16,782.5,,air_long,5217,,EMP34117,0.15,client_meeting
TR000415,BANK01,2024-06-13,381.8,,air_long,2545,,EMP15687,0.15,client_meeting
TR000416,BANK01,2024-01-16,114.8,,air_short,450,,EMP07007,0.255,conference
TR000417,BANK01,2024-07-26,271.1,,air_short,1063,,EMP17049,0.255,audit
TR000418,BANK01,2024-02-23,350.6,,air_short,1375,,EMP47953,0.255,internal_meeting
TR000419,BANK01,2024-10-12,142.3,,air_short,558,,EMP02188,0.255,conference
TR000420,BANK01,2024-01-31,31.1,,rail,758,,EMP31098,0.041,audit
TR000421,BANK01,2024-01-07,381.7,,air_short,1497,,EMP31460,0.255,audit
TR000422,BANK01,2024-09-02,99.4,,car,581,,EMP13442,0.171,audit
TR000423,BANK01,2024-03-12,194.1,,air_short,761,,EMP12177,0.255,conference
TR000424,BANK01,2024-07-09,21.6,,rail,528,,EMP04431,0.041,client_meeting
TR000425,BANK01,2024-11-02,29.4,,rail,717,,EMP46817,0.041,audit
TR000426,BANK01,2024-11-22,4.3,,rail,106,,EMP29116,0.041,training
TR000427,BANK01,2024-02-19,103.6,,car,606,,EMP08081,0.171,internal_meeting
TR000428,BANK01,2024-07-21,25.1,,rail,612,,EMP17471,0.041,internal_meeting
TR000429,BANK01,2024-09-06,267.8,,air_short,1050,,EMP28812,0.255,client_meeting
TR000430,BANK01,2024-09-22,197.9,,air_short,776,,EMP33273,0.255,internal_meeting
TR000431,BANK01,2024-09-18,125.3,,car,733,,EMP08148,0.171,client_meeting
TR000432,BANK01,2024-01-30,23.6,,rail,575,,EMP21104,0.041,internal_meeting
TR000433,BANK01,2024-10-10,45.4,,rail,1107,,EMP38769,0.041,internal_meeting
TR000434,BANK01,2024-02-05,46.9,,car,274,,EMP30442,0.171,training
TR000435,BANK01,2024-01-18,348.1,,air_long,2321,,EMP14180,0.15,conference
TR000436,BANK01,2024-02-01,39.0,,rail,952,,EMP32337,0.041,conference
TR000437,BANK01,2024-08-08,198.1,,air_short,777,,EMP04528,0.255,client_meeting
TR000438,BANK01,2024-05-05,13.0,,car,76,,EMP38992,0.171,conference
TR000439,BANK01,2024-01-30,135.9,,air_short,533,,EMP44904,0.255,internal_meeting
TR000440,BANK01,2024-10-19,798.1,,air_long,5321,,EMP31828,0.15,internal_meeting
TR000441,BANK01,2024-05-26,127.2,,air_short,499,,EMP00955,0.255,training
TR000442,BANK01,2024-04-03,810.9,,air_long,5406,,EMP25635,0.15,training
TR000443,BANK01,2024-05-18,381.0,,air_long,2540,,EMP36627,0.15,conference
TR000444,BANK01,2024-06-17,264.4,,air_short,1037,,EMP27827,0.255,internal_meeting
TR000445,BANK01,2024-11-15,22.5,,rail,548,,EMP28912,0.041,client_meeting
TR000446,BANK01,2024-09-01,311.6,,air_short,1222,,EMP22649,0.255,audit
TR000447,BANK01,2024-12-25,23.7,,rail,579,,EMP45569,0.041,training
TR000448,BANK01,2024-05-22,357.0,,air_short,1400,,EMP17240,0.255,training
TR000449,BANK01,2024-05-14,1139.2,,air_long,7595,,EMP29312,0.15,training
TR000450,BANK01,2024-07-04,18.1,,car,106,,EMP41671,0.171,client_meeting
TR000451,BANK01,2024-05-23,81.9,,car,479,,EMP31743,0.171,client_meeting
TR000452,BANK01,2024-11-26,13.9,,rail,339,,EMP25793,0.041,conference
TR000453,BANK01,2024-05-11,6.1,,rail,149,,EMP14686,0.041,client_meeting
TR000454,BANK01,2024-09-02,93.8,,air_short,368,,EMP41293,0.255,client_meeting
TR000455,BANK01,2024-06-07,26.9,,rail,656,,EMP23551,0.041,audit
TR000456,BANK01,2024-01-12,102.0,,air_short,400,,EMP02452,0.255,training
TR000457,BANK01,2024-08-24,34.2,,rail,834,,EMP40847,0.041,conference
TR000458,BANK01,2024-03-28,588.3,,air_long,3922,,EMP23004,0.15,training
TR000459,BANK01,2024-08-05,1325.0,,air_long,8833,,EMP25973,0.15,internal_meeting
TR000460,BANK01,2024-01-21,296.8,,air_short,1164,,EMP34757,0.255,conference
TR000461,BANK01,2024-12-07,46.7,,rail,1138,,EMP11183,0.041,client_meeting
TR000462,BANK01,2024-07-09,18.9,,rail,462,,EMP43115,0.041,client_meeting
TR000463,BANK01,2024-06-06,31.8,,rail,775,,EMP01475,0.041,internal_meeting
TR000464,BANK01,2024-02-06,87.7,,air_short,344,,EMP16825,0.255,conference
TR000465,BANK01,2024-07-17,44.7,,rail,1091,,EMP43340,0.041,internal_meeting
TR000466,BANK01,2024-03-21,129.4,,car,757,,EMP14989,0.171,internal_meeting
TR000467,BANK01,2024-07-04,315.9,,air_short,1239,,EMP10628,0.255,training
TR000468,BANK01,2024-05-22,53.0,,car,310,,EMP19171,0.171,conference
TR000469,BANK01,2024-05-08,46.5,,rail,1134,,EMP11798,0.041,training
TR000470,BANK01,2024-02-15,359.6,,air_short,1410,,EMP04412,0.255,internal_meeting
TR000471,BANK01,2024-10-31,94.7,,car,554,,EMP46687,0.171,internal_meeting
TR000472,BANK01,2024-05-16,31.3,,rail,764,,EMP06051,0.041,training
TR000473,BANK01,2024-12-04,9.4,,car,55,,EMP37647,0.171,training
TR000474,BANK01,2024-03-20,538.4,,air_long,3589,,EMP38014,0.15,training
TR000475,BANK01,2024-05-04,5.6,,rail,137,,EMP31234,0.041,conference
TR000476,BANK01,2024-04-15,738.6,,air_long,4924,,EMP30804,0.15,conference
TR000477,BANK01,2024-02-27,529.9,,air_long,3533,,EMP22978,0.15,audit
TR000478,BANK01,2024-10-02,357.3,,air_short,1401,,EMP08310,0.255,audit
TR000479,BANK01,2024-12-21,759.8,,air_long,5065,,EMP27860,0.15,conference
TR000480,BANK01,2024-07-05,14.2,,rail,346,,EMP12434,0.041,internal_meeting
TR000481,BANK01,2024-11-28,379.9,,air_long,2533,,EMP43111,0.15,audit
TR000482,BANK01,2024-06-30,310.6,,air_short,1218,,EMP34797,0.255,conference
TR000483,BANK01,2024-07-10,13.9,,rail,339,,EMP41180,0.041,conference
TR000484,BANK01,2024-12-04,39.0,,rail,951,,EMP03042,0.041,training
TR000485,BANK01,2024-01-18,27.9,,car,163,,EMP17806,0.171,training
TR000486,BANK01,2024-12-22,15.4,,rail,376,,EMP01198,0.041,client_meeting
TR000487,BANK01,2024-11-13,223.6,,air_short,877,,EMP41937,0.255,audit
TR000488,BANK01,2024-07-18,31.6,,car,185,,EMP24262,0.171,internal_meeting
TR000489,BANK01,2024-06-21,1142.0,,air_long,7613,,EMP22062,0.15,conference
TR000490,BANK01,2024-05-19,483.6,,air_long,3224,,EMP45210,0.15,internal_meeting
TR000491,BANK01,2024-12-17,250.7,,air_short,983,,EMP00647,0.255,conference
TR000492,BANK01,2024-12-22,321.8,,air_short,1262,,EMP46320,0.255,internal_meeting
TR000493,BANK01,2024-01-31,626.7,,air_long,4178,,EMP32636,0.15,audit
TR000494,BANK01,2024-07-25,17.3,,rail,422,,EMP27944,0.041,client_meeting
TR000495,BANK01,2024-08-25,297.6,,air_short,1167,,EMP12282,0.255,conference
TR000496,BANK01,2024-05-26,18.6,,rail,453,,EMP39326,0.041,internal_meeting
TR000497,BANK01,2024-02-22,44.6,,rail,1087,,EMP26091,0.041,conference
TR000498,BANK01,2024-05-11,326.1,,air_short,1279,,EMP34440,0.255,internal_meeting
TR000499,BANK01,2024-10-27,131.8,,air_short,517,,EMP04236,0.255,client_meeting
TR000500,BANK01,2024-08-29,940.0,,air_long,6267,,EMP44997,0.15,internal_meeting
TR000501,BANK01,2024-11-06,168.3,,air_short,660,,EMP25441,0.255,client_meeting
TR000502,BANK01,2024-09-17,325.1,,air_short,1275,,EMP40953,0.255,internal_meeting
TR000503,BANK01,2024-02-02,326.1,,air_short,1279,,EMP34334,0.255,internal_meeting
TR000504,BANK01,2024-09-02,237.2,,air_short,930,,EMP13665,0.255,training
TR000505,BANK01,2024-05-24,302.2,,air_short,1185,,EMP40863,0.255,client_meeting
TR000506,BANK01,2024-11-23,35.9,,rail,876,,EMP37829,0.041,training
TR000507,BANK01,2024-08-03,108.8,,car,636,,EMP19696,0.171,training
TR000508,BANK01,2024-11-02,111.9,,air_short,439,,EMP30288,0.255,client_meeting
TR000509,BANK01,2024-11-30,262.9,,air_short,1031,,EMP05382,0.255,internal_meeting
TR000510,BANK01,2024-07-07,174.9,,air_short,686,,EMP03904,0.255,audit
TR000511,BANK01,2024-05-09,121.6,,car,711,,EMP37989,0.171,internal_meeting
TR000512,BANK01,2024-04-16,228.0,,air_short,894,,EMP44281,0.255,conference
TR000513,BANK01,2024-06-02,226.2,,air_short,887,,EMP32828,0.255,conference
TR000514,BANK01,2024-11-18,326.7,,air_short,1281,,EMP36038,0.255,training
TR000515,BANK01,2024-03-10,203.5,,air_short,798,,EMP31123,0.255,client_meeting
TR000516,BANK01,2024-07-02,78.7,,car,460,,EMP10380,0.171,client_meeting
TR000517,BANK01,2024-08-15,36.1,,car,211,,EMP27822,0.171,audit
TR000518,BANK01,2024-09-18,29.7,,rail,725,,EMP46069,0.041,internal_meeting
TR000519,BANK01,2024-10-28,42.8,,rail,1044,,EMP31944,0.041,internal_meeting
TR000520,BANK01,2024-03-28,26.6,,rail,649,,EMP05195,0.041,audit
TR000521,BANK01,2024-05-11,93.9,,car,549,,EMP31466,0.171,conference
TR000522,BANK01,2024-01-10,11.1,,rail,270,,EMP19305,0.041,conference
TR000523,BANK01,2024-06-09,958.3,,air_long,6389,,EMP24963,0.15,internal_meeting
TR000524,BANK01,2024-02-08,93.5,,car,547,,EMP14445,0.171,audit
TR000525,BANK01,2024-12-26,85.9,,air_short,337,,EMP05079,0.255,client_meeting
TR000526,BANK01,2024-05-23,921.4,,air_long,6143,,EMP39004,0.15,internal_meeting
TR000527,BANK01,2024-07-05,8.8,,rail,215,,EMP27679,0.041,conference
TR000528,BANK01,2024-06-11,582.6,,air_long,3884,,EMP23436,0.15,client_meeting
TR000529,BANK01,2024-02-10,185.9,,air_short,729,,EMP43367,0.255,client_meeting
TR000530,BANK01,2024-08-14,73.2,,car,428,,EMP25931,0.171,internal_meeting
TR000531,BANK01,2024-12-21,92.0,,car,538,,EMP03771,0.171,client_meeting
TR000532,BANK01,2024-04-07,42.8,,rail,1044,,EMP37174,0.041,client_meeting
TR000533,BANK01,2024-04-29,13.3,,car,78,,EMP32747,0.171,client_meeting
TR000534,BANK01,2024-04-19,130.6,,air_short,512,,EMP29698,0.255,internal_meeting
TR000535,BANK01,2024-02-20,23.1,,car,135,,EMP00374,0.171,training
TR000536,BANK01,2024-03-21,10.5,,rail,257,,EMP40409,0.041,internal_meeting
TR000537,BANK01,2024-04-16,81.2,,car,475,,EMP05069,0.171,audit
TR000538,BANK01,2024-03-28,1265.1,,air_long,8434,,EMP03474,0.15,training
TR000539,BANK01,2024-01-22,103.5,,car,605,,EMP47309,0.171,training
TR000540,BANK01,2024-06-22,14.2,,car,83,,EMP19847,0.171,client_meeting
TR000541,BANK01,2024-02-27,241.2,,air_short,946,,EMP46382,0.255,audit
TR000542,BANK01,2024-11-03,92.9,,car,543,,EMP26623,0.171,internal_meeting
TR000543,BANK01,2024-08-11,45.6,,rail,1112,,EMP39778,0.041,conference
TR000544,BANK01,2024-03-17,247.3,,air_short,970,,EMP24644,0.255,training
TR000545,BANK01,2024-06-07,1253.8,,air_long,8359,,EMP11762,0.15,conference
TR000546,BANK01,2024-09-13,124.5,,car,728,,EMP45368,0.171,conference
TR000547,BANK01,2024-03-22,25.7,,rail,628,,EMP33963,0.041,conference
TR000548,BANK01,2024-10-12,13.8,,rail,337,,EMP36816,0.041,client_meeting
TR000549,BANK01,2024-09-12,908.5,,air_long,6057,,EMP37194,0.15,training
TR000550,BANK01,2024-10-07,332.3,,air_short,1303,,EMP32238,0.255,conference
TR000551,BANK01,2024-05-28,54.4,,car,318,,EMP17750,0.171,client_meeting
TR000552,BANK01,2024-03-15,117.8,,car,689,,EMP17078,0.171,conference
TR000553,BANK01,2024-01-23,876.3,,air_long,5842,,EMP22712,0.15,client_meeting
TR000554,BANK01,2024-12-02,141.0,,air_short,553,,EMP33542,0.255,conference
TR000555,BANK01,2024-08-15,52.7,,car,308,,EMP40464,0.171,client_meeting
TR000556,BANK01,2024-12-06,209.4,,air_short,821,,EMP36926,0.255,audit
TR000557,BANK01,2024-12-03,154.5,,air_short,606,,EMP25045,0.255,audit
TR000558,BANK01,2024-05-15,81.9,,air_short,321,,EMP05100,0.255,internal_meeting
TR000559,BANK01,2024-11-01,805.4,,air_long,5369,,EMP14787,0.15,conference
TR000560,BANK01,2024-03-03,1064.4,,air_long,7096,,EMP16488,0.15,conference
TR000561,BANK01,2024-01-08,6.5,,rail,159,,EMP28340,0.041,client_meeting
TR000562,BANK01,2024-01-04,13.4,,rail,327,,EMP35186,0.041,client_meeting
TR000563,BANK01,2024-05-25,39.8,,car,233,,EMP33221,0.171,training
TR000564,BANK01,2024-09-04,304.5,,air_short,1194,,EMP28043,0.255,conference
TR000565,BANK01,2024-02-17,45.1,,rail,1099,,EMP45093,0.041,audit
TR000566,BANK01,2024-03-01,23.6,,rail,576,,EMP38417,0.041,training
TR000567,BANK01,2024-03-31,155.3,,air_short,609,,EMP29654,0.255,training
TR000568,BANK01,2024-05-23,20.5,,rail,501,,EMP30400,0.041,client_meeting
TR000569,BANK01,2024-06-25,128.8,,car,753,,EMP02946,0.171,audit
TR000570,BANK01,2024-11-17,28.1,,rail,686,,EMP30496,0.041,conference
TR000571,BANK01,2024-12-09,6.5,,rail,159,,EMP11559,0.041,internal_meeting
TR000572,BANK01,2024-04-20,287.9,,air_short,1129,,EMP34873,0.255,conference
TR000573,BANK01,2024-09-08,83.9,,air_short,329,,EMP23441,0.255,client_meeting
TR000574,BANK01,2024-11-30,18.2,,rail,444,,EMP03098,0.041,conference
TR000575,BANK01,2024-11-12,23.1,,rail,563,,EMP22089,0.041,training
TR000576,BANK01,2024-07-12,77.0,,car,450,,EMP28713,0.171,client_meeting
TR000577,BANK01,2024-07-22,411.3,,air_long,2742,,EMP35501,0.15,internal_meeting
TR000578,BANK01,2024-09-19,388.1,,air_long,2587,,EMP24623,0.15,conference
TR000579,BANK01,2024-04-01,151.7,,air_short,595,,EMP09711,0.255,training
TR000580,BANK01,2024-05-17,76.3,,car,446,,EMP40269,0.171,client_meeting
TR000581,BANK01,2024-10-13,43.0,,rail,1048,,EMP42562,0.041,conference
TR000582,BANK01,2024-03-01,119.9,,car,701,,EMP18843,0.171,client_meeting
TR000583,BANK01,2024-05-29,65.0,,car,380,,EMP35384,0.171,audit
TR000584,BANK01,2024-05-21,202.2,,air_short,793,,EMP00382,0.255,conference
TR000585,BANK01,2024-09-30,240.0,,air_short,941,,EMP46460,0.255,audit
TR000586,BANK01,2024-10-16,7.3,,rail,178,,EMP18083,0.041,internal_meeting
TR000587,BANK01,2024-01-27,574.6,,air_long,3831,,EMP40017,0.15,training
TR000588,BANK01,2024-03-05,26.2,,rail,638,,EMP00968,0.041,conference
TR000589,BANK01,2024-05-14,17.5,,rail,427,,EMP27883,0.041,training
TR000590,BANK01,2024-01-26,174.7,,air_short,685,,EMP41326,0.255,client_meeting
TR000591,BANK01,2024-09-03,66.0,,car,386,,EMP19581,0.171,internal_meeting
TR000592,BANK01,2024-04-02,103.3,,car,604,,EMP18531,0.171,conference
TR000593,BANK01,2024-06-15,276.2,,air_short,1083,,EMP32859,0.255,client_meeting
TR000594,BANK01,2024-07-08,611.7,,air_long,4078,,EMP00862,0.15,internal_meeting
TR000595,BANK01,2024-02-29,73.2,,car,428,,EMP03676,0.171,internal_meeting
TR000596,BANK01,2024-10-10,208.3,,air_short,817,,EMP28687,0.255,audit
TR000597,BANK01,2024-11-14,241.5,,air_long,1610,,EMP13649,0.15,client_meeting
TR000598,BANK01,2024-02-17,12.8,,car,75,,EMP23519,0.171,training
TR000599,BANK01,2024-11-19,88.0,,air_short,345,,EMP16928,0.255,client_meeting
TR000600,BANK01,2024-11-05,83.4,,car,488,,EMP38043,0.171,internal_meeting
TR000601,BANK01,2024-03-15,156.8,,air_short,615,,EMP40958,0.255,conference
TR000602,BANK01,2024-08-26,41.7,,rail,1017,,EMP33485,0.041,audit
TR000603,BANK01,2024-11-04,372.6,,air_short,1461,,EMP13347,0.255,client_meeting
TR000604,BANK01,2024-01-24,675.9,,air_long,4506,,EMP26966,0.15,conference
TR000605,BANK01,2024-04-15,233.8,,air_short,917,,EMP31273,0.255,audit
TR000606,BANK01,2024-10-17,102.3,,car,598,,EMP04556,0.171,internal_meeting
TR000607,BANK01,2024-06-01,41.7,,car,244,,EMP28225,0.171,internal_meeting
TR000608,BANK01,2024-06-05,23.3,,car,136,,EMP43109,0.171,training
TR000609,BANK01,2024-07-07,39.4,,rail,961,,EMP07691,0.041,client_meeting
TR000610,BANK01,2024-12-25,13.2,,rail,322,,EMP25001,0.041,internal_meeting
TR000611,BANK01,2024-10-23,41.7,,rail,1016,,EMP36084,0.041,conference
TR000612,BANK01,2024-01-05,31.0,,car,181,,EMP13008,0.171,training
TR000613,BANK01,2024-09-25,186.2,,air_short,730,,EMP33958,0.255,internal_meeting
TR000614,BANK01,2024-01-14,374.1,,air_short,1467,,EMP21260,0.255,audit
TR000615,BANK01,2024-01-13,5.5,,rail,133,,EMP00378,0.041,training
TR000616,BANK01,2024-06-04,361.6,,air_short,1418,,EMP33758,0.255,conference
TR000617,BANK01,2024-03-23,337.4,,air_short,1323,,EMP02807,0.255,conference
TR000618,BANK01,2024-07-30,340.7,,air_short,1336,,EMP13274,0.255,audit
TR000619,BANK01,2024-10-11,183.6,,air_short,720,,EMP03794,0.255,audit
TR000620,BANK01,2024-08-23,16.1,,car,94,,EMP36979,0.171,client_meeting
TR000621,BANK01,2024-09-12,379.7,,air_short,1489,,EMP30418,0.255,client_meeting
TR000622,BANK01,2024-07-21,12.4,,rail,303,,EMP45377,0.041,internal_meeting
TR000623,BANK01,2024-08-23,370.5,,air_short,1453,,EMP26462,0.255,audit
TR000624,BANK01,2024-10-20,82.6,,car,483,,EMP35681,0.171,conference
TR000625,BANK01,2024-09-25,273.9,,air_short,1074,,EMP44626,0.255,client_meeting
TR000626,BANK01,2024-03-24,63.1,,car,369,,EMP47639,0.171,training
TR000627,BANK01,2024-08-04,215.5,,air_short,845,,EMP01523,0.255,audit
TR000628,BANK01,2024-05-26,15.3,,rail,374,,EMP41373,0.041,client_meeting
TR000629,BANK01,2024-03-04,41.2,,rail,1006,,EMP14218,0.041,client_meeting
TR000630,BANK01,2024-01-03,26.3,,rail,641,,EMP47506,0.041,audit
TR000631,BANK01,2024-08-21,25.8,,rail,629,,EMP34781,0.041,audit
TR000632,BANK01,2024-05-10,48.9,,rail,1193,,EMP12609,0.041,conference
TR000633,BANK01,2024-11-20,129.6,,car,758,,EMP30007,0.171,internal_meeting
TR000634,BANK01,2024-09-15,347.7,,air_long,2318,,EMP43907,0.15,client_meeting
TR000635,BANK01,2024-06-12,1143.8,,air_long,7625,,EMP03678,0.15,audit
TR000636,BANK01,2024-01-13,47.4,,car,277,,EMP41966,0.171,audit
TR000637,BANK01,2024-03-29,235.5,,air_long,1570,,EMP34344,0.15,training
TR000638,BANK01,2024-09-26,13.0,,rail,318,,EMP27412,0.041,audit
TR000639,BANK01,2024-09-06,1325.1,,air_long,8834,,EMP20974,0.15,audit
TR000640,BANK01,2024-02-09,43.6,,car,255,,EMP46820,0.171,training
TR000641,BANK01,2024-07-17,125.5,,car,734,,EMP22166,0.171,internal_meeting
TR000642,BANK01,2024-02-26,220.3,,air_short,864,,EMP12871,0.255,conference
TR000643,BANK01,2024-06-29,134.9,,car,789,,EMP02558,0.171,audit
TR000644,BANK01,2024-01-08,390.6,,air_long,2604,,EMP20245,0.15,conference
TR000645,BANK01,2024-08-14,535.9,,air_long,3573,,EMP21762,0.15,conference
TR000646,BANK01,2024-12-23,277.9,,air_short,1090,,EMP40270,0.255,conference
TR000647,BANK01,2024-03-05,1260.1,,air_long,8401,,EMP41362,0.15,training
TR000648,BANK01,2024-08-04,67.0,,car,392,,EMP36846,0.171,conference
TR000649,BANK01,2024-03-10,928.5,,air_long,6190,,EMP10618,0.15,conference
TR000650,BANK01,2024-02-20,278.6,,air_long,1857,,EMP01539,0.15,training
TR000651,BANK01,2024-08-12,99.0,,car,579,,EMP10725,0.171,internal_meeting
TR000652,BANK01,2024-03-10,22.4,,rail,547,,EMP40380,0.041,internal_meeting
TR000653,BANK01,2024-11-27,35.6,,car,208,,EMP23472,0.171,training
TR000654,BANK01,2024-07-30,1133.8,,air_long,7559,,EMP36897,0.15,conference
TR000655,BANK01,2024-09-11,78.8,,car,461,,EMP24441,0.171,training
TR000656,BANK01,2024-11-29,30.3,,rail,739,,EMP32153,0.041,client_meeting
TR000657,BANK01,2024-04-28,38.5,,rail,940,,EMP31526,0.041,training
TR000658,BANK01,2024-03-17,284.6,,air_short,1116,,EMP05057,0.255,conference
TR000659,BANK01,2024-10-26,1276.0,,air_long,8507,,EMP02384,0.15,conference
TR000660,BANK01,2024-11-01,95.4,,air_short,374,,EMP03078,0.255,client_meeting
TR000661,BANK01,2024-06-08,1250.4,,air_long,8336,,EMP22271,0.15,internal_meeting
TR000662,BANK01,2024-03-07,126.5,,air_short,496,,EMP26224,0.255,conference
TR000663,BANK01,2024-04-02,4.4,,rail,108,,EMP20631,0.041,internal_meeting
TR000664,BANK01,2024-04-11,363.6,,air_short,1426,,EMP44992,0.255,client_meeting
TR000665,BANK01,2024-07-10,418.9,,air_long,2793,,EMP26008,0.15,conference
TR000666,BANK01,2024-09-29,41.7,,rail,1016,,EMP41105,0.041,conference
TR000667,BANK01,2024-04-19,14.0,,rail,341,,EMP06109,0.041,training
TR000668,BANK01,2024-05-18,153.0,,air_short,600,,EMP26683,0.255,internal_meeting
TR000669,BANK01,2024-10-21,315.7,,air_short,1238,,EMP20324,0.255,training
TR000670,BANK01,2024-12-17,15.9,,rail,387,,EMP44152,0.041,training
TR000671,BANK01,2024-12-10,243.5,,air_short,955,,EMP32136,0.255,training
TR000672,BANK01,2024-12-24,291.2,,air_short,1142,,EMP24512,0.255,audit
TR000673,BANK01,2024-06-24,134.7,,car,788,,EMP32672,0.171,training
TR000674,BANK01,2024-01-31,30.7,,rail,748,,EMP12275,0.041,training
TR000675,BANK01,2024-03-25,31.2,,rail,761,,EMP34696,0.041,internal_meeting
TR000676,BANK01,2024-01-11,128.0,,air_short,502,,EMP15139,0.255,internal_meeting
TR000677,BANK01,2024-05-22,45.6,,rail,1113,,EMP46197,0.041,training
TR000678,BANK01,2024-10-30,23.2,,rail,566,,EMP09535,0.041,training
TR000679,BANK01,2024-11-25,314.9,,air_short,1235,,EMP45432,0.255,training
TR000680,BANK01,2024-05-14,88.1,,car,515,,EMP08486,0.171,conference
TR000681,BANK01,2024-05-31,46.9,,rail,1144,,EMP43352,0.041,client_meeting
TR000682,BANK01,2024-02-08,41.9,,rail,1022,,EMP43196,0.041,client_meeting
TR000683,BANK01,2024-11-10,375.4,,air_short,1472,,EMP11387,0.255,audit
TR000684,BANK01,2024-05-12,374.1,,air_short,1467,,EMP41685,0.255,internal_meeting
TR000685,BANK01,2024-06-27,338.9,,air_short,1329,,EMP33157,0.255,audit
TR000686,BANK01,2024-10-30,1289.8,,air_long,8599,,EMP33799,0.15,client_meeting
TR000687,BANK01,2024-05-13,266.2,,air_short,1044,,EMP34655,0.255,internal_meeting
TR000688,BANK01,2024-11-29,259.6,,air_short,1018,,EMP07667,0.255,internal_meeting
TR000689,BANK01,2024-01-29,54.9,,car,321,,EMP18038,0.171,conference
TR000690,BANK01,2024-04-20,5.8,,rail,141,,EMP42750,0.041,client_meeting
TR000691,BANK01,2024-05-29,115.3,,car,674,,EMP42498,0.171,internal_meeting
TR000692,BANK01,2024-01-11,311.4,,air_short,1221,,EMP40592,0.255,conference
TR000693,BANK01,2024-11-22,140.8,,air_short,552,,EMP04806,0.255,client_meeting
TR000694,BANK01,2024-02-18,30.0,,rail,731,,EMP09974,0.041,audit
TR000695,BANK01,2024-10-25,210.1,,air_short,824,,EMP33111,0.255,internal_meeting
TR000696,BANK01,2024-01-15,45.0,,rail,1098,,EMP24244,0.041,conference
TR000697,BANK01,2024-03-07,270.0,,air_short,1059,,EMP26358,0.255,conference
TR000698,BANK01,2024-12-31,38.0,,rail,928,,EMP16736,0.041,internal_meeting
TR000699,BANK01,2024-11-06,251.2,,air_short,985,,EMP32508,0.255,audit
TR000700,BANK01,2024-11-24,332.8,,air_short,1305,,EMP40732,0.255,internal_meeting
TR000701,BANK01,2024-03-24,837.8,,air_long,5585,,EMP21549,0.15,internal_meeting
TR000702,BANK01,2024-02-25,20.5,,rail,499,,EMP37075,0.041,audit
TR000703,BANK01,2024-10-06,221.1,,air_short,867,,EMP38420,0.255,internal_meeting
TR000704,BANK01,2024-07-23,100.7,,car,589,,EMP10852,0.171,internal_meeting
TR000705,BANK01,2024-06-10,39.3,,rail,958,,EMP06859,0.041,audit
TR000706,BANK01,2024-10-05,44.5,,rail,1086,,EMP29251,0.041,conference
TR000707,BANK01,2024-04-14,47.7,,car,279,,EMP12653,0.171,client_meeting
TR000708,BANK01,2024-04-19,20.9,,car,122,,EMP43591,0.171,training
TR000709,BANK01,2024-08-04,36.2,,rail,884,,EMP40388,0.041,client_meeting
TR000710,BANK01,2024-01-11,33.3,,car,195,,EMP07377,0.171,client_meeting
TR000711,BANK01,2024-12-05,48.5,,rail,1182,,EMP20165,0.041,audit
TR000712,BANK01,2024-01-29,47.9,,rail,1168,,EMP30413,0.041,client_meeting
TR000713,BANK01,2024-01-28,141.8,,air_short,556,,EMP42720,0.255,conference
TR000714,BANK01,2024-11-02,77.8,,air_short,305,,EMP25106,0.255,internal_meeting
TR000715,BANK01,2024-05-26,366.9,,air_short,1439,,EMP32633,0.255,conference
TR000716,BANK01,2024-08-31,47.4,,rail,1155,,EMP40044,0.041,training
TR000717,BANK01,2024-05-13,116.5,,air_short,457,,EMP43800,0.255,internal_meeting
TR000718,BANK01,2024-08-16,1280.7,,air_long,8538,,EMP21311,0.15,audit
TR000719,BANK01,2024-11-07,127.0,,air_short,498,,EMP42870,0.255,training
TR000720,BANK01,2024-06-10,35.6,,rail,869,,EMP17706,0.041,audit
TR000721,BANK01,2024-10-10,125.7,,car,735,,EMP13272,0.171,training
TR000722,BANK01,2024-12-06,376.4,,air_short,1476,,EMP29279,0.255,client_meeting
TR000723,BANK01,2024-07-30,125.0,,car,731,,EMP41692,0.171,audit
TR000724,BANK01,2024-10-04,308.6,,air_short,1210,,EMP07197,0.255,internal_meeting
TR000725,BANK01,2024-11-30,138.2,,air_short,542,,EMP05876,0.255,audit
TR000726,BANK01,2024-02-23,248.2,,air_long,1655,,EMP37949,0.15,training
TR000727,BANK01,2024-07-27,271.3,,air_short,1064,,EMP40583,0.255,conference
TR000728,BANK01,2024-06-19,4.9,,rail,119,,EMP47181,0.041,client_meeting
TR000729,BANK01,2024-04-04,4.2,,rail,103,,EMP00067,0.041,conference
TR000730,BANK01,2024-08-24,35.9,,rail,875,,EMP19930,0.041,training
TR000731,BANK01,2024-03-12,670.6,,air_long,4471,,EMP47522,0.15,audit
TR000732,BANK01,2024-01-02,11.1,,rail,271,,EMP22123,0.041,conference
TR000733,BANK01,2024-01-28,1198.5,,air_long,7990,,EMP15969,0.15,audit
TR000734,BANK01,2024-12-25,19.7,,rail,480,,EMP20357,0.041,conference
TR000735,BANK01,2024-04-22,12.3,,rail,300,,EMP21917,0.041,conference
TR000736,BANK01,2024-10-05,82.9,,air_short,325,,EMP10808,0.255,audit
TR000737,BANK01,2024-08-01,332.8,,air_short,1305,,EMP41612,0.255,internal_meeting
TR000738,BANK01,2024-01-29,35.8,,rail,873,,EMP23044,0.041,conference
TR000739,BANK01,2024-11-05,102.8,,air_short,403,,EMP26038,0.255,client_meeting
TR000740,BANK01,2024-05-17,316.5,,air_short,1241,,EMP03841,0.255,client_meeting
TR000741,BANK01,2024-08-08,376.1,,air_short,1475,,EMP39898,0.255,internal_meeting
TR000742,BANK01,2024-10-17,376.9,,air_short,1478,,EMP02116,0.255,audit
TR000743,BANK01,2024-08-03,900.1,,air_long,6001,,EMP40363,0.15,client_meeting
TR000744,BANK01,2024-09-19,46.9,,car,274,,EMP01206,0.171,conference
TR000745,BANK01,2024-10-03,1100.0,,air_long,7333,,EMP36909,0.15,audit
TR000746,BANK01,2024-11-14,88.2,,car,516,,EMP22821,0.171,conference
TR000747,BANK01,2024-05-09,39.5,,car,231,,EMP29295,0.171,audit
TR000748,BANK01,2024-08-13,198.6,,air_short,779,,EMP46730,0.255,client_meeting
TR000749,BANK01,2024-01-09,111.8,,car,654,,EMP23261,0.171,client_meeting
TR000750,BANK01,2024-03-18,22.2,,rail,542,,EMP29644,0.041,client_meeting
TR000751,BANK01,2024-02-03,247.3,,air_short,970,,EMP34203,0.255,training
TR000752,BANK01,2024-07-26,159.6,,air_short,626,,EMP19253,0.255,training
TR000753,BANK01,2024-08-03,87.2,,car,510,,EMP05226,0.171,training
TR000754,BANK01,2024-12-04,221.8,,air_short,870,,EMP14197,0.255,client_meeting
TR000755,BANK01,2024-02-13,726.6,,air_long,4844,,EMP35304,0.15,internal_meeting
TR000756,BANK01,2024-02-08,109.1,,air_short,428,,EMP47653,0.255,internal_meeting
TR000757,BANK01,2024-08-13,1212.0,,air_long,8080,,EMP18073,0.15,audit
TR000758,BANK01,2024-05-14,302.2,,air_short,1185,,EMP39219,0.255,client_meeting
TR000759,BANK01,2024-04-24,31.7,,rail,772,,EMP39640,0.041,audit
TR000760,BANK01,2024-02-07,157.6,,air_short,618,,EMP41024,0.255,audit
TR000761,BANK01,2024-01-11,112.9,,car,660,,EMP03562,0.171,audit
TR000762,BANK01,2024-09-24,1058.2,,air_long,7055,,EMP27706,0.15,client_meeting
TR000763,BANK01,2024-08-06,83.6,,car,489,,EMP41857,0.171,conference
TR000764,BANK01,2024-11-07,325.4,,air_short,1276,,EMP09969,0.255,training
TR000765,BANK01,2024-01-16,77.5,,air_short,304,,EMP36512,0.255,training
TR000766,BANK01,2024-01-06,17.0,,rail,414,,EMP44456,0.041,training
TR000767,BANK01,2024-03-31,31.2,,rail,760,,EMP31731,0.041,training
TR000768,BANK01,2024-07-06,43.1,,car,252,,EMP05474,0.171,client_meeting
TR000769,BANK01,2024-06-26,38.8,,rail,947,,EMP29316,0.041,audit
TR000770,BANK01,2024-11-08,16.9,,rail,411,,EMP20324,0.041,training
TR000771,BANK01,2024-11-08,26.2,,rail,640,,EMP06590,0.041,training
TR000772,BANK01,2024-07-04,46.6,,rail,1136,,EMP11872,0.041,client_meeting
TR000773,BANK01,2024-04-28,4.9,,rail,120,,EMP26445,0.041,internal_meeting
TR000774,BANK01,2024-08-30,146.4,,air_short,574,,EMP45703,0.255,client_meeting
TR000775,BANK01,2024-03-29,600.9,,air_long,4006,,EMP33172,0.15,internal_meeting
TR000776,BANK01,2024-12-21,35.2,,rail,859,,EMP13010,0.041,training
TR000777,BANK01,2024-01-03,171.4,,air_short,672,,EMP41523,0.255,client_meeting
TR000778,BANK01,2024-02-21,253.5,,air_short,994,,EMP18119,0.255,training
TR000779,BANK01,2024-03-21,73.0,,car,427,,EMP16281,0.171,internal_meeting
TR000780,BANK01,2024-05-04,844.5,,air_long,5630,,EMP32439,0.15,client_meeting
TR000781,BANK01,2024-04-22,1227.5,,air_long,8183,,EMP44659,0.15,internal_meeting
TR000782,BANK01,2024-10-18,207.6,,air_short,814,,EMP13404,0.255,training
TR000783,BANK01,2024-03-25,40.4,,rail,985,,EMP28651,0.041,audit
TR000784,BANK01,2024-01-07,179.5,,air_short,704,,EMP01246,0.255,conference
TR000785,BANK01,2024-01-23,31.4,,rail,767,,EMP34289,0.041,training
TR000786,BANK01,2024-12-13,28.7,,rail,699,,EMP31186,0.041,audit
TR000787,BANK01,2024-08-13,274.4,,air_short,1076,,EMP34182,0.255,internal_meeting
TR000788,BANK01,2024-11-23,40.0,,rail,976,,EMP41291,0.041,training
TR000789,BANK01,2024-09-25,75.1,,car,439,,EMP01276,0.171,client_meeting
TR000790,BANK01,2024-04-13,388.3,,air_long,2589,,EMP09412,0.15,client_meeting
TR000791,BANK01,2024-07-08,19.7,,car,115,,EMP05529,0.171,internal_meeting
TR000792,BANK01,2024-02-18,46.2,,car,270,,EMP19710,0.171,training
TR000793,BANK01,2024-10-05,74.9,,car,438,,EMP45742,0.171,audit
TR000794,BANK01,2024-08-13,45.0,,rail,1098,,EMP15491,0.041,audit
TR000795,BANK01,2024-06-19,48.2,,rail,1175,,EMP45240,0.041,internal_meeting
TR000796,BANK01,2024-03-17,941.7,,air_long,6278,,EMP46168,0.15,internal_meeting
TR000797,BANK01,2024-07-05,87.7,,car,513,,EMP45085,0.171,internal_meeting
TR000798,BANK01,2024-06-19,36.7,,rail,896,,EMP18885,0.041,client_meeting
TR000799,BANK01,2024-01-07,247.6,,air_short,971,,EMP10040,0.255,audit
TR000800,BANK01,2024-12-12,79.9,,car,467,,EMP16803,0.171,training
TR000801,BANK01,2024-09-22,36.5,,rail,891,,EMP13743,0.041,client_meeting
TR000802,BANK01,2024-08-09,1057.8,,air_long,7052,,EMP47769,0.15,audit
TR000803,BANK01,2024-01-19,26.2,,rail,638,,EMP04866,0.041,conference
TR000804,BANK01,2024-11-11,47.6,,rail,1162,,EMP09960,0.041,internal_meeting
TR000805,BANK01,2024-01-08,152.5,,air_short,598,,EMP24754,0.255,training
TR000806,BANK01,2024-02-24,35.4,,rail,864,,EMP32465,0.041,client_meeting
TR000807,BANK01,2024-11-02,176.0,,air_short,690,,EMP24682,0.255,training
TR000808,BANK01,2024-01-18,18.9,,rail,460,,EMP41062,0.041,audit
TR000809,BANK01,2024-03-27,315.0,,air_long,2100,,EMP20913,0.15,audit
TR000810,BANK01,2024-09-20,1054.5,,air_long,7030,,EMP35942,0.15,audit
TR000811,BANK01,2024-08-23,24.5,,car,143,,EMP00238,0.171,client_meeting
TR000812,BANK01,2024-01-14,167.5,,air_short,657,,EMP26232,0.255,internal_meeting
TR000813,BANK01,2024-06-19,6.6,,rail,160,,EMP42609,0.041,audit
TR000814,BANK01,2024-03-09,26.9,,rail,657,,EMP31980,0.041,client_meeting
TR000815,BANK01,2024-04-18,95.2,,car,557,,EMP27308,0.171,audit
TR000816,BANK01,2024-02-08,10.2,,rail,248,,EMP38492,0.041,audit
TR000817,BANK01,2024-05-03,235.4,,air_short,923,,EMP45773,0.255,client_meeting
TR000818,BANK01,2024-09-19,45.1,,rail,1099,,EMP24629,0.041,training
TR000819,BANK01,2024-08-29,366.4,,air_short,1437,,EMP34447,0.255,training
TR000820,BANK01,2024-03-22,1101.6,,air_long,7344,,EMP08064,0.15,conference
TR000821,BANK01,2024-01-30,306.5,,air_short,1202,,EMP14235,0.255,internal_meeting
TR000822,BANK01,2024-02-28,10.1,,rail,247,,EMP34592,0.041,conference
TR000823,BANK01,2024-03-12,19.0,,rail,463,,EMP16024,0.041,conference
TR000824,BANK01,2024-06-11,22.4,,car,131,,EMP34935,0.171,audit
TR000825,BANK01,2024-02-29,22.4,,rail,547,,EMP17152,0.041,conference
TR000826,BANK01,2024-10-17,313.1,,air_short,1228,,EMP36257,0.255,client_meeting
TR000827,BANK01,2024-02-05,256.0,,air_short,1004,,EMP01220,0.255,conference
TR000828,BANK01,2024-07-22,31.3,,rail,763,,EMP14779,0.041,internal_meeting
TR000829,BANK01,2024-12-05,360.1,,air_short,1412,,EMP14112,0.255,conference
TR000830,BANK01,2024-01-03,113.0,,car,661,,EMP20430,0.171,client_meeting
TR000831,BANK01,2024-04-30,22.9,,car,134,,EMP46172,0.171,conference
TR000832,BANK01,2024-01-19,319.5,,air_short,1253,,EMP10271,0.255,training
TR000833,BANK01,2024-12-19,902.5,,air_long,6017,,EMP13416,0.15,training
TR000834,BANK01,2024-12-29,184.4,,air_short,723,,EMP26362,0.255,internal_meeting
TR000835,BANK01,2024-05-19,308.7,,air_long,2058,,EMP37762,0.15,conference
TR000836,BANK01,2024-02-08,72.0,,car,421,,EMP43617,0.171,training
TR000837,BANK01,2024-07-21,192.0,,air_short,753,,EMP38777,0.255,conference
TR000838,BANK01,2024-02-17,154.5,,air_short,606,,EMP20277,0.255,internal_meeting
TR000839,BANK01,2024-10-15,295.5,,air_short,1159,,EMP15500,0.255,client_meeting
TR000840,BANK01,2024-05-22,276.9,,air_short,1086,,EMP31492,0.255,internal_meeting
TR000841,BANK01,2024-12-25,129.3,,air_short,507,,EMP01274,0.255,client_meeting
TR000842,BANK01,2024-12-15,364.9,,air_short,1431,,EMP09281,0.255,conference
TR000843,BANK01,2024-05-03,338.6,,air_long,2257,,EMP34047,0.15,client_meeting
TR000844,BANK01,2024-05-10,265.7,,air_short,1042,,EMP37851,0.255,training
TR000845,BANK01,2024-11-25,76.4,,car,447,,EMP18847,0.171,internal_meeting
TR000846,BANK01,2024-03-27,338.6,,air_short,1328,,EMP14000,0.255,client_meeting
TR000847,BANK01,2024-01-04,258.1,,air_short,1012,,EMP39584,0.255,conference
TR000848,BANK01,2024-08-21,44.9,,rail,1096,,EMP02120,0.041,training
TR000849,BANK01,2024-11-20,378.4,,air_short,1484,,EMP31010,0.255,training
TR000850,BANK01,2024-03-22,12.0,,rail,292,,EMP42435,0.041,internal_meeting
TR000851,BANK01,2024-12-11,27.9,,rail,681,,EMP39591,0.041,conference
TR000852,BANK01,2024-03-13,357.3,,air_short,1401,,EMP00666,0.255,client_meeting
TR000853,BANK01,2024-07-15,366.7,,air_short,1438,,EMP14901,0.255,training
TR000854,BANK01,2024-05-29,331.2,,air_short,1299,,EMP16550,0.255,internal_meeting
TR000855,BANK01,2024-04-21,40.8,,rail,996,,EMP22094,0.041,client_meeting
TR000856,BANK01,2024-10-13,70.6,,car,413,,EMP01005,0.171,client_meeting
TR000857,BANK01,2024-04-10,85.9,,air_short,337,,EMP30833,0.255,training
TR000858,BANK01,2024-10-30,391.1,,air_long,2607,,EMP09110,0.15,training
TR000859,BANK01,2024-03-22,125.0,,air_short,490,,EMP34126,0.255,training
TR000860,BANK01,2024-12-06,348.8,,air_short,1368,,EMP28221,0.255,training
TR000861,BANK01,2024-08-13,1252.2,,air_long,8348,,EMP00396,0.15,training
TR000862,BANK01,2024-03-29,107.4,,air_short,421,,EMP10972,0.255,training
TR000863,BANK01,2024-02-11,245.1,,air_short,961,,EMP43151,0.255,internal_meeting
TR000864,BANK01,2024-10-06,125.2,,air_short,491,,EMP12237,0.255,client_meeting
TR000865,BANK01,2024-05-16,94.6,,car,553,,EMP24247,0.171,client_meeting
TR000866,BANK01,2024-05-17,205.5,,air_short,806,,EMP36004,0.255,audit
TR000867,BANK01,2024-04-18,135.7,,air_short,532,,EMP13381,0.255,audit
TR000868,BANK01,2024-11-29,17.8,,rail,435,,EMP27741,0.041,training
TR000869,BANK01,2024-07-16,392.8,,air_long,2619,,EMP18671,0.15,training
TR000870,BANK01,2024-07-01,25.9,,rail,631,,EMP36373,0.041,conference
TR000871,BANK01,2024-12-14,101.2,,air_short,397,,EMP03800,0.255,client_meeting
TR000872,BANK01,2024-01-08,17.1,,rail,417,,EMP30705,0.041,audit
TR000873,BANK01,2024-03-14,40.3,,rail,984,,EMP00543,0.041,audit
TR000874,BANK01,2024-09-27,251.2,,air_short,985,,EMP15625,0.255,internal_meeting
TR000875,BANK01,2024-12-10,250.7,,air_short,983,,EMP12168,0.255,audit
TR000876,BANK01,2024-10-15,14.0,,rail,341,,EMP08008,0.041,audit
TR000877,BANK01,2024-01-22,258.6,,air_short,1014,,EMP39632,0.255,training
TR000878,BANK01,2024-10-04,302.4,,air_short,1186,,EMP43958,0.255,internal_meeting
TR000879,BANK01,2024-02-23,48.3,,rail,1179,,EMP01217,0.041,conference
TR000880,BANK01,2024-12-22,37.8,,rail,922,,EMP09328,0.041,client_meeting
TR000881,BANK01,2024-09-07,5.5,,rail,135,,EMP00833,0.041,client_meeting
TR000882,BANK01,2024-06-05,33.8,,rail,824,,EMP19218,0.041,training
TR000883,BANK01,2024-06-07,112.0,,car,655,,EMP07626,0.171,internal_meeting
TR000884,BANK01,2024-06-05,803.4,,air_long,5356,,EMP42174,0.15,internal_meeting
TR000885,BANK01,2024-08-05,242.2,,air_short,950,,EMP32463,0.255,audit
TR000886,BANK01,2024-04-02,317.5,,air_short,1245,,EMP24716,0.255,conference
TR000887,BANK01,2024-09-07,324.9,,air_short,1274,,EMP14966,0.255,client_meeting
TR000888,BANK01,2024-07-26,117.6,,air_short,461,,EMP26809,0.255,training
TR000889,BANK01,2024-06-06,9.3,,rail,228,,EMP15308,0.041,internal_meeting
TR000890,BANK01,2024-03-17,310.6,,air_short,1218,,EMP15118,0.255,audit
TR000891,BANK01,2024-08-08,11.3,,rail,275,,EMP41489,0.041,client_meeting
TR000892,BANK01,2024-03-22,91.0,,car,532,,EMP00488,0.171,training
TR000893,BANK01,2024-12-04,200.4,,air_short,786,,EMP16408,0.255,internal_meeting
TR000894,BANK01,2024-09-26,280.5,,air_long,1870,,EMP04932,0.15,training
TR000895,BANK01,2024-03-02,115.5,,air_short,453,,EMP31559,0.255,conference
TR000896,BANK01,2024-05-26,14.5,,rail,354,,EMP07121,0.041,conference
TR000897,BANK01,2024-08-24,255.9,,air_long,1706,,EMP16734,0.15,audit
TR000898,BANK01,2024-05-23,1125.6,,air_long,7504,,EMP07933,0.15,training
TR000899,BANK01,2024-02-02,87.6,,car,512,,EMP12714,0.171,client_meeting
TR000900,BANK01,2024-07-26,31.5,,rail,769,,EMP11543,0.041,conference
TR000901,BANK01,2024-04-24,86.2,,air_short,338,,EMP17599,0.255,audit
TR000902,BANK01,2024-02-23,141.5,,air_short,555,,EMP33234,0.255,conference
TR000903,BANK01,2024-12-13,237.0,,air_long,1580,,EMP03096,0.15,training
TR000904,BANK01,2024-05-24,126.0,,car,737,,EMP08511,0.171,training
TR000905,BANK01,2024-02-03,38.3,,car,224,,EMP28327,0.171,conference
TR000906,BANK01,2024-04-13,273.6,,air_short,1073,,EMP28439,0.255,client_meeting
TR000907,BANK01,2024-04-07,178.2,,air_short,699,,EMP05596,0.255,conference
TR000908,BANK01,2024-06-05,99.5,,car,582,,EMP00454,0.171,training
TR000909,BANK01,2024-10-17,196.1,,air_short,769,,EMP18166,0.255,client_meeting
TR000910,BANK01,2024-10-24,45.2,,rail,1103,,EMP16717,0.041,internal_meeting
TR000911,BANK01,2024-04-14,38.3,,rail,933,,EMP06276,0.041,internal_meeting
TR000912,BANK01,2024-11-21,130.8,,car,765,,EMP10576,0.171,conference
TR000913,BANK01,2024-04-16,10.4,,rail,253,,EMP22634,0.041,audit
TR000914,BANK01,2024-02-15,339.4,,air_short,1331,,EMP11463,0.255,internal_meeting
TR000915,BANK01,2024-05-05,726.4,,air_long,4843,,EMP15632,0.15,audit
TR000916,BANK01,2024-01-07,323.6,,air_short,1269,,EMP26455,0.255,internal_meeting
TR000917,BANK01,2024-07-30,959.5,,air_long,6397,,EMP10477,0.15,training
TR000918,BANK01,2024-05-07,229.7,,air_long,1531,,EMP01985,0.15,audit
TR000919,BANK01,2024-09-18,327.4,,air_short,1284,,EMP34806,0.255,internal_meeting
TR000920,BANK01,2024-04-24,964.3,,air_long,6429,,EMP37181,0.15,client_meeting
TR000921,BANK01,2024-09-21,19.5,,rail,476,,EMP42353,0.041,client_meeting
TR000922,BANK01,2024-05-05,375.1,,air_short,1471,,EMP20756,0.255,conference
TR000923,BANK01,2024-03-26,18.7,,rail,457,,EMP28749,0.041,training
TR000924,BANK01,2024-12-10,11.3,,rail,275,,EMP28300,0.041,internal_meeting
TR000925,BANK01,2024-01-16,103.5,,air_short,406,,EMP36212,0.255,client_meeting
TR000926,BANK01,2024-05-21,45.3,,rail,1106,,EMP05548,0.041,client_meeting
TR000927,BANK01,2024-08-12,53.2,,car,311,,EMP19324,0.171,client_meeting
TR000928,BANK01,2024-05-25,81.9,,car,479,,EMP08400,0.171,audit
TR000929,BANK01,2024-08-17,630.1,,air_long,4201,,EMP14030,0.15,audit
TR000930,BANK01,2024-03-07,10.0,,rail,243,,EMP14508,0.041,conference
TR000931,BANK01,2024-11-28,256.1,,air_long,1707,,EMP40057,0.15,training
TR000932,BANK01,2024-08-30,8.2,,rail,200,,EMP23576,0.041,training
TR000933,BANK01,2024-07-31,292.0,,air_short,1145,,EMP14373,0.255,conference
TR000934,BANK01,2024-08-01,91.8,,car,537,,EMP24349,0.171,client_meeting
TR000935,BANK01,2024-09-03,47.2,,car,276,,EMP22457,0.171,conference
TR000936,BANK01,2024-03-11,1317.6,,air_long,8784,,EMP36888,0.15,audit
TR000937,BANK01,2024-10-01,253.5,,air_short,994,,EMP04831,0.255,audit
TR000938,BANK01,2024-10-16,63.1,,car,369,,EMP35477,0.171,internal_meeting
TR000939,BANK01,2024-05-16,273.4,,air_short,1072,,EMP17608,0.255,training
TR000940,BANK01,2024-02-01,259.8,,air_short,1019,,EMP41972,0.255,internal_meeting
TR000941,BANK01,2024-06-19,326.7,,air_short,1281,,EMP40492,0.255,audit
TR000942,BANK01,2024-01-02,37.5,,rail,915,,EMP47402,0.041,internal_meeting
TR000943,BANK01,2024-01-02,480.9,,air_long,3206,,EMP19121,0.15,internal_meeting
TR000944,BANK01,2024-09-08,61.7,,car,361,,EMP14017,0.171,training
TR000945,BANK01,2024-07-11,158.4,,air_short,621,,EMP47917,0.255,training
TR000946,BANK01,2024-11-10,139.2,,air_short,546,,EMP06664,0.255,audit
TR000947,BANK01,2024-04-15,1289.8,,air_long,8599,,EMP32928,0.15,audit
TR000948,BANK01,2024-01-17,14.8,,rail,361,,EMP19923,0.041,internal_meeting
TR000949,BANK01,2024-01-22,28.5,,rail,695,,EMP23526,0.041,client_meeting
TR000950,BANK01,2024-06-12,72.3,,car,423,,EMP23914,0.171,conference
TR000951,BANK01,2024-01-06,273.9,,air_short,1074,,EMP04669,0.255,conference
TR000952,BANK01,2024-06-21,32.7,,rail,798,,EMP03888,0.041,training
TR000953,BANK01,2024-10-19,1106.1,,air_long,7374,,EMP03329,0.15,conference
TR000954,BANK01,2024-07-27,91.3,,air_short,358,,EMP07631,0.255,client_meeting
TR000955,BANK01,2024-01-11,41.1,,rail,1002,,EMP26600,0.041,internal_meeting
TR000956,BANK01,2024-02-16,272.1,,air_short,1067,,EMP38658,0.255,audit
TR000957,BANK01,2024-06-17,187.7,,air_short,736,,EMP29593,0.255,conference
TR000958,BANK01,2024-10-11,265.5,,air_short,1041,,EMP25199,0.255,internal_meeting
TR000959,BANK01,2024-04-30,170.6,,air_short,669,,EMP12738,0.255,audit
TR000960,BANK01,2024-07-12,40.6,,rail,991,,EMP26232,0.041,client_meeting
TR000961,BANK01,2024-10-11,43.2,,rail,1054,,EMP33917,0.041,client_meeting
TR000962,BANK01,2024-04-24,227.5,,air_short,892,,EMP27462,0.255,training
TR000963,BANK01,2024-03-02,634.9,,air_long,4233,,EMP25582,0.15,audit
TR000964,BANK01,2024-12-01,37.3,,car,218,,EMP10366,0.171,audit
TR000965,BANK01,2024-02-05,88.0,,air_short,345,,EMP14120,0.255,internal_meeting
TR000966,BANK01,2024-11-06,179.5,,air_short,704,,EMP28805,0.255,audit
TR000967,BANK01,2024-07-17,19.6,,rail,479,,EMP26285,0.041,audit
TR000968,BANK01,2024-08-02,295.5,,air_long,1970,,EMP13746,0.15,training
TR000969,BANK01,2024-11-27,468.3,,air_long,3122,,EMP04831,0.15,training
TR000970,BANK01,2024-09-05,103.8,,air_short,407,,EMP26145,0.255,conference
TR000971,BANK01,2024-12-20,822.9,,air_long,5486,,EMP43020,0.15,internal_meeting
TR000972,BANK01,2024-08-27,36.2,,rail,884,,EMP14295,0.041,client_meeting
TR000973,BANK01,2024-03-01,31.7,,rail,772,,EMP38183,0.041,internal_meeting
TR000974,BANK01,2024-03-24,236.1,,air_short,926,,EMP01568,0.255,audit
TR000975,BANK01,2024-09-27,29.1,,rail,710,,EMP36689,0.041,internal_meeting
TR000976,BANK01,2024-12-11,720.9,,air_long,4806,,EMP15437,0.15,conference
TR000977,BANK01,2024-11-05,1166.8,,air_long,7779,,EMP33175,0.15,audit
TR000978,BANK01,2024-04-28,863.1,,air_long,5754,,EMP27780,0.15,audit
TR000979,BANK01,2024-01-20,65.2,,car,381,,EMP38279,0.171,audit
TR000980,BANK01,2024-08-26,104.0,,air_short,408,,EMP17067,0.255,training
TR000981,BANK01,2024-05-19,104.3,,air_short,409,,EMP19672,0.255,training
TR000982,BANK01,2024-11-04,38.7,,rail,943,,EMP03992,0.041,training
TR000983,BANK01,2024-08-21,161.7,,air_short,634,,EMP03593,0.255,training
TR000984,BANK01,2024-01-04,52.7,,car,308,,EMP25024,0.171,internal_meeting
TR000985,BANK01,2024-07-30,911.7,,air_long,6078,,EMP20588,0.15,audit
TR000986,BANK01,2024-11-27,106.5,,car,623,,EMP42741,0.171,training
TR000987,BANK01,2024-07-02,789.0,,air_long,5260,,EMP30782,0.15,client_meeting
TR000988,BANK01,2024-03-29,377.1,,air_short,1479,,EMP41152,0.255,training
TR000989,BANK01,2024-12-12,1254.0,,air_long,8360,,EMP19955,0.15,conference
TR000990,BANK01,2024-09-22,44.3,,rail,1081,,EMP04395,0.041,conference
TR000991,BANK01,2024-02-05,288.7,,air_short,1132,,EMP26946,0.255,conference
TR000992,BANK01,2024-03-02,44.8,,car,262,,EMP35006,0.171,internal_meeting
TR000993,BANK01,2024-12-16,179.8,,air_short,705,,EMP19861,0.255,audit
TR000994,BANK01,2024-07-06,258.4,,air_long,1723,,EMP25986,0.15,training
TR000995,BANK01,2024-06-01,30.3,,rail,740,,EMP25831,0.041,training
TR000996,BANK01,2024-06-21,107.0,,car,626,,EMP42588,0.171,training
TR000997,BANK01,2024-01-25,133.4,,air_short,523,,EMP11167,0.255,audit
TR000998,BANK01,2024-05-07,18.9,,rail,461,,EMP40354,0.041,training
TR000999,BANK01,2024-10-28,12.7,,car,74,,EMP44179,0.171,internal_meeting
TR001000,BANK01,2024-05-27,64.8,,car,379,,EMP01697,0.171,training
TR001001,BANK01,2024-01-20,985.5,,air_long,6570,,EMP02585,0.15,client_meeting
TR001002,BANK01,2024-06-02,11.6,,rail,283,,EMP08719,0.041,client_meeting
TR001003,BANK01,2024-12-19,65.7,,car,384,,EMP33688,0.171,training
TR001004,BANK01,2024-02-17,39.6,,rail,966,,EMP27345,0.041,internal_meeting
TR001005,BANK01,2024-05-02,1137.6,,air_long,7584,,EMP14825,0.15,training
TR001006,BANK01,2024-10-09,1336.3,,air_long,8909,,EMP06140,0.15,training
TR001007,BANK01,2024-07-31,243.8,,air_short,956,,EMP05504,0.255,internal_meeting
TR001008,BANK01,2024-01-08,57.8,,car,338,,EMP04282,0.171,internal_meeting
TR001009,BANK01,2024-04-02,236.6,,air_short,928,,EMP43803,0.255,conference
TR001010,BANK01,2024-07-08,485.4,,air_long,3236,,EMP28052,0.15,training
TR001011,BANK01,2024-05-23,109.7,,air_short,430,,EMP35498,0.255,conference
TR001012,BANK01,2024-01-27,760.2,,air_long,5068,,EMP44229,0.15,client_meeting
TR001013,BANK01,2024-11-04,132.0,,car,772,,EMP33433,0.171,client_meeting
TR001014,BANK01,2024-11-23,45.7,,car,267,,EMP22260,0.171,training
TR001015,BANK01,2024-12-08,30.4,,car,178,,EMP34928,0.171,conference
TR001016,BANK01,2024-09-16,47.0,,rail,1146,,EMP16257,0.041,training
TR001017,BANK01,2024-05-11,21.2,,car,124,,EMP16048,0.171,client_meeting
TR001018,BANK01,2024-01-10,984.9,,air_long,6566,,EMP20795,0.15,training
TR001019,BANK01,2024-01-27,15.7,,rail,383,,EMP17068,0.041,training
TR001020,BANK01,2024-06-28,26.7,,rail,651,,EMP46689,0.041,client_meeting
TR001021,BANK01,2024-11-26,286.1,,air_short,1122,,EMP41113,0.255,conference
TR001022,BANK01,2024-08-13,258.6,,air_short,1014,,EMP41890,0.255,internal_meeting
TR001023,BANK01,2024-05-19,77.0,,air_short,302,,EMP35072,0.255,conference
TR001024,BANK01,2024-12-18,207.1,,air_short,812,,EMP01077,0.255,training
TR001025,BANK01,2024-02-25,85.2,,air_short,334,,EMP13809,0.255,audit
TR001026,BANK01,2024-06-24,101.2,,air_short,397,,EMP00990,0.255,internal_meeting
TR001027,BANK01,2024-11-19,26.9,,rail,656,,EMP47916,0.041,internal_meeting
TR001028,BANK01,2024-06-18,33.3,,car,195,,EMP01646,0.171,training
TR001029,BANK01,2024-03-16,33.2,,rail,809,,EMP25073,0.041,audit
TR001030,BANK01,2024-10-06,336.3,,air_short,1319,,EMP29005,0.255,internal_meeting
TR001031,BANK01,2024-05-28,113.9,,car,666,,EMP38041,0.171,internal_meeting
TR001032,BANK01,2024-09-15,378.4,,air_short,1484,,EMP35357,0.255,audit
TR001033,BANK01,2024-09-28,308.8,,air_short,1211,,EMP12243,0.255,client_meeting
TR001034,BANK01,2024-09-17,44.6,,rail,1087,,EMP47582,0.041,internal_meeting
TR001035,BANK01,2024-10-14,5.1,,rail,124,,EMP04666,0.041,audit
TR001036,BANK01,2024-11-21,48.0,,rail,1170,,EMP26491,0.041,client_meeting
TR001037,BANK01,2024-06-12,36.1,,car,211,,EMP43865,0.171,conference
TR001038,BANK01,2024-02-20,21.6,,rail,528,,EMP29328,0.041,audit
TR001039,BANK01,2024-06-17,34.0,,rail,830,,EMP29623,0.041,client_meeting
TR001040,BANK01,2024-01-18,6.8,,rail,165,,EMP08662,0.041,conference
TR001041,BANK01,2024-01-25,142.5,,air_short,559,,EMP38367,0.255,conference
TR001042,BANK01,2024-05-12,119.2,,car,697,,EMP26143,0.171,audit
TR001043,BANK01,2024-06-01,334.8,,air_short,1313,,EMP09768,0.255,training
TR001044,BANK01,2024-02-21,49.8,,car,291,,EMP41645,0.171,audit
TR001045,BANK01,2024-04-02,1027.0,,air_long,6847,,EMP04429,0.15,client_meeting
TR001046,BANK01,2024-11-28,19.2,,rail,468,,EMP44639,0.041,client_meeting
TR001047,BANK01,2024-07-19,40.5,,rail,987,,EMP41853,0.041,conference
TR001048,BANK01,2024-12-21,9.6,,rail,235,,EMP32029,0.041,audit
TR001049,BANK01,2024-03-10,171.9,,air_short,674,,EMP24031,0.255,client_meeting
TR001050,BANK01,2024-01-03,1066.2,,air_long,7108,,EMP42692,0.15,client_meeting
TR001051,BANK01,2024-02-16,48.1,,rail,1174,,EMP11697,0.041,training
TR001052,BANK01,2024-02-05,373.3,,air_short,1464,,EMP19347,0.255,conference
TR001053,BANK01,2024-01-13,104.8,,car,613,,EMP24759,0.171,training
TR001054,BANK01,2024-04-18,199.2,,air_short,781,,EMP09195,0.255,internal_meeting
TR001055,BANK01,2024-02-29,57.6,,car,337,,EMP31077,0.171,client_meeting
TR001056,BANK01,2024-05-01,300.3,,air_long,2002,,EMP42199,0.15,conference
TR001057,BANK01,2024-03-03,21.2,,car,124,,EMP16754,0.171,audit
TR001058,BANK01,2024-09-14,107.6,,air_short,422,,EMP01667,0.255,training
TR001059,BANK01,2024-12-01,1109.7,,air_long,7398,,EMP06864,0.15,client_meeting
TR001060,BANK01,2024-11-22,1167.9,,air_long,7786,,EMP30472,0.15,conference
TR001061,BANK01,2024-08-18,35.2,,rail,858,,EMP23899,0.041,audit
TR001062,BANK01,2024-08-24,194.1,,air_short,761,,EMP41185,0.255,training
TR001063,BANK01,2024-01-11,45.1,,rail,1101,,EMP05448,0.041,audit
TR001064,BANK01,2024-05-24,22.3,,rail,545,,EMP34686,0.041,audit
TR001065,BANK01,2024-10-02,17.7,,rail,432,,EMP02817,0.041,client_meeting
TR001066,BANK01,2024-05-15,188.2,,air_short,738,,EMP01626,0.255,audit
TR001067,BANK01,2024-01-13,43.0,,rail,1048,,EMP00141,0.041,internal_meeting
TR001068,BANK01,2024-06-26,654.4,,air_long,4363,,EMP29274,0.15,internal_meeting
TR001069,BANK01,2024-08-05,28.5,,rail,695,,EMP05857,0.041,internal_meeting
TR001070,BANK01,2024-11-20,324.0,,air_long,2160,,EMP09245,0.15,internal_meeting
TR001071,BANK01,2024-03-30,258.6,,air_short,1014,,EMP31110,0.255,conference
TR001072,BANK01,2024-05-12,103.8,,car,607,,EMP03469,0.171,audit
TR001073,BANK01,2024-12-21,133.4,,car,780,,EMP28131,0.171,client_meeting
TR001074,BANK01,2024-12-25,268.3,,air_short,1052,,EMP19959,0.255,internal_meeting
TR001075,BANK01,2024-02-17,242.8,,air_short,952,,EMP08315,0.255,client_meeting
TR001076,BANK01,2024-01-01,132.3,,air_short,519,,EMP06928,0.255,audit
TR001077,BANK01,2024-04-29,1270.6,,air_long,8471,,EMP28110,0.15,training
TR001078,BANK01,2024-11-30,250.7,,air_short,983,,EMP13237,0.255,conference
TR001079,BANK01,2024-07-29,82.9,,air_short,325,,EMP35005,0.255,audit
TR001080,BANK01,2024-08-30,29.9,,rail,729,,EMP19060,0.041,internal_meeting
TR001081,BANK01,2024-08-26,238.7,,air_short,936,,EMP41668,0.255,training
TR001082,BANK01,2024-07-13,88.9,,car,520,,EMP29115,0.171,audit
TR001083,BANK01,2024-04-23,45.3,,rail,1106,,EMP31614,0.041,audit
TR001084,BANK01,2024-03-23,994.8,,air_long,6632,,EMP14717,0.15,internal_meeting
TR001085,BANK01,2024-01-09,26.3,,rail,642,,EMP47481,0.041,audit
TR001086,BANK01,2024-06-28,108.6,,air_short,426,,EMP05026,0.255,client_meeting
TR001087,BANK01,2024-01-30,22.8,,rail,555,,EMP14654,0.041,training
TR001088,BANK01,2024-08-02,410.4,,air_long,2736,,EMP38733,0.15,client_meeting
TR001089,BANK01,2024-11-18,33.0,,rail,805,,EMP44875,0.041,internal_meeting
TR001090,BANK01,2024-03-05,340.2,,air_short,1334,,EMP25792,0.255,audit
TR001091,BANK01,2024-02-14,19.6,,rail,479,,EMP33349,0.041,training
TR001092,BANK01,2024-01-14,8.6,,rail,209,,EMP12650,0.041,audit
TR001093,BANK01,2024-04-12,327.9,,air_long,2186,,EMP17240,0.15,training
TR001094,BANK01,2024-09-27,25.1,,rail,611,,EMP28516,0.041,client_meeting
TR001095,BANK01,2024-05-07,41.3,,rail,1007,,EMP41222,0.041,training
TR001096,BANK01,2024-08-05,1333.5,,air_long,8890,,EMP46127,0.15,conference
TR001097,BANK01,2024-05-03,1208.8,,air_long,8059,,EMP19021,0.15,client_meeting
TR001098,BANK01,2024-11-23,29.4,,rail,717,,EMP39499,0.041,internal_meeting
TR001099,BANK01,2024-01-13,352.2,,air_short,1381,,EMP31656,0.255,audit
TR001100,BANK01,2024-12-10,32.3,,rail,787,,EMP27567,0.041,internal_meeting
TR001101,BANK01,2024-09-26,30.3,,rail,739,,EMP17355,0.041,internal_meeting
TR001102,BANK01,2024-04-05,810.8,,air_long,5405,,EMP06690,0.15,training
TR001103,BANK01,2024-04-24,1048.6,,air_long,6991,,EMP26374,0.15,training
TR001104,BANK01,2024-08-27,130.8,,air_short,513,,EMP17121,0.255,conference
TR001105,BANK01,2024-11-08,171.4,,air_short,672,,EMP26276,0.255,conference
TR001106,BANK01,2024-04-01,1161.9,,air_long,7746,,EMP38845,0.15,client_meeting
TR001107,BANK01,2024-12-18,791.9,,air_long,5279,,EMP24351,0.15,internal_meeting
TR001108,BANK01,2024-01-15,26.0,,rail,633,,EMP29772,0.041,training
TR001109,BANK01,2024-06-19,88.5,,air_short,347,,EMP44758,0.255,audit
TR001110,BANK01,2024-08-23,63.1,,car,369,,EMP35041,0.171,audit
TR001111,BANK01,2024-08-21,194.3,,air_short,762,,EMP11718,0.255,conference
TR001112,BANK01,2024-11-06,356.2,,air_short,1397,,EMP22948,0.255,training
TR001113,BANK01,2024-10-04,539.7,,air_long,3598,,EMP18805,0.15,audit
TR001114,BANK01,2024-06-07,84.4,,air_short,331,,EMP16274,0.255,client_meeting
TR001115,BANK01,2024-02-20,607.6,,air_long,4051,,EMP17174,0.15,client_meeting
TR001116,BANK01,2024-02-21,13.2,,rail,323,,EMP42869,0.041,training
TR001117,BANK01,2024-12-04,22.8,,rail,555,,EMP42001,0.041,client_meeting
TR001118,BANK01,2024-05-08,23.8,,rail,581,,EMP34065,0.041,training
TR001119,BANK01,2024-08-31,12.4,,rail,302,,EMP30061,0.041,client_meeting
TR001120,BANK01,2024-11-27,307.5,,air_short,1206,,EMP25243,0.255,audit
TR001121,BANK01,2024-12-14,111.8,,car,654,,EMP06299,0.171,conference
TR001122,BANK01,2024-01-02,331.0,,air_short,1298,,EMP34483,0.255,internal_meeting
TR001123,BANK01,2024-11-21,357.3,,air_short,1401,,EMP37105,0.255,client_meeting
TR001124,BANK01,2024-07-18,114.4,,car,669,,EMP40483,0.171,training
TR001125,BANK01,2024-05-05,17.1,,rail,416,,EMP37031,0.041,conference
TR001126,BANK01,2024-10-11,380.7,,air_long,2538,,EMP20906,0.15,conference
TR001127,BANK01,2024-07-16,50.1,,car,293,,EMP36054,0.171,training
TR001128,BANK01,2024-07-05,278.7,,air_long,1858,,EMP00535,0.15,audit
TR001129,BANK01,2024-01-07,1285.3,,air_long,8569,,EMP33519,0.15,client_meeting
TR001130,BANK01,2024-10-02,32.0,,rail,780,,EMP29889,0.041,internal_meeting
TR001131,BANK01,2024-03-23,48.1,,rail,1172,,EMP41264,0.041,internal_meeting
TR001132,BANK01,2024-10-04,176.0,,air_short,690,,EMP04025,0.255,client_meeting
TR001133,BANK01,2024-12-28,37.6,,car,220,,EMP13440,0.171,audit
TR001134,BANK01,2024-02-05,430.5,,air_long,2870,,EMP17637,0.15,training
TR001135,BANK01,2024-12-13,86.5,,car,506,,EMP00171,0.171,internal_meeting
TR001136,BANK01,2024-06-06,986.4,,air_long,6576,,EMP38952,0.15,internal_meeting
TR001137,BANK01,2024-06-05,32.0,,rail,780,,EMP15579,0.041,audit
TR001138,BANK01,2024-05-17,280.2,,air_short,1099,,EMP42927,0.255,audit
TR001139,BANK01,2024-07-03,122.7,,air_short,481,,EMP15713,0.255,training
TR001140,BANK01,2024-11-28,34.5,,car,202,,EMP33782,0.171,internal_meeting
TR001141,BANK01,2024-08-10,189.0,,air_short,741,,EMP06387,0.255,client_meeting
TR001142,BANK01,2024-07-06,31.0,,rail,757,,EMP31998,0.041,internal_meeting
TR001143,BANK01,2024-10-26,154.5,,air_short,606,,EMP17818,0.255,audit
TR001144,BANK01,2024-08-27,29.1,,rail,709,,EMP28089,0.041,audit
TR001145,BANK01,2024-11-01,158.4,,air_short,621,,EMP30422,0.255,audit
TR001146,BANK01,2024-02-11,31.7,,rail,772,,EMP35482,0.041,client_meeting
TR001147,BANK01,2024-06-21,17.7,,rail,431,,EMP18322,0.041,audit
TR001148,BANK01,2024-10-22,328.9,,air_short,1290,,EMP02891,0.255,internal_meeting
TR001149,BANK01,2024-10-03,1344.8,,air_long,8965,,EMP22715,0.15,client_meeting
TR001150,BANK01,2024-10-12,12.1,,car,71,,EMP03658,0.171,client_meeting
TR001151,BANK01,2024-12-02,87.2,,air_short,342,,EMP13784,0.255,training
TR001152,BANK01,2024-12-23,1033.0,,air_long,6887,,EMP22535,0.15,training
TR001153,BANK01,2024-10-07,131.5,,car,769,,EMP45061,0.171,training
TR001154,BANK01,2024-11-30,226.7,,air_long,1511,,EMP45519,0.15,audit
TR001155,BANK01,2024-04-05,186.7,,air_short,732,,EMP46119,0.255,training
TR001156,BANK01,2024-01-03,44.7,,rail,1090,,EMP02437,0.041,internal_meeting
TR001157,BANK01,2024-08-17,77.3,,car,452,,EMP42656,0.171,internal_meeting
TR001158,BANK01,2024-07-03,217.0,,air_short,851,,EMP40731,0.255,conference
TR001159,BANK01,2024-09-05,28.2,,rail,688,,EMP31406,0.041,training
TR001160,BANK01,2024-04-18,1328.2,,air_long,8855,,EMP34828,0.15,training
TR001161,BANK01,2024-12-11,966.1,,air_long,6441,,EMP06193,0.15,client_meeting
TR001162,BANK01,2024-06-06,294.5,,air_short,1155,,EMP30160,0.255,client_meeting
TR001163,BANK01,2024-03-19,1317.8,,air_long,8785,,EMP44431,0.15,internal_meeting
TR001164,BANK01,2024-05-07,241.5,,air_short,947,,EMP29930,0.255,internal_meeting
TR001165,BANK01,2024-07-12,96.3,,car,563,,EMP31469,0.171,training
TR001166,BANK01,2024-06-18,69.3,,car,405,,EMP09096,0.171,audit
TR001167,BANK01,2024-08-06,697.0,,air_long,4647,,EMP47496,0.15,conference
TR001168,BANK01,2024-07-24,337.9,,air_short,1325,,EMP43113,0.255,training
TR001169,BANK01,2024-01-27,47.7,,car,279,,EMP02947,0.171,client_meeting
TR001170,BANK01,2024-06-23,260.4,,air_short,1021,,EMP17369,0.255,internal_meeting
TR001171,BANK01,2024-10-26,308.6,,air_short,1210,,EMP08929,0.255,training
TR001172,BANK01,2024-05-26,28.2,,rail,689,,EMP00397,0.041,client_meeting
TR001173,BANK01,2024-07-16,7.1,,rail,172,,EMP43671,0.041,internal_meeting
TR001174,BANK01,2024-11-28,40.0,,rail,975,,EMP21946,0.041,client_meeting
TR001175,BANK01,2024-04-11,121.9,,car,713,,EMP07906,0.171,audit
TR001176,BANK01,2024-05-23,33.3,,rail,813,,EMP36953,0.041,internal_meeting
TR001177,BANK01,2024-03-18,350.4,,air_short,1374,,EMP42447,0.255,training
TR001178,BANK01,2024-02-11,316.7,,air_short,1242,,EMP05710,0.255,audit
TR001179,BANK01,2024-08-23,132.9,,air_short,521,,EMP45688,0.255,training
TR001180,BANK01,2024-11-15,54.7,,car,320,,EMP35751,0.171,client_meeting
TR001181,BANK01,2024-05-12,85.3,,car,499,,EMP06512,0.171,internal_meeting
TR001182,BANK01,2024-11-05,26.9,,rail,655,,EMP16574,0.041,internal_meeting
TR001183,BANK01,2024-09-21,76.8,,car,449,,EMP45695,0.171,audit
TR001184,BANK01,2024-02-16,10.9,,rail,266,,EMP41410,0.041,audit
TR001185,BANK01,2024-09-25,29.8,,rail,728,,EMP20735,0.041,client_meeting
TR001186,BANK01,2024-03-24,324.8,,air_long,2165,,EMP20845,0.15,client_meeting
TR001187,BANK01,2024-06-13,120.6,,car,705,,EMP01816,0.171,internal_meeting
TR001188,BANK01,2024-12-22,5.7,,rail,140,,EMP20877,0.041,conference
TR001189,BANK01,2024-11-14,149.4,,air_short,586,,EMP22021,0.255,training
TR001190,BANK01,2024-02-18,745.2,,air_long,4968,,EMP37047,0.15,internal_meeting
TR001191,BANK01,2024-05-03,504.0,,air_long,3360,,EMP33976,0.15,conference
TR001192,BANK01,2024-05-03,130.1,,car,761,,EMP45206,0.171,training
TR001193,BANK01,2024-06-16,18.4,,rail,450,,EMP17149,0.041,audit
TR001194,BANK01,2024-01-29,35.1,,rail,857,,EMP33839,0.041,internal_meeting
TR001195,BANK01,2024-07-15,243.0,,air_short,953,,EMP06661,0.255,internal_meeting
TR001196,BANK01,2024-05-24,21.5,,rail,525,,EMP06730,0.041,audit
TR001197,BANK01,2024-01-29,291.5,,air_short,1143,,EMP45930,0.255,internal_meeting
TR001198,BANK01,2024-02-08,319.0,,air_short,1251,,EMP34385,0.255,client_meeting
TR001199,BANK01,2024-05-31,76.4,,car,447,,EMP15232,0.171,training
TR001200,BANK01,2024-11-28,222.6,,air_short,873,,EMP11893,0.255,conference
