physical_risk_id,counterparty_id,hazard_type,acute_risk_score,chronic_risk_score,exposure_amount_meur,bank_id,country,assessment_horizon,scenario_basis,data_source,hazard_category,high_risk_flag,financial_impact_meur,portfolio_pct,nace_code
PR000001,CP00001,drought,2,5,11.45,BANK01,DE,2030,RCP_4.5,ECB_climate_indicators,chronic,True,0.84,0.037,F42
PR000002,CP00002,flood,2,5,163.84,BANK01,AT,2050,RCP_2.6,ECB_climate_indicators,acute,True,18.72,0.526,B07
PR000003,CP00003,wildfire,4,3,2.7,BANK01,ES,2050,RCP_4.5,ECB_climate_indicators,acute,True,0.11,0.009,C20
PR000004,CP00003,drought,3,5,2.7,BANK01,ES,2050,RCP_2.6,ECB_climate_indicators,chronic,True,0.14,0.009,C20
PR000005,CP00003,flood,3,1,2.7,BANK01,ES,2050,RCP_4.5,ECB_climate_indicators,acute,False,0.4,0.009,C20
PR000006,CP00004,flood,2,3,35.18,BANK01,IT,2030,RCP_8.5,ECB_climate_indicators,acute,False,2.92,0.113,H49
PR000007,CP00004,wildfire,4,3,35.18,BANK01,IT,2050,RCP_8.5,ECB_climate_indicators,acute,True,3.49,0.113,H49
PR000008,CP00005,flood,3,3,212.85,BANK01,IE,2050,RCP_8.5,ECB_climate_indicators,acute,False,19.34,0.683,A01
PR000009,CP00006,drought,3,2,6.4,BANK01,DE,2030,RCP_4.5,ECB_climate_indicators,chronic,False,0.29,0.021,C10
PR000010,CP00006,windstorm,3,4,6.4,BANK01,DE,2030,RCP_8.5,ECB_climate_indicators,acute,True,0.24,0.021,C10
PR000011,CP00007,flood,2,3,59.91,BANK01,DE,2030,RCP_8.5,ECB_climate_indicators,acute,False,8.65,0.192,C24
PR000012,CP00008,sea_level_rise,2,1,168.31,BANK01,IT,2050,RCP_2.6,ECB_climate_indicators,chronic,False,18.59,0.54,B06
PR000013,CP00008,heatwave,3,4,168.31,BANK01,IT,2050,RCP_2.6,ECB_climate_indicators,acute,True,8.04,0.54,B06
PR000014,CP00008,windstorm,4,4,168.31,BANK01,IT,2030,RCP_4.5,ECB_climate_indicators,acute,True,7.8,0.54,B06
PR000015,CP00009,heatwave,3,3,13.67,BANK01,DE,2050,RCP_2.6,ECB_climate_indicators,acute,False,0.59,0.044,H49
PR000016,CP00009,drought,3,2,13.67,BANK01,DE,2030,RCP_4.5,ECB_climate_indicators,chronic,False,0.95,0.044,H49
PR000017,CP00009,flood,2,3,13.67,BANK01,DE,2030,RCP_8.5,ECB_climate_indicators,acute,False,1.19,0.044,H49
PR000018,CP00010,flood,2,3,13.14,BANK01,FI,2050,RCP_4.5,ECB_climate_indicators,acute,False,1.15,0.042,J58
PR000019,CP00011,wildfire,2,3,4.73,BANK01,IT,2030,RCP_4.5,ECB_climate_indicators,acute,False,0.32,0.015,C11
PR000020,CP00011,drought,2,4,4.73,BANK01,IT,2030,RCP_2.6,ECB_climate_indicators,chronic,True,0.2,0.015,C11
PR000021,CP00012,heatwave,2,1,7.99,BANK01,NL,2050,RCP_2.6,ECB_climate_indicators,acute,False,0.26,0.026,F42
PR000022,CP00012,windstorm,1,2,7.99,BANK01,NL,2030,RCP_2.6,ECB_climate_indicators,acute,False,0.28,0.026,F42
PR000023,CP00012,sea_level_rise,2,3,7.99,BANK01,NL,2030,RCP_4.5,ECB_climate_indicators,chronic,False,0.94,0.026,F42
PR000024,CP00013,flood,2,2,478.16,BANK01,FR,2050,RCP_8.5,ECB_climate_indicators,acute,False,66.51,1.535,C27
PR000025,CP00013,windstorm,3,5,478.16,BANK01,FR,2030,RCP_8.5,ECB_climate_indicators,acute,True,20.61,1.535,C27
PR000026,CP00013,heatwave,3,3,478.16,BANK01,FR,2050,RCP_8.5,ECB_climate_indicators,acute,False,20.33,1.535,C27
PR000027,CP00014,flood,2,2,4.05,BANK01,IE,2030,RCP_8.5,ECB_climate_indicators,acute,False,0.54,0.013,G47
PR000028,CP00015,flood,1,2,217.3,BANK01,DE,2030,RCP_8.5,ECB_climate_indicators,acute,False,30.44,0.698,C13
PR000029,CP00016,wildfire,4,4,1438.59,BANK01,IT,2050,RCP_2.6,ECB_climate_indicators,acute,True,103.3,4.618,F42
PR000030,CP00016,drought,5,5,1438.59,BANK01,IT,2050,RCP_8.5,ECB_climate_indicators,chronic,True,94.07,4.618,F42
PR000031,CP00017,flood,3,3,131.76,BANK01,NL,2030,RCP_4.5,ECB_climate_indicators,acute,False,12.92,0.423,H52
PR000032,CP00017,windstorm,3,4,131.76,BANK01,NL,2030,RCP_8.5,ECB_climate_indicators,acute,True,5.17,0.423,H52
PR000033,CP00017,heatwave,4,4,131.76,BANK01,NL,2030,RCP_2.6,ECB_climate_indicators,acute,True,4.55,0.423,H52
PR000034,CP00018,sea_level_rise,1,1,52.51,BANK01,PL,2030,RCP_2.6,ECB_climate_indicators,chronic,False,5.63,0.169,C20
PR000035,CP00019,heatwave,3,4,7.95,BANK01,FR,2030,RCP_8.5,ECB_climate_indicators,acute,True,0.36,0.026,J62
PR000036,CP00019,windstorm,3,2,7.95,BANK01,FR,2030,RCP_4.5,ECB_climate_indicators,acute,False,0.26,0.026,J62
PR000037,CP00019,drought,3,3,7.95,BANK01,FR,2050,RCP_4.5,ECB_climate_indicators,chronic,False,0.33,0.026,J62
PR000038,CP00020,flood,3,3,2083.28,BANK01,IT,2030,RCP_2.6,ECB_climate_indicators,acute,False,288.71,6.688,B05
PR000039,CP00020,wildfire,2,5,2083.28,BANK01,IT,2050,RCP_8.5,ECB_climate_indicators,acute,True,178.46,6.688,B05
PR000040,CP00021,sea_level_rise,2,5,6.66,BANK01,BE,2030,RCP_8.5,ECB_climate_indicators,chronic,True,0.63,0.021,M71
PR000041,CP00022,drought,3,3,10.79,BANK01,BE,2030,RCP_8.5,ECB_climate_indicators,chronic,False,0.43,0.035,C24
PR000042,CP00022,sea_level_rise,3,1,10.79,BANK01,BE,2030,RCP_8.5,ECB_climate_indicators,chronic,False,1.04,0.035,C24
PR000043,CP00022,wildfire,3,4,10.79,BANK01,BE,2030,RCP_2.6,ECB_climate_indicators,acute,True,0.83,0.035,C24
PR000044,CP00023,heatwave,1,4,245.29,BANK01,AT,2050,RCP_4.5,ECB_climate_indicators,acute,True,11.53,0.787,A01
PR000045,CP00023,windstorm,5,3,245.29,BANK01,AT,2030,RCP_2.6,ECB_climate_indicators,acute,True,13.45,0.787,A01
PR000046,CP00024,sea_level_rise,4,2,19.2,BANK01,FI,2030,RCP_2.6,ECB_climate_indicators,chronic,True,2.22,0.062,L68
PR000047,CP00025,sea_level_rise,4,2,4.6,BANK01,IT,2030,RCP_4.5,ECB_climate_indicators,chronic,True,0.44,0.015,C19
PR000048,CP00025,heatwave,2,2,4.6,BANK01,IT,2050,RCP_8.5,ECB_climate_indicators,acute,False,0.17,0.015,C19
PR000049,CP00025,wildfire,4,1,4.6,BANK01,IT,2050,RCP_8.5,ECB_climate_indicators,acute,True,0.4,0.015,C19
PR000050,CP00026,sea_level_rise,3,3,50.53,BANK01,NL,2030,RCP_2.6,ECB_climate_indicators,chronic,False,3.6,0.162,L68
PR000051,CP00026,wildfire,3,3,50.53,BANK01,NL,2030,RCP_2.6,ECB_climate_indicators,acute,False,4.47,0.162,L68
PR000052,CP00027,sea_level_rise,1,3,10.85,BANK01,PT,2030,RCP_8.5,ECB_climate_indicators,chronic,False,1.24,0.035,J63
PR000053,CP00028,flood,2,2,157.64,BANK01,DE,2050,RCP_8.5,ECB_climate_indicators,acute,False,19.73,0.506,E36
PR000054,CP00029,heatwave,5,1,32.88,BANK01,DE,2030,RCP_4.5,ECB_climate_indicators,acute,True,0.79,0.106,I55
PR000055,CP00029,windstorm,1,1,32.88,BANK01,DE,2050,RCP_2.6,ECB_climate_indicators,acute,False,1.87,0.106,I55
PR000056,CP00029,wildfire,1,5,32.88,BANK01,DE,2030,RCP_4.5,ECB_climate_indicators,acute,True,1.65,0.106,I55
PR000057,CP00030,wildfire,5,3,3638.84,BANK01,NL,2050,RCP_4.5,ECB_climate_indicators,acute,True,350.68,11.681,C29
PR000058,CP00030,windstorm,4,5,3638.84,BANK01,NL,2050,RCP_2.6,ECB_climate_indicators,acute,True,213.1,11.681,C29
PR000059,CP00030,flood,3,5,3638.84,BANK01,NL,2050,RCP_8.5,ECB_climate_indicators,acute,True,391.15,11.681,C29
PR000060,CP00031,sea_level_rise,5,2,2727.53,BANK01,IT,2030,RCP_4.5,ECB_climate_indicators,chronic,True,283.06,8.756,C19
PR000061,CP00032,sea_level_rise,3,4,6.54,BANK01,FR,2030,RCP_2.6,ECB_climate_indicators,chronic,True,0.33,0.021,C25
PR000062,CP00033,windstorm,5,2,2.78,BANK01,FR,2030,RCP_8.5,ECB_climate_indicators,acute,True,0.17,0.009,C23
PR000063,CP00034,sea_level_rise,3,2,16.87,BANK01,DE,2030,RCP_2.6,ECB_climate_indicators,chronic,False,1.31,0.054,B05
PR000064,CP00035,drought,2,2,2.24,BANK01,FR,2050,RCP_8.5,ECB_climate_indicators,chronic,False,0.14,0.007,F43
PR000065,CP00036,wildfire,4,2,73.74,BANK01,FR,2030,RCP_8.5,ECB_climate_indicators,acute,True,4.22,0.237,E36
PR000066,CP00037,flood,3,3,42.62,BANK01,ES,2030,RCP_4.5,ECB_climate_indicators,acute,False,5.54,0.137,B06
PR000067,CP00037,windstorm,2,3,42.62,BANK01,ES,2050,RCP_2.6,ECB_climate_indicators,acute,False,1.67,0.137,B06
PR000068,CP00037,wildfire,3,3,42.62,BANK01,ES,2050,RCP_8.5,ECB_climate_indicators,acute,False,1.95,0.137,B06
PR000069,CP00038,drought,3,1,157.34,BANK01,BE,2050,RCP_2.6,ECB_climate_indicators,chronic,False,9.84,0.505,B05
PR000070,CP00039,wildfire,3,4,11.23,BANK01,FR,2050,RCP_8.5,ECB_climate_indicators,acute,True,0.66,0.036,J62
PR000071,CP00040,drought,2,2,1171.52,BANK01,ES,2050,RCP_4.5,ECB_climate_indicators,chronic,False,55.32,3.761,C19
PR000072,CP00040,wildfire,1,2,1171.52,BANK01,ES,2030,RCP_4.5,ECB_climate_indicators,acute,False,104.17,3.761,C19
PR000073,CP00040,heatwave,3,1,1171.52,BANK01,ES,2030,RCP_8.5,ECB_climate_indicators,acute,False,25.12,3.761,C19
PR000074,CP00041,flood,2,4,730.53,BANK01,DE,2030,RCP_2.6,ECB_climate_indicators,acute,True,82.51,2.345,C30
PR000075,CP00042,heatwave,4,2,83.78,BANK01,FR,2030,RCP_2.6,ECB_climate_indicators,acute,True,3.53,0.269,J58
PR000076,CP00043,flood,2,2,1.77,BANK01,FR,2030,RCP_8.5,ECB_climate_indicators,acute,False,0.19,0.006,K65
PR000077,CP00043,drought,4,4,1.77,BANK01,FR,2050,RCP_2.6,ECB_climate_indicators,chronic,True,0.06,0.006,K65
PR000078,CP00044,sea_level_rise,3,3,350.92,BANK01,FR,2030,RCP_4.5,ECB_climate_indicators,chronic,False,37.47,1.127,I56
PR000079,CP00044,heatwave,1,1,350.92,BANK01,FR,2030,RCP_4.5,ECB_climate_indicators,acute,False,7.85,1.127,I56
PR000080,CP00044,windstorm,4,2,350.92,BANK01,FR,2050,RCP_8.5,ECB_climate_indicators,acute,True,18.04,1.127,I56
PR000081,CP00045,windstorm,4,4,17.71,BANK01,FR,2030,RCP_4.5,ECB_climate_indicators,acute,True,1.12,0.057,H50
PR000082,CP00046,windstorm,3,2,14.73,BANK01,DE,2050,RCP_8.5,ECB_climate_indicators,acute,False,0.96,0.047,H52
PR000083,CP00046,wildfire,2,2,14.73,BANK01,DE,2030,RCP_2.6,ECB_climate_indicators,acute,False,0.77,0.047,H52
PR000084,CP00047,flood,5,1,7.86,BANK01,PT,2050,RCP_8.5,ECB_climate_indicators,acute,True,0.91,0.025,C28
PR000085,CP00047,heatwave,4,3,7.86,BANK01,PT,2050,RCP_8.5,ECB_climate_indicators,acute,True,0.19,0.025,C28
PR000086,CP00048,wildfire,1,4,4.38,BANK01,DE,2030,RCP_8.5,ECB_climate_indicators,acute,True,0.32,0.014,J58
PR000087,CP00048,heatwave,2,5,4.38,BANK01,DE,2030,RCP_8.5,ECB_climate_indicators,acute,True,0.11,0.014,J58
PR000088,CP00048,windstorm,3,4,4.38,BANK01,DE,2050,RCP_8.5,ECB_climate_indicators,acute,True,0.31,0.014,J58
PR000089,CP00049,sea_level_rise,3,4,6.51,BANK01,FI,2030,RCP_4.5,ECB_climate_indicators,chronic,True,0.53,0.021,B07
PR000090,CP00050,heatwave,2,2,35.43,BANK01,BE,2030,RCP_8.5,ECB_climate_indicators,acute,False,1.59,0.114,B06
PR000091,CP00051,drought,3,3,26.09,BANK01,FR,2030,RCP_2.6,ECB_climate_indicators,chronic,False,1.97,0.084,H50
PR000092,CP00051,wildfire,4,1,26.09,BANK01,FR,2030,RCP_4.5,ECB_climate_indicators,acute,True,2.05,0.084,H50
PR000093,CP00051,sea_level_rise,2,4,26.09,BANK01,FR,2050,RCP_8.5,ECB_climate_indicators,chronic,True,1.33,0.084,H50
PR000094,CP00052,sea_level_rise,3,1,663.4,BANK01,LU,2030,RCP_8.5,ECB_climate_indicators,chronic,False,46.96,2.13,C27
PR000095,CP00052,heatwave,2,2,663.4,BANK01,LU,2030,RCP_8.5,ECB_climate_indicators,acute,False,13.84,2.13,C27
PR000096,CP00052,drought,2,5,663.4,BANK01,LU,2030,RCP_4.5,ECB_climate_indicators,chronic,True,37.92,2.13,C27
PR000097,CP00053,flood,1,4,2.91,BANK01,DE,2030,RCP_8.5,ECB_climate_indicators,acute,True,0.35,0.009,Q87
PR000098,CP00053,heatwave,3,5,2.91,BANK01,DE,2030,RCP_4.5,ECB_climate_indicators,acute,True,0.08,0.009,Q87
PR000099,CP00054,flood,3,3,25.75,BANK01,FI,2030,RCP_8.5,ECB_climate_indicators,acute,False,3.08,0.083,J63
PR000100,CP00055,drought,3,3,655.4,BANK01,IT,2030,RCP_2.6,ECB_climate_indicators,chronic,False,31.69,2.104,C30
PR000101,CP00055,flood,4,3,655.4,BANK01,IT,2030,RCP_4.5,ECB_climate_indicators,acute,True,65.88,2.104,C30
PR000102,CP00055,sea_level_rise,4,4,655.4,BANK01,IT,2050,RCP_2.6,ECB_climate_indicators,chronic,True,76.17,2.104,C30
PR000103,CP00056,flood,2,2,126.66,BANK01,IT,2030,RCP_8.5,ECB_climate_indicators,acute,False,15.87,0.407,G45
PR000104,CP00057,wildfire,1,5,7.62,BANK01,AT,2030,RCP_8.5,ECB_climate_indicators,acute,True,0.67,0.024,K64
PR000105,CP00057,heatwave,2,4,7.62,BANK01,AT,2030,RCP_4.5,ECB_climate_indicators,acute,True,0.27,0.024,K64
PR000106,CP00058,windstorm,3,1,290.79,BANK01,FR,2050,RCP_8.5,ECB_climate_indicators,acute,False,19.26,0.933,H50
PR000107,CP00059,drought,4,2,1290.09,BANK01,BE,2030,RCP_8.5,ECB_climate_indicators,chronic,True,52.0,4.141,B05
PR000108,CP00060,wildfire,1,1,251.16,BANK01,FR,2030,RCP_8.5,ECB_climate_indicators,acute,False,13.95,0.806,F42
PR000109,CP00061,windstorm,1,3,47.02,BANK01,LU,2050,RCP_4.5,ECB_climate_indicators,acute,False,1.68,0.151,B07
PR000110,CP00061,wildfire,5,3,47.02,BANK01,LU,2050,RCP_2.6,ECB_climate_indicators,acute,True,2.66,0.151,B07
PR000111,CP00062,wildfire,1,3,1.85,BANK01,FR,2030,RCP_8.5,ECB_climate_indicators,acute,False,0.18,0.006,E38
PR000112,CP00063,drought,2,2,25.11,BANK01,DE,2050,RCP_8.5,ECB_climate_indicators,chronic,False,1.32,0.081,P85
PR000113,CP00064,sea_level_rise,3,2,1295.96,BANK01,IE,2050,RCP_8.5,ECB_climate_indicators,chronic,False,139.12,4.16,B07
PR000114,CP00065,windstorm,2,2,4.29,BANK01,FR,2050,RCP_8.5,ECB_climate_indicators,acute,False,0.16,0.014,M70
PR000115,CP00066,heatwave,3,4,348.38,BANK01,DE,2030,RCP_8.5,ECB_climate_indicators,acute,True,15.37,1.118,J63
PR000116,CP00066,drought,3,4,348.38,BANK01,DE,2030,RCP_4.5,ECB_climate_indicators,chronic,True,22.77,1.118,J63
PR000117,CP00066,sea_level_rise,2,1,348.38,BANK01,DE,2050,RCP_8.5,ECB_climate_indicators,chronic,False,35.78,1.118,J63
PR000118,CP00067,drought,4,4,12.95,BANK01,AT,2030,RCP_8.5,ECB_climate_indicators,chronic,True,0.8,0.042,F43
PR000119,CP00067,flood,3,1,12.95,BANK01,AT,2030,RCP_4.5,ECB_climate_indicators,acute,False,1.76,0.042,F43
PR000120,CP00067,wildfire,3,3,12.95,BANK01,AT,2050,RCP_8.5,ECB_climate_indicators,acute,False,1.21,0.042,F43
PR000121,CP00068,sea_level_rise,3,2,1151.39,BANK01,FI,2030,RCP_2.6,ECB_climate_indicators,chronic,False,126.15,3.696,B07
PR000122,CP00068,heatwave,3,5,1151.39,BANK01,FI,2030,RCP_2.6,ECB_climate_indicators,acute,True,43.51,3.696,B07
PR000123,CP00068,drought,5,3,1151.39,BANK01,FI,2030,RCP_2.6,ECB_climate_indicators,chronic,True,78.8,3.696,B07
PR000124,CP00069,flood,1,2,1392.98,BANK01,PT,2030,RCP_2.6,ECB_climate_indicators,acute,False,117.37,4.472,C10
PR000125,CP00069,heatwave,3,1,1392.98,BANK01,PT,2050,RCP_2.6,ECB_climate_indicators,acute,False,34.4,4.472,C10
PR000126,CP00069,windstorm,3,3,1392.98,BANK01,PT,2050,RCP_8.5,ECB_climate_indicators,acute,False,50.79,4.472,C10
PR000127,CP00070,heatwave,4,5,884.44,BANK01,FI,2050,RCP_8.5,ECB_climate_indicators,acute,True,18.68,2.839,H51
PR000128,CP00070,flood,2,4,884.44,BANK01,FI,2050,RCP_2.6,ECB_climate_indicators,acute,True,112.21,2.839,H51
PR000129,CP00071,wildfire,2,5,6.58,BANK01,PT,2050,RCP_4.5,ECB_climate_indicators,acute,True,0.65,0.021,F43
PR000130,CP00072,flood,1,2,2937.14,BANK01,FR,2030,RCP_8.5,ECB_climate_indicators,acute,False,375.9,9.429,P85
PR000131,CP00072,sea_level_rise,3,3,2937.14,BANK01,FR,2050,RCP_2.6,ECB_climate_indicators,chronic,False,303.74,9.429,P85
PR000132,CP00073,drought,3,3,64.38,BANK01,IE,2050,RCP_8.5,ECB_climate_indicators,chronic,False,2.7,0.207,C10
PR000133,CP00074,sea_level_rise,2,4,23.84,BANK01,NL,2030,RCP_4.5,ECB_climate_indicators,chronic,True,1.57,0.077,C13
PR000134,CP00074,flood,1,3,23.84,BANK01,NL,2050,RCP_4.5,ECB_climate_indicators,acute,False,2.74,0.077,C13
PR000135,CP00074,drought,2,3,23.84,BANK01,NL,2050,RCP_8.5,ECB_climate_indicators,chronic,False,1.09,0.077,C13
PR000136,CP00075,heatwave,3,1,232.76,BANK01,IE,2030,RCP_2.6,ECB_climate_indicators,acute,False,9.97,0.747,C29
PR000137,CP00075,sea_level_rise,3,4,232.76,BANK01,IE,2030,RCP_4.5,ECB_climate_indicators,chronic,True,16.38,0.747,C29
PR000138,CP00076,wildfire,3,2,76.56,BANK01,DE,2030,RCP_4.5,ECB_climate_indicators,acute,False,5.52,0.246,C11
PR000139,CP00077,wildfire,2,2,80.29,BANK01,FI,2050,RCP_8.5,ECB_climate_indicators,acute,False,5.31,0.258,B07
PR000140,CP00077,flood,2,3,80.29,BANK01,FI,2030,RCP_2.6,ECB_climate_indicators,acute,False,10.76,0.258,B07
PR000141,CP00077,heatwave,2,4,80.29,BANK01,FI,2030,RCP_2.6,ECB_climate_indicators,acute,True,1.62,0.258,B07
PR000142,CP00078,flood,3,4,0.8,BANK01,IT,2030,RCP_4.5,ECB_climate_indicators,acute,True,0.1,0.003,C13
PR000143,CP00078,sea_level_rise,3,4,0.8,BANK01,IT,2050,RCP_2.6,ECB_climate_indicators,chronic,True,0.04,0.003,C13
PR000144,CP00078,wildfire,3,3,0.8,BANK01,IT,2030,RCP_4.5,ECB_climate_indicators,acute,False,0.05,0.003,C13
PR000145,CP00079,drought,3,4,111.45,BANK01,FI,2030,RCP_8.5,ECB_climate_indicators,chronic,True,5.94,0.358,F43
PR000146,CP00080,wildfire,5,3,663.67,BANK01,FR,2030,RCP_8.5,ECB_climate_indicators,acute,True,57.74,2.131,H51
PR000147,CP00080,windstorm,2,4,663.67,BANK01,FR,2050,RCP_2.6,ECB_climate_indicators,acute,True,27.79,2.131,H51
PR000148,CP00080,drought,3,4,663.67,BANK01,FR,2050,RCP_4.5,ECB_climate_indicators,chronic,True,31.93,2.131,H51
PR000149,CP00081,heatwave,2,2,65.45,BANK01,FR,2030,RCP_8.5,ECB_climate_indicators,acute,False,1.85,0.21,C25
PR000150,CP00082,drought,1,4,15.27,BANK01,BE,2050,RCP_4.5,ECB_climate_indicators,chronic,True,0.6,0.049,H52
PR000151,CP00083,windstorm,2,3,301.74,BANK01,PT,2030,RCP_4.5,ECB_climate_indicators,acute,False,12.31,0.969,C10
PR000152,CP00083,drought,1,4,301.74,BANK01,PT,2050,RCP_4.5,ECB_climate_indicators,chronic,True,19.7,0.969,C10
PR000153,CP00084,windstorm,5,1,2102.44,BANK01,DE,2050,RCP_4.5,ECB_climate_indicators,acute,True,125.17,6.749,B08
PR000154,CP00084,flood,3,2,2102.44,BANK01,DE,2030,RCP_8.5,ECB_climate_indicators,acute,False,283.69,6.749,B08
PR000155,CP00085,drought,1,3,5.91,BANK01,BE,2030,RCP_8.5,ECB_climate_indicators,chronic,False,0.24,0.019,C22
PR000156,CP00085,wildfire,2,3,5.91,BANK01,BE,2030,RCP_4.5,ECB_climate_indicators,acute,False,0.27,0.019,C22
PR000157,CP00086,wildfire,2,3,362.93,BANK01,FR,2030,RCP_4.5,ECB_climate_indicators,acute,False,31.72,1.165,C13
PR000158,CP00086,drought,1,3,362.93,BANK01,FR,2030,RCP_2.6,ECB_climate_indicators,chronic,False,21.11,1.165,C13
PR000159,CP00087,windstorm,3,4,4.57,BANK01,IT,2030,RCP_4.5,ECB_climate_indicators,acute,True,0.23,0.015,B07
PR000160,CP00087,heatwave,4,2,4.57,BANK01,IT,2030,RCP_2.6,ECB_climate_indicators,acute,True,0.17,0.015,B07
PR000161,CP00088,wildfire,2,1,685.53,BANK01,NL,2030,RCP_8.5,ECB_climate_indicators,acute,False,65.72,2.201,C27
PR000162,CP00089,sea_level_rise,5,3,121.17,BANK01,PL,2030,RCP_4.5,ECB_climate_indicators,chronic,True,12.11,0.389,F43
PR000163,CP00090,sea_level_rise,5,3,26.84,BANK01,FI,2030,RCP_2.6,ECB_climate_indicators,chronic,True,1.67,0.086,G45
PR000164,CP00091,flood,2,3,37.41,BANK02,AT,2050,RCP_4.5,ECB_climate_indicators,acute,False,3.48,0.19,K64
PR000165,CP00092,drought,3,3,282.06,BANK02,FR,2050,RCP_4.5,ECB_climate_indicators,chronic,False,13.63,1.436,G47
PR000166,CP00092,wildfire,3,2,282.06,BANK02,FR,2030,RCP_2.6,ECB_climate_indicators,acute,False,15.25,1.436,G47
PR000167,CP00093,flood,2,1,9.15,BANK02,IT,2050,RCP_4.5,ECB_climate_indicators,acute,False,0.91,0.047,B06
PR000168,CP00093,sea_level_rise,4,3,9.15,BANK02,IT,2030,RCP_4.5,ECB_climate_indicators,chronic,True,0.59,0.047,B06
PR000169,CP00094,windstorm,3,4,7.73,BANK02,FR,2030,RCP_4.5,ECB_climate_indicators,acute,True,0.5,0.039,B06
PR000170,CP00094,drought,2,4,7.73,BANK02,FR,2050,RCP_4.5,ECB_climate_indicators,chronic,True,0.59,0.039,B06
PR000171,CP00094,wildfire,2,2,7.73,BANK02,FR,2050,RCP_4.5,ECB_climate_indicators,acute,False,0.64,0.039,B06
PR000172,CP00095,windstorm,4,2,91.79,BANK02,IT,2050,RCP_4.5,ECB_climate_indicators,acute,True,4.8,0.467,B05
PR000173,CP00096,sea_level_rise,3,4,1465.9,BANK02,IE,2030,RCP_4.5,ECB_climate_indicators,chronic,True,91.44,7.464,C13
PR000174,CP00097,drought,2,1,36.56,BANK02,DE,2030,RCP_4.5,ECB_climate_indicators,chronic,False,2.69,0.186,C13
PR000175,CP00097,flood,2,2,36.56,BANK02,DE,2030,RCP_2.6,ECB_climate_indicators,acute,False,3.76,0.186,C13
PR000176,CP00097,sea_level_rise,3,3,36.56,BANK02,DE,2050,RCP_4.5,ECB_climate_indicators,chronic,False,4.26,0.186,C13
PR000177,CP00098,wildfire,2,3,158.73,BANK02,PT,2030,RCP_2.6,ECB_climate_indicators,acute,False,6.92,0.808,K64
PR000178,CP00098,flood,4,2,158.73,BANK02,PT,2030,RCP_4.5,ECB_climate_indicators,acute,True,21.47,0.808,K64
PR000179,CP00098,windstorm,3,3,158.73,BANK02,PT,2050,RCP_8.5,ECB_climate_indicators,acute,False,6.2,0.808,K64
PR000180,CP00099,windstorm,3,3,33.08,BANK02,FR,2030,RCP_4.5,ECB_climate_indicators,acute,False,1.48,0.168,C28
PR000181,CP00100,sea_level_rise,3,5,1.62,BANK02,IT,2050,RCP_2.6,ECB_climate_indicators,chronic,True,0.15,0.008,F43
PR000182,CP00101,flood,5,3,1468.15,BANK02,NL,2030,RCP_2.6,ECB_climate_indicators,acute,True,165.53,7.476,Q86
PR000183,CP00102,heatwave,3,3,31.2,BANK02,DE,2030,RCP_8.5,ECB_climate_indicators,acute,False,0.77,0.159,F42
PR000184,CP00102,sea_level_rise,3,4,31.2,BANK02,DE,2030,RCP_8.5,ECB_climate_indicators,chronic,True,2.96,0.159,F42
PR000185,CP00102,flood,2,2,31.2,BANK02,DE,2050,RCP_8.5,ECB_climate_indicators,acute,False,3.15,0.159,F42
PR000186,CP00103,windstorm,2,3,11.9,BANK02,ES,2050,RCP_4.5,ECB_climate_indicators,acute,False,0.48,0.061,H51
PR000187,CP00104,wildfire,3,2,2.1,BANK02,PT,2030,RCP_4.5,ECB_climate_indicators,acute,False,0.12,0.011,H52
PR000188,CP00105,windstorm,2,2,1995.11,BANK02,DE,2050,RCP_8.5,ECB_climate_indicators,acute,False,91.36,10.159,H52
PR000189,CP00105,sea_level_rise,2,5,1995.11,BANK02,DE,2030,RCP_8.5,ECB_climate_indicators,chronic,True,110.1,10.159,H52
PR000190,CP00105,drought,2,3,1995.11,BANK02,DE,2050,RCP_4.5,ECB_climate_indicators,chronic,False,139.06,10.159,H52
PR000191,CP00106,sea_level_rise,4,3,16.4,BANK02,DE,2030,RCP_4.5,ECB_climate_indicators,chronic,True,1.38,0.084,A02
PR000192,CP00106,heatwave,4,4,16.4,BANK02,DE,2030,RCP_8.5,ECB_climate_indicators,acute,True,0.63,0.084,A02
PR000193,CP00106,windstorm,3,4,16.4,BANK02,DE,2030,RCP_8.5,ECB_climate_indicators,acute,True,0.56,0.084,A02
PR000194,CP00107,sea_level_rise,2,4,41.6,BANK02,DE,2050,RCP_8.5,ECB_climate_indicators,chronic,True,3.8,0.212,C17
PR000195,CP00107,drought,3,3,41.6,BANK02,DE,2050,RCP_2.6,ECB_climate_indicators,chronic,False,1.64,0.212,C17
PR000196,CP00108,drought,4,2,75.17,BANK02,IT,2030,RCP_4.5,ECB_climate_indicators,chronic,True,4.44,0.383,C24
PR000197,CP00108,windstorm,1,4,75.17,BANK02,IT,2050,RCP_4.5,ECB_climate_indicators,acute,True,3.86,0.383,C24
PR000198,CP00108,heatwave,2,2,75.17,BANK02,IT,2050,RCP_2.6,ECB_climate_indicators,acute,False,3.24,0.383,C24
PR000199,CP00109,heatwave,4,3,2.07,BANK02,PL,2030,RCP_2.6,ECB_climate_indicators,acute,True,0.08,0.011,G45
PR000200,CP00109,sea_level_rise,3,5,2.07,BANK02,PL,2030,RCP_2.6,ECB_climate_indicators,chronic,True,0.15,0.011,G45
PR000201,CP00109,windstorm,4,4,2.07,BANK02,PL,2050,RCP_8.5,ECB_climate_indicators,acute,True,0.1,0.011,G45
PR000202,CP00110,drought,3,3,10.6,BANK02,LU,2050,RCP_2.6,ECB_climate_indicators,chronic,False,0.76,0.054,E36
PR000203,CP00111,heatwave,3,3,180.4,BANK02,BE,2050,RCP_2.6,ECB_climate_indicators,acute,False,4.34,0.919,B06
PR000204,CP00111,wildfire,4,3,180.4,BANK02,BE,2030,RCP_2.6,ECB_climate_indicators,acute,True,8.23,0.919,B06
PR000205,CP00111,drought,4,3,180.4,BANK02,BE,2030,RCP_2.6,ECB_climate_indicators,chronic,True,11.73,0.919,B06
PR000206,CP00112,windstorm,2,4,223.13,BANK02,IE,2050,RCP_2.6,ECB_climate_indicators,acute,True,14.38,1.136,H49
PR000207,CP00113,drought,3,4,25.3,BANK02,IT,2050,RCP_4.5,ECB_climate_indicators,chronic,True,1.85,0.129,C22
PR000208,CP00113,wildfire,3,2,25.3,BANK02,IT,2050,RCP_4.5,ECB_climate_indicators,acute,False,1.42,0.129,C22
PR000209,CP00113,flood,5,4,25.3,BANK02,IT,2050,RCP_2.6,ECB_climate_indicators,acute,True,3.46,0.129,C22
PR000210,CP00114,sea_level_rise,4,2,53.21,BANK02,ES,2050,RCP_2.6,ECB_climate_indicators,chronic,True,4.48,0.271,C22
PR000211,CP00114,heatwave,3,4,53.21,BANK02,ES,2030,RCP_4.5,ECB_climate_indicators,acute,True,1.45,0.271,C22
PR000212,CP00114,windstorm,4,1,53.21,BANK02,ES,2050,RCP_4.5,ECB_climate_indicators,acute,True,3.0,0.271,C22
PR000213,CP00115,sea_level_rise,3,4,26.71,BANK02,BE,2030,RCP_4.5,ECB_climate_indicators,chronic,True,1.91,0.136,G46
PR000214,CP00115,wildfire,2,2,26.71,BANK02,BE,2050,RCP_2.6,ECB_climate_indicators,acute,False,1.89,0.136,G46
PR000215,CP00115,drought,3,3,26.71,BANK02,BE,2050,RCP_2.6,ECB_climate_indicators,chronic,False,0.89,0.136,G46
PR000216,CP00116,wildfire,2,4,66.68,BANK02,IE,2030,RCP_4.5,ECB_climate_indicators,acute,True,2.74,0.34,C24
PR000217,CP00116,windstorm,2,4,66.68,BANK02,IE,2050,RCP_2.6,ECB_climate_indicators,acute,True,4.34,0.34,C24
PR000218,CP00116,drought,3,3,66.68,BANK02,IE,2050,RCP_4.5,ECB_climate_indicators,chronic,False,3.39,0.34,C24
PR000219,CP00117,sea_level_rise,3,5,5.12,BANK02,IT,2050,RCP_4.5,ECB_climate_indicators,chronic,True,0.38,0.026,E38
PR000220,CP00118,flood,4,2,28.12,BANK02,FR,2030,RCP_2.6,ECB_climate_indicators,acute,True,2.29,0.143,J63
PR000221,CP00118,drought,5,5,28.12,BANK02,FR,2050,RCP_4.5,ECB_climate_indicators,chronic,True,1.79,0.143,J63
PR000222,CP00118,heatwave,3,5,28.12,BANK02,FR,2030,RCP_2.6,ECB_climate_indicators,acute,True,0.57,0.143,J63
PR000223,CP00119,heatwave,1,3,15.32,BANK02,ES,2030,RCP_8.5,ECB_climate_indicators,acute,False,0.74,0.078,C10
PR000224,CP00120,drought,2,2,422.22,BANK02,IT,2030,RCP_4.5,ECB_climate_indicators,chronic,False,18.04,2.15,I56
PR000225,CP00120,wildfire,2,2,422.22,BANK02,IT,2050,RCP_2.6,ECB_climate_indicators,acute,False,38.64,2.15,I56
PR000226,CP00120,heatwave,2,2,422.22,BANK02,IT,2050,RCP_8.5,ECB_climate_indicators,acute,False,11.99,2.15,I56
PR000227,CP00121,drought,1,4,19.31,BANK02,FR,2030,RCP_2.6,ECB_climate_indicators,chronic,True,1.28,0.098,C29
PR000228,CP00121,heatwave,2,5,19.31,BANK02,FR,2030,RCP_8.5,ECB_climate_indicators,acute,True,0.83,0.098,C29
PR000229,CP00121,flood,2,1,19.31,BANK02,FR,2030,RCP_8.5,ECB_climate_indicators,acute,False,2.64,0.098,C29
PR000230,CP00122,wildfire,2,2,68.6,BANK02,BE,2050,RCP_2.6,ECB_climate_indicators,acute,False,4.06,0.349,H52
PR000231,CP00122,windstorm,3,3,68.6,BANK02,BE,2050,RCP_8.5,ECB_climate_indicators,acute,False,2.69,0.349,H52
PR000232,CP00123,sea_level_rise,2,3,14.84,BANK02,IT,2050,RCP_2.6,ECB_climate_indicators,chronic,False,1.17,0.076,D35
PR000233,CP00123,heatwave,4,3,14.84,BANK02,IT,2030,RCP_4.5,ECB_climate_indicators,acute,True,0.64,0.076,D35
PR000234,CP00123,drought,1,5,14.84,BANK02,IT,2050,RCP_4.5,ECB_climate_indicators,chronic,True,0.47,0.076,D35
PR000235,CP00124,drought,5,3,23.96,BANK02,NL,2030,RCP_8.5,ECB_climate_indicators,chronic,True,1.41,0.122,C27
PR000236,CP00124,heatwave,4,2,23.96,BANK02,NL,2030,RCP_2.6,ECB_climate_indicators,acute,True,0.63,0.122,C27
PR000237,CP00124,flood,3,2,23.96,BANK02,NL,2030,RCP_8.5,ECB_climate_indicators,acute,False,2.98,0.122,C27
PR000238,CP00125,wildfire,3,3,13.49,BANK02,ES,2030,RCP_4.5,ECB_climate_indicators,acute,False,1.03,0.069,C10
PR000239,CP00125,sea_level_rise,3,4,13.49,BANK02,ES,2030,RCP_8.5,ECB_climate_indicators,chronic,True,1.12,0.069,C10
PR000240,CP00125,windstorm,3,2,13.49,BANK02,ES,2050,RCP_2.6,ECB_climate_indicators,acute,False,0.72,0.069,C10
PR000241,CP00126,wildfire,2,1,95.21,BANK02,DE,2030,RCP_8.5,ECB_climate_indicators,acute,False,3.82,0.485,C19
PR000242,CP00127,heatwave,3,2,134.77,BANK02,FR,2030,RCP_4.5,ECB_climate_indicators,acute,False,4.3,0.686,H52
PR000243,CP00128,sea_level_rise,3,3,19.08,BANK02,IT,2030,RCP_2.6,ECB_climate_indicators,chronic,False,1.52,0.097,G46
PR000244,CP00128,windstorm,3,2,19.08,BANK02,IT,2050,RCP_4.5,ECB_climate_indicators,acute,False,1.01,0.097,G46
PR000245,CP00128,drought,3,1,19.08,BANK02,IT,2030,RCP_8.5,ECB_climate_indicators,chronic,False,0.87,0.097,G46
PR000246,CP00129,windstorm,1,3,1721.38,BANK02,FR,2050,RCP_2.6,ECB_climate_indicators,acute,False,108.04,8.765,C30
PR000247,CP00129,drought,3,2,1721.38,BANK02,FR,2030,RCP_8.5,ECB_climate_indicators,chronic,False,131.2,8.765,C30
PR000248,CP00129,wildfire,3,5,1721.38,BANK02,FR,2030,RCP_8.5,ECB_climate_indicators,acute,True,131.29,8.765,C30
PR000249,CP00130,drought,2,3,12.08,BANK02,AT,2030,RCP_4.5,ECB_climate_indicators,chronic,False,0.77,0.062,F42
PR000250,CP00130,windstorm,5,2,12.08,BANK02,AT,2030,RCP_2.6,ECB_climate_indicators,acute,True,0.78,0.062,F42
PR000251,CP00130,heatwave,3,5,12.08,BANK02,AT,2050,RCP_8.5,ECB_climate_indicators,acute,True,0.52,0.062,F42
PR000252,CP00131,windstorm,3,2,6.2,BANK02,ES,2030,RCP_4.5,ECB_climate_indicators,acute,False,0.3,0.032,C27
PR000253,CP00131,sea_level_rise,4,5,6.2,BANK02,ES,2030,RCP_2.6,ECB_climate_indicators,chronic,True,0.63,0.032,C27
PR000254,CP00131,wildfire,1,5,6.2,BANK02,ES,2050,RCP_4.5,ECB_climate_indicators,acute,True,0.36,0.032,C27
PR000255,CP00132,drought,5,2,36.89,BANK02,PT,2050,RCP_8.5,ECB_climate_indicators,chronic,True,1.76,0.188,C27
PR000256,CP00132,heatwave,1,2,36.89,BANK02,PT,2030,RCP_2.6,ECB_climate_indicators,acute,False,1.32,0.188,C27
PR000257,CP00132,sea_level_rise,1,2,36.89,BANK02,PT,2050,RCP_4.5,ECB_climate_indicators,chronic,False,2.03,0.188,C27
PR000258,CP00133,wildfire,2,4,872.72,BANK02,FR,2030,RCP_8.5,ECB_climate_indicators,acute,True,60.5,4.444,H49
PR000259,CP00133,drought,3,2,872.72,BANK02,FR,2050,RCP_2.6,ECB_climate_indicators,chronic,False,46.16,4.444,H49
PR000260,CP00134,heatwave,2,2,237.5,BANK02,IE,2030,RCP_8.5,ECB_climate_indicators,acute,False,10.44,1.209,B07
PR000261,CP00134,flood,3,3,237.5,BANK02,IE,2030,RCP_4.5,ECB_climate_indicators,acute,False,29.0,1.209,B07
PR000262,CP00135,windstorm,5,3,13.63,BANK02,LU,2030,RCP_2.6,ECB_climate_indicators,acute,True,0.54,0.069,C13
PR000263,CP00135,drought,2,4,13.63,BANK02,LU,2030,RCP_2.6,ECB_climate_indicators,chronic,True,0.98,0.069,C13
PR000264,CP00136,drought,5,2,209.39,BANK02,BE,2050,RCP_2.6,ECB_climate_indicators,chronic,True,9.61,1.066,H51
PR000265,CP00136,sea_level_rise,3,2,209.39,BANK02,BE,2050,RCP_8.5,ECB_climate_indicators,chronic,False,14.84,1.066,H51
PR000266,CP00137,wildfire,1,5,5.58,BANK02,FR,2030,RCP_4.5,ECB_climate_indicators,acute,True,0.44,0.028,F41
PR000267,CP00137,windstorm,2,4,5.58,BANK02,FR,2030,RCP_4.5,ECB_climate_indicators,acute,True,0.31,0.028,F41
PR000268,CP00138,sea_level_rise,5,4,75.12,BANK02,DE,2030,RCP_2.6,ECB_climate_indicators,chronic,True,4.73,0.383,B05
PR000269,CP00139,sea_level_rise,3,2,11.34,BANK02,IT,2030,RCP_2.6,ECB_climate_indicators,chronic,False,1.35,0.058,A02
PR000270,CP00139,heatwave,4,1,11.34,BANK02,IT,2050,RCP_8.5,ECB_climate_indicators,acute,True,0.48,0.058,A02
PR000271,CP00139,flood,1,3,11.34,BANK02,IT,2050,RCP_2.6,ECB_climate_indicators,acute,False,1.36,0.058,A02
PR000272,CP00140,heatwave,2,1,1013.84,BANK02,LU,2030,RCP_8.5,ECB_climate_indicators,acute,False,22.85,5.162,H49
PR000273,CP00140,sea_level_rise,3,4,1013.84,BANK02,LU,2050,RCP_2.6,ECB_climate_indicators,chronic,True,53.96,5.162,H49
PR000274,CP00141,sea_level_rise,2,2,240.38,BANK02,NL,2050,RCP_8.5,ECB_climate_indicators,chronic,False,25.38,1.224,C22
PR000275,CP00142,heatwave,2,3,61.76,BANK02,IE,2030,RCP_2.6,ECB_climate_indicators,acute,False,1.76,0.314,B05
PR000276,CP00142,sea_level_rise,2,4,61.76,BANK02,IE,2030,RCP_4.5,ECB_climate_indicators,chronic,True,3.21,0.314,B05
PR000277,CP00142,wildfire,3,2,61.76,BANK02,IE,2050,RCP_8.5,ECB_climate_indicators,acute,False,5.14,0.314,B05
PR000278,CP00143,drought,3,5,155.84,BANK02,BE,2030,RCP_2.6,ECB_climate_indicators,chronic,True,7.42,0.794,B07
PR000279,CP00143,wildfire,3,1,155.84,BANK02,BE,2050,RCP_8.5,ECB_climate_indicators,acute,False,8.57,0.794,B07
PR000280,CP00144,wildfire,4,2,1175.32,BANK02,NL,2050,RCP_2.6,ECB_climate_indicators,acute,True,100.45,5.985,C25
PR000281,CP00144,heatwave,1,4,1175.32,BANK02,NL,2050,RCP_4.5,ECB_climate_indicators,acute,True,27.75,5.985,C25
PR000282,CP00145,drought,3,3,448.33,BANK02,PL,2030,RCP_2.6,ECB_climate_indicators,chronic,False,29.22,2.283,B06
PR000283,CP00145,sea_level_rise,2,2,448.33,BANK02,PL,2030,RCP_8.5,ECB_climate_indicators,chronic,False,39.03,2.283,B06
PR000284,CP00146,windstorm,3,4,2.26,BANK02,FR,2030,RCP_2.6,ECB_climate_indicators,acute,True,0.12,0.012,F43
PR000285,CP00147,heatwave,3,3,20.9,BANK02,ES,2030,RCP_4.5,ECB_climate_indicators,acute,False,0.61,0.106,C29
PR000286,CP00147,windstorm,3,3,20.9,BANK02,ES,2050,RCP_4.5,ECB_climate_indicators,acute,False,1.37,0.106,C29
PR000287,CP00148,flood,2,2,3.92,BANK02,ES,2050,RCP_8.5,ECB_climate_indicators,acute,False,0.47,0.02,F42
PR000288,CP00148,sea_level_rise,3,4,3.92,BANK02,ES,2030,RCP_4.5,ECB_climate_indicators,chronic,True,0.35,0.02,F42
PR000289,CP00149,flood,3,3,5.49,BANK02,DE,2050,RCP_8.5,ECB_climate_indicators,acute,False,0.49,0.028,H51
PR000290,CP00149,wildfire,3,3,5.49,BANK02,DE,2050,RCP_4.5,ECB_climate_indicators,acute,False,0.3,0.028,H51
PR000291,CP00149,heatwave,4,3,5.49,BANK02,DE,2030,RCP_4.5,ECB_climate_indicators,acute,True,0.15,0.028,H51
PR000292,CP00150,flood,3,1,1295.87,BANK02,LU,2030,RCP_2.6,ECB_climate_indicators,acute,False,122.52,6.599,D35
PR000293,CP00150,sea_level_rise,5,3,1295.87,BANK02,LU,2030,RCP_2.6,ECB_climate_indicators,chronic,True,111.33,6.599,D35
PR000294,CP00150,wildfire,5,4,1295.87,BANK02,LU,2050,RCP_4.5,ECB_climate_indicators,acute,True,70.7,6.599,D35
PR000295,CP00151,heatwave,3,4,580.06,BANK02,DE,2030,RCP_4.5,ECB_climate_indicators,acute,True,13.11,2.954,C23
PR000296,CP00151,flood,2,2,580.06,BANK02,DE,2030,RCP_2.6,ECB_climate_indicators,acute,False,86.3,2.954,C23
PR000297,CP00152,drought,4,3,59.7,BANK02,NL,2030,RCP_4.5,ECB_climate_indicators,chronic,True,2.77,0.304,F42
PR000298,CP00153,sea_level_rise,3,2,27.92,BANK02,ES,2030,RCP_8.5,ECB_climate_indicators,chronic,False,2.98,0.142,F41
PR000299,CP00154,flood,5,3,61.4,BANK02,LU,2030,RCP_2.6,ECB_climate_indicators,acute,True,8.75,0.313,C30
PR000300,CP00154,heatwave,1,2,61.4,BANK02,LU,2030,RCP_2.6,ECB_climate_indicators,acute,False,2.71,0.313,C30
PR000301,CP00155,wildfire,4,4,730.62,BANK02,BE,2030,RCP_4.5,ECB_climate_indicators,acute,True,63.0,3.72,A02
PR000302,CP00155,sea_level_rise,4,3,730.62,BANK02,BE,2050,RCP_4.5,ECB_climate_indicators,chronic,True,57.17,3.72,A02
PR000303,CP00155,windstorm,2,1,730.62,BANK02,BE,2030,RCP_2.6,ECB_climate_indicators,acute,False,25.43,3.72,A02
PR000304,CP00156,wildfire,2,5,1269.41,BANK02,DE,2050,RCP_2.6,ECB_climate_indicators,acute,True,68.04,6.464,C30
PR000305,CP00156,windstorm,1,2,1269.41,BANK02,DE,2050,RCP_8.5,ECB_climate_indicators,acute,False,82.77,6.464,C30
PR000306,CP00156,sea_level_rise,1,3,1269.41,BANK02,DE,2030,RCP_4.5,ECB_climate_indicators,chronic,False,131.07,6.464,C30
PR000307,CP00157,flood,1,4,772.58,BANK02,FR,2050,RCP_8.5,ECB_climate_indicators,acute,True,73.88,3.934,F42
PR000308,CP00157,windstorm,3,4,772.58,BANK02,FR,2030,RCP_2.6,ECB_climate_indicators,acute,True,52.89,3.934,F42
PR000309,CP00157,drought,5,3,772.58,BANK02,FR,2050,RCP_2.6,ECB_climate_indicators,chronic,True,53.53,3.934,F42
PR000310,CP00158,wildfire,3,4,1.88,BANK02,PL,2030,RCP_2.6,ECB_climate_indicators,acute,True,0.17,0.01,G46
PR000311,CP00158,drought,2,2,1.88,BANK02,PL,2030,RCP_8.5,ECB_climate_indicators,chronic,False,0.08,0.01,G46
PR000312,CP00158,flood,4,1,1.88,BANK02,PL,2050,RCP_2.6,ECB_climate_indicators,acute,True,0.25,0.01,G46
PR000313,CP00159,heatwave,1,3,448.83,BANK02,NL,2050,RCP_8.5,ECB_climate_indicators,acute,False,21.21,2.285,C19
PR000314,CP00160,heatwave,2,2,846.76,BANK02,IT,2050,RCP_2.6,ECB_climate_indicators,acute,False,39.18,4.312,I56
PR000315,CP00160,wildfire,1,3,846.76,BANK02,IT,2050,RCP_2.6,ECB_climate_indicators,acute,False,34.45,4.312,I56
PR000316,CP00160,windstorm,1,2,846.76,BANK02,IT,2050,RCP_8.5,ECB_climate_indicators,acute,False,42.22,4.312,I56
PR000317,CP00161,drought,3,3,78.75,BANK03,PT,2050,RCP_8.5,ECB_climate_indicators,chronic,False,4.64,0.327,J58
PR000318,CP00161,windstorm,5,4,78.75,BANK03,PT,2030,RCP_4.5,ECB_climate_indicators,acute,True,5.39,0.327,J58
PR000319,CP00162,heatwave,4,2,98.11,BANK03,IT,2050,RCP_8.5,ECB_climate_indicators,acute,True,4.44,0.407,H50
PR000320,CP00163,flood,2,4,5.98,BANK03,PL,2030,RCP_8.5,ECB_climate_indicators,acute,True,0.89,0.025,M70
PR000321,CP00163,drought,3,5,5.98,BANK03,PL,2030,RCP_2.6,ECB_climate_indicators,chronic,True,0.42,0.025,M70
PR000322,CP00163,wildfire,4,3,5.98,BANK03,PL,2050,RCP_2.6,ECB_climate_indicators,acute,True,0.45,0.025,M70
PR000323,CP00164,windstorm,3,2,276.39,BANK03,DE,2030,RCP_4.5,ECB_climate_indicators,acute,False,10.01,1.147,J63
PR000324,CP00164,heatwave,4,3,276.39,BANK03,DE,2030,RCP_2.6,ECB_climate_indicators,acute,True,7.84,1.147,J63
PR000325,CP00164,drought,2,3,276.39,BANK03,DE,2050,RCP_4.5,ECB_climate_indicators,chronic,False,14.54,1.147,J63
PR000326,CP00165,wildfire,4,3,113.84,BANK03,IE,2030,RCP_2.6,ECB_climate_indicators,acute,True,9.41,0.473,Q87
PR000327,CP00166,wildfire,3,3,161.9,BANK03,NL,2050,RCP_8.5,ECB_climate_indicators,acute,False,8.12,0.672,F43
PR000328,CP00167,wildfire,2,2,0.96,BANK03,DE,2050,RCP_2.6,ECB_climate_indicators,acute,False,0.07,0.004,N78
PR000329,CP00167,drought,2,4,0.96,BANK03,DE,2030,RCP_8.5,ECB_climate_indicators,chronic,True,0.05,0.004,N78
PR000330,CP00167,sea_level_rise,2,1,0.96,BANK03,DE,2030,RCP_2.6,ECB_climate_indicators,chronic,False,0.08,0.004,N78
PR000331,CP00168,flood,1,3,6.89,BANK03,IE,2050,RCP_4.5,ECB_climate_indicators,acute,False,0.57,0.029,C17
PR000332,CP00168,drought,1,3,6.89,BANK03,IE,2030,RCP_4.5,ECB_climate_indicators,chronic,False,0.41,0.029,C17
PR000333,CP00169,wildfire,5,4,1156.44,BANK03,PT,2050,RCP_8.5,ECB_climate_indicators,acute,True,110.88,4.801,G45
PR000334,CP00169,flood,2,3,1156.44,BANK03,PT,2050,RCP_2.6,ECB_climate_indicators,acute,False,162.39,4.801,G45
PR000335,CP00170,windstorm,1,2,80.57,BANK03,FI,2030,RCP_8.5,ECB_climate_indicators,acute,False,3.76,0.334,I56
PR000336,CP00170,sea_level_rise,4,3,80.57,BANK03,FI,2030,RCP_2.6,ECB_climate_indicators,chronic,True,4.71,0.334,I56
PR000337,CP00171,sea_level_rise,2,4,1832.21,BANK03,BE,2030,RCP_2.6,ECB_climate_indicators,chronic,True,125.33,7.606,B08
PR000338,CP00171,flood,3,2,1832.21,BANK03,BE,2050,RCP_2.6,ECB_climate_indicators,acute,False,173.07,7.606,B08
PR000339,CP00172,windstorm,1,2,296.45,BANK03,AT,2030,RCP_4.5,ECB_climate_indicators,acute,False,12.39,1.231,Q87
PR000340,CP00172,wildfire,1,3,296.45,BANK03,AT,2050,RCP_4.5,ECB_climate_indicators,acute,False,26.36,1.231,Q87
PR000341,CP00173,drought,1,3,753.42,BANK03,DE,2050,RCP_4.5,ECB_climate_indicators,chronic,False,24.2,3.128,N78
PR000342,CP00174,heatwave,4,1,113.71,BANK03,IT,2030,RCP_4.5,ECB_climate_indicators,acute,True,3.25,0.472,C22
PR000343,CP00174,flood,3,3,113.71,BANK03,IT,2050,RCP_8.5,ECB_climate_indicators,acute,False,9.79,0.472,C22
PR000344,CP00175,wildfire,4,2,11.09,BANK03,BE,2030,RCP_8.5,ECB_climate_indicators,acute,True,0.93,0.046,M70
PR000345,CP00176,drought,3,3,78.9,BANK03,BE,2050,RCP_8.5,ECB_climate_indicators,chronic,False,5.57,0.328,C13
PR000346,CP00176,sea_level_rise,3,2,78.9,BANK03,BE,2050,RCP_8.5,ECB_climate_indicators,chronic,False,5.9,0.328,C13
PR000347,CP00176,heatwave,3,4,78.9,BANK03,BE,2050,RCP_8.5,ECB_climate_indicators,acute,True,3.78,0.328,C13
PR000348,CP00177,wildfire,2,3,53.62,BANK03,IT,2030,RCP_2.6,ECB_climate_indicators,acute,False,4.66,0.223,F42
PR000349,CP00178,windstorm,4,5,32.44,BANK03,PL,2030,RCP_2.6,ECB_climate_indicators,acute,True,0.98,0.135,C27
PR000350,CP00178,drought,4,3,32.44,BANK03,PL,2050,RCP_2.6,ECB_climate_indicators,chronic,True,1.55,0.135,C27
PR000351,CP00178,sea_level_rise,2,4,32.44,BANK03,PL,2050,RCP_4.5,ECB_climate_indicators,chronic,True,2.57,0.135,C27
PR000352,CP00179,sea_level_rise,3,4,53.01,BANK03,DE,2030,RCP_8.5,ECB_climate_indicators,chronic,True,2.9,0.22,M70
PR000353,CP00179,windstorm,2,4,53.01,BANK03,DE,2050,RCP_8.5,ECB_climate_indicators,acute,True,3.49,0.22,M70
PR000354,CP00179,wildfire,3,2,53.01,BANK03,DE,2050,RCP_4.5,ECB_climate_indicators,acute,False,3.12,0.22,M70
PR000355,CP00180,flood,2,1,2836.44,BANK03,IT,2050,RCP_4.5,ECB_climate_indicators,acute,False,353.49,11.775,Q87
PR000356,CP00180,windstorm,4,2,2836.44,BANK03,IT,2050,RCP_8.5,ECB_climate_indicators,acute,True,166.65,11.775,Q87
PR000357,CP00181,sea_level_rise,3,1,1025.22,BANK03,IE,2030,RCP_4.5,ECB_climate_indicators,chronic,False,97.25,4.256,M70
PR000358,CP00181,wildfire,3,5,1025.22,BANK03,IE,2050,RCP_4.5,ECB_climate_indicators,acute,True,93.75,4.256,M70
PR000359,CP00182,sea_level_rise,3,4,571.67,BANK03,IT,2050,RCP_4.5,ECB_climate_indicators,chronic,True,34.04,2.373,N78
PR000360,CP00182,heatwave,1,2,571.67,BANK03,IT,2050,RCP_4.5,ECB_climate_indicators,acute,False,11.63,2.373,N78
PR000361,CP00183,wildfire,4,3,480.67,BANK03,FR,2050,RCP_8.5,ECB_climate_indicators,acute,True,47.7,1.995,C11
PR000362,CP00184,wildfire,4,1,142.74,BANK03,FI,2050,RCP_8.5,ECB_climate_indicators,acute,True,10.01,0.593,I56
PR000363,CP00184,drought,2,2,142.74,BANK03,FI,2030,RCP_8.5,ECB_climate_indicators,chronic,False,6.95,0.593,I56
PR000364,CP00185,windstorm,2,3,1721.91,BANK03,DE,2050,RCP_2.6,ECB_climate_indicators,acute,False,118.24,7.148,C30
PR000365,CP00186,wildfire,3,1,247.29,BANK03,NL,2050,RCP_8.5,ECB_climate_indicators,acute,False,19.01,1.027,C24
PR000366,CP00186,heatwave,3,5,247.29,BANK03,NL,2030,RCP_2.6,ECB_climate_indicators,acute,True,9.22,1.027,C24
PR000367,CP00187,wildfire,2,5,1867.91,BANK03,LU,2030,RCP_8.5,ECB_climate_indicators,acute,True,127.58,7.754,C10
PR000368,CP00187,heatwave,5,2,1867.91,BANK03,LU,2050,RCP_2.6,ECB_climate_indicators,acute,True,80.49,7.754,C10
PR000369,CP00188,sea_level_rise,1,4,797.59,BANK03,DE,2030,RCP_4.5,ECB_climate_indicators,chronic,True,83.79,3.311,C29
PR000370,CP00188,wildfire,4,1,797.59,BANK03,DE,2050,RCP_2.6,ECB_climate_indicators,acute,True,32.04,3.311,C29
PR000371,CP00188,windstorm,3,5,797.59,BANK03,DE,2050,RCP_8.5,ECB_climate_indicators,acute,True,49.1,3.311,C29
PR000372,CP00189,drought,2,3,15.91,BANK03,BE,2050,RCP_8.5,ECB_climate_indicators,chronic,False,0.61,0.066,G46
PR000373,CP00189,flood,2,2,15.91,BANK03,BE,2030,RCP_4.5,ECB_climate_indicators,acute,False,1.41,0.066,G46
PR000374,CP00190,windstorm,2,5,1.38,BANK03,IE,2050,RCP_2.6,ECB_climate_indicators,acute,True,0.06,0.006,C30
PR000375,CP00190,sea_level_rise,2,2,1.38,BANK03,IE,2050,RCP_4.5,ECB_climate_indicators,chronic,False,0.15,0.006,C30
PR000376,CP00190,heatwave,5,4,1.38,BANK03,IE,2030,RCP_8.5,ECB_climate_indicators,acute,True,0.05,0.006,C30
PR000377,CP00191,windstorm,2,3,14.63,BANK03,AT,2050,RCP_4.5,ECB_climate_indicators,acute,False,0.56,0.061,C30
PR000378,CP00191,heatwave,4,4,14.63,BANK03,AT,2030,RCP_8.5,ECB_climate_indicators,acute,True,0.6,0.061,C30
PR000379,CP00191,flood,3,2,14.63,BANK03,AT,2050,RCP_4.5,ECB_climate_indicators,acute,False,1.56,0.061,C30
PR000380,CP00192,sea_level_rise,4,4,17.45,BANK03,DE,2030,RCP_4.5,ECB_climate_indicators,chronic,True,1.94,0.072,P85
PR000381,CP00192,heatwave,2,2,17.45,BANK03,DE,2050,RCP_4.5,ECB_climate_indicators,acute,False,0.69,0.072,P85
PR000382,CP00192,drought,4,4,17.45,BANK03,DE,2050,RCP_4.5,ECB_climate_indicators,chronic,True,1.04,0.072,P85
PR000383,CP00193,heatwave,3,2,125.52,BANK03,IT,2030,RCP_4.5,ECB_climate_indicators,acute,False,5.12,0.521,P85
PR000384,CP00193,wildfire,3,3,125.52,BANK03,IT,2050,RCP_8.5,ECB_climate_indicators,acute,False,12.07,0.521,P85
PR000385,CP00193,drought,3,2,125.52,BANK03,IT,2050,RCP_4.5,ECB_climate_indicators,chronic,False,4.78,0.521,P85
PR000386,CP00194,windstorm,1,2,38.47,BANK03,IT,2050,RCP_4.5,ECB_climate_indicators,acute,False,2.22,0.16,N78
PR000387,CP00194,flood,3,1,38.47,BANK03,IT,2050,RCP_2.6,ECB_climate_indicators,acute,False,5.5,0.16,N78
PR000388,CP00195,drought,2,3,2.1,BANK03,ES,2050,RCP_4.5,ECB_climate_indicators,chronic,False,0.16,0.009,C27
PR000389,CP00195,wildfire,1,4,2.1,BANK03,ES,2030,RCP_4.5,ECB_climate_indicators,acute,True,0.11,0.009,C27
PR000390,CP00195,flood,5,2,2.1,BANK03,ES,2050,RCP_2.6,ECB_climate_indicators,acute,True,0.17,0.009,C27
PR000391,CP00196,windstorm,2,3,1877.65,BANK03,IT,2030,RCP_2.6,ECB_climate_indicators,acute,False,110.39,7.795,E36
PR000392,CP00196,drought,3,3,1877.65,BANK03,IT,2030,RCP_4.5,ECB_climate_indicators,chronic,False,86.96,7.795,E36
PR000393,CP00197,flood,1,3,59.87,BANK03,FR,2050,RCP_8.5,ECB_climate_indicators,acute,False,6.8,0.249,J62
PR000394,CP00198,wildfire,4,4,8.19,BANK03,LU,2030,RCP_4.5,ECB_climate_indicators,acute,True,0.51,0.034,I56
PR000395,CP00198,drought,2,3,8.19,BANK03,LU,2050,RCP_4.5,ECB_climate_indicators,chronic,False,0.41,0.034,I56
PR000396,CP00198,windstorm,3,5,8.19,BANK03,LU,2050,RCP_2.6,ECB_climate_indicators,acute,True,0.31,0.034,I56
PR000397,CP00199,drought,4,4,1367.47,BANK03,LU,2030,RCP_8.5,ECB_climate_indicators,chronic,True,96.46,5.677,F41
PR000398,CP00199,sea_level_rise,2,3,1367.47,BANK03,LU,2030,RCP_4.5,ECB_climate_indicators,chronic,False,78.18,5.677,F41
PR000399,CP00199,wildfire,2,4,1367.47,BANK03,LU,2050,RCP_4.5,ECB_climate_indicators,acute,True,78.79,5.677,F41
PR000400,CP00200,windstorm,3,1,4.9,BANK03,BE,2050,RCP_8.5,ECB_climate_indicators,acute,False,0.34,0.02,N78
PR000401,CP00200,drought,3,5,4.9,BANK03,BE,2050,RCP_8.5,ECB_climate_indicators,chronic,True,0.19,0.02,N78
PR000402,CP00200,heatwave,1,1,4.9,BANK03,BE,2050,RCP_2.6,ECB_climate_indicators,acute,False,0.15,0.02,N78
PR000403,CP00201,windstorm,1,5,1.54,BANK03,PT,2030,RCP_2.6,ECB_climate_indicators,acute,True,0.07,0.006,P85
PR000404,CP00202,drought,3,1,514.18,BANK03,DE,2050,RCP_8.5,ECB_climate_indicators,chronic,False,36.53,2.135,I55
PR000405,CP00202,heatwave,3,5,514.18,BANK03,DE,2050,RCP_4.5,ECB_climate_indicators,acute,True,17.86,2.135,I55
PR000406,CP00203,drought,3,3,47.71,BANK03,PT,2050,RCP_2.6,ECB_climate_indicators,chronic,False,2.9,0.198,C11
PR000407,CP00203,windstorm,3,4,47.71,BANK03,PT,2050,RCP_4.5,ECB_climate_indicators,acute,True,2.35,0.198,C11
PR000408,CP00203,wildfire,5,2,47.71,BANK03,PT,2050,RCP_2.6,ECB_climate_indicators,acute,True,2.03,0.198,C11
PR000409,CP00204,sea_level_rise,4,4,966.12,BANK03,FR,2030,RCP_2.6,ECB_climate_indicators,chronic,True,78.29,4.011,C28
PR000410,CP00204,windstorm,4,2,966.12,BANK03,FR,2030,RCP_4.5,ECB_climate_indicators,acute,True,63.09,4.011,C28
PR000411,CP00204,drought,4,1,966.12,BANK03,FR,2030,RCP_2.6,ECB_climate_indicators,chronic,True,62.2,4.011,C28
PR000412,CP00205,flood,3,4,633.57,BANK03,NL,2030,RCP_4.5,ECB_climate_indicators,acute,True,88.47,2.63,Q87
PR000413,CP00206,drought,5,2,1.68,BANK03,IE,2050,RCP_8.5,ECB_climate_indicators,chronic,True,0.1,0.007,A02
PR000414,CP00206,sea_level_rise,3,4,1.68,BANK03,IE,2030,RCP_2.6,ECB_climate_indicators,chronic,True,0.1,0.007,A02
PR000415,CP00206,windstorm,2,4,1.68,BANK03,IE,2050,RCP_2.6,ECB_climate_indicators,acute,True,0.11,0.007,A02
PR000416,CP00207,heatwave,3,4,7.07,BANK03,DE,2030,RCP_4.5,ECB_climate_indicators,acute,True,0.27,0.029,C25
PR000417,CP00207,flood,2,3,7.07,BANK03,DE,2030,RCP_2.6,ECB_climate_indicators,acute,False,0.62,0.029,C25
PR000418,CP00208,flood,3,3,78.18,BANK03,IE,2050,RCP_2.6,ECB_climate_indicators,acute,False,8.84,0.325,F42
PR000419,CP00209,drought,5,5,214.29,BANK03,NL,2030,RCP_8.5,ECB_climate_indicators,chronic,True,13.34,0.89,C13
PR000420,CP00209,flood,2,4,214.29,BANK03,NL,2030,RCP_2.6,ECB_climate_indicators,acute,True,19.87,0.89,C13
PR000421,CP00210,sea_level_rise,4,3,5.25,BANK03,PL,2050,RCP_8.5,ECB_climate_indicators,chronic,True,0.46,0.022,F42
PR000422,CP00211,wildfire,4,3,99.57,BANK03,DE,2050,RCP_2.6,ECB_climate_indicators,acute,True,8.14,0.413,E38
PR000423,CP00211,flood,3,2,99.57,BANK03,DE,2030,RCP_2.6,ECB_climate_indicators,acute,False,11.73,0.413,E38
PR000424,CP00212,windstorm,2,2,20.63,BANK03,DE,2050,RCP_2.6,ECB_climate_indicators,acute,False,0.69,0.086,I56
PR000425,CP00212,drought,1,2,20.63,BANK03,DE,2050,RCP_4.5,ECB_climate_indicators,chronic,False,1.59,0.086,I56
PR000426,CP00213,windstorm,3,4,175.28,BANK03,IT,2030,RCP_2.6,ECB_climate_indicators,acute,True,6.15,0.728,J58
PR000427,CP00213,sea_level_rise,2,2,175.28,BANK03,IT,2030,RCP_2.6,ECB_climate_indicators,chronic,False,21.02,0.728,J58
PR000428,CP00213,drought,4,5,175.28,BANK03,IT,2050,RCP_8.5,ECB_climate_indicators,chronic,True,8.41,0.728,J58
PR000429,CP00214,sea_level_rise,2,2,1126.91,BANK03,BE,2050,RCP_2.6,ECB_climate_indicators,chronic,False,94.57,4.678,C20
PR000430,CP00214,drought,3,1,1126.91,BANK03,BE,2030,RCP_2.6,ECB_climate_indicators,chronic,False,37.98,4.678,C20
PR000431,CP00214,windstorm,5,5,1126.91,BANK03,BE,2030,RCP_8.5,ECB_climate_indicators,acute,True,75.21,4.678,C20
PR000432,CP00215,windstorm,3,5,849.02,BANK03,ES,2030,RCP_4.5,ECB_climate_indicators,acute,True,48.99,3.525,M70
PR000433,CP00215,sea_level_rise,1,4,849.02,BANK03,ES,2050,RCP_4.5,ECB_climate_indicators,chronic,True,77.7,3.525,M70
PR000434,CP00216,drought,4,3,40.82,BANK03,DE,2030,RCP_2.6,ECB_climate_indicators,chronic,True,1.66,0.169,E38
PR000435,CP00216,flood,1,3,40.82,BANK03,DE,2030,RCP_2.6,ECB_climate_indicators,acute,False,5.64,0.169,E38
PR000436,CP00216,sea_level_rise,2,2,40.82,BANK03,DE,2050,RCP_8.5,ECB_climate_indicators,chronic,False,4.27,0.169,E38
PR000437,CP00217,drought,4,3,38.18,BANK03,BE,2030,RCP_8.5,ECB_climate_indicators,chronic,True,1.29,0.158,Q86
PR000438,CP00218,windstorm,3,3,685.55,BANK03,DE,2030,RCP_2.6,ECB_climate_indicators,acute,False,24.21,2.846,C19
PR000439,CP00218,flood,3,3,685.55,BANK03,DE,2030,RCP_2.6,ECB_climate_indicators,acute,False,94.83,2.846,C19
PR000440,CP00218,drought,4,2,685.55,BANK03,DE,2030,RCP_8.5,ECB_climate_indicators,chronic,True,21.22,2.846,C19
PR000441,CP00219,flood,1,2,152.12,BANK03,NL,2030,RCP_8.5,ECB_climate_indicators,acute,False,12.21,0.631,Q86
PR000442,CP00219,windstorm,3,1,152.12,BANK03,NL,2050,RCP_2.6,ECB_climate_indicators,acute,False,4.57,0.631,Q86
PR000443,CP00220,sea_level_rise,3,4,1.35,BANK03,LU,2030,RCP_8.5,ECB_climate_indicators,chronic,True,0.11,0.006,E38
PR000444,CP00220,wildfire,2,1,1.35,BANK03,LU,2030,RCP_4.5,ECB_climate_indicators,acute,False,0.12,0.006,E38
PR000445,CP00220,drought,3,2,1.35,BANK03,LU,2050,RCP_8.5,ECB_climate_indicators,chronic,False,0.09,0.006,E38
PR000446,CP00221,wildfire,2,4,4.82,BANK04,NL,2050,RCP_4.5,ECB_climate_indicators,acute,True,0.36,0.054,G46
PR000447,CP00221,heatwave,2,4,4.82,BANK04,NL,2030,RCP_8.5,ECB_climate_indicators,acute,True,0.15,0.054,G46
PR000448,CP00221,windstorm,2,1,4.82,BANK04,NL,2030,RCP_2.6,ECB_climate_indicators,acute,False,0.26,0.054,G46
PR000449,CP00222,heatwave,1,5,67.72,BANK04,IT,2050,RCP_4.5,ECB_climate_indicators,acute,True,1.59,0.762,N78
PR000450,CP00222,sea_level_rise,1,4,67.72,BANK04,IT,2030,RCP_2.6,ECB_climate_indicators,chronic,True,3.62,0.762,N78
PR000451,CP00222,wildfire,2,4,67.72,BANK04,IT,2030,RCP_8.5,ECB_climate_indicators,acute,True,4.35,0.762,N78
PR000452,CP00223,heatwave,3,3,2004.13,BANK04,PT,2050,RCP_8.5,ECB_climate_indicators,acute,False,96.39,22.542,M71
PR000453,CP00223,drought,1,2,2004.13,BANK04,PT,2030,RCP_8.5,ECB_climate_indicators,chronic,False,93.35,22.542,M71
PR000454,CP00224,heatwave,2,3,165.1,BANK04,NL,2030,RCP_4.5,ECB_climate_indicators,acute,False,3.7,1.857,J63
PR000455,CP00224,flood,3,3,165.1,BANK04,NL,2030,RCP_8.5,ECB_climate_indicators,acute,False,21.05,1.857,J63
PR000456,CP00224,sea_level_rise,4,3,165.1,BANK04,NL,2030,RCP_2.6,ECB_climate_indicators,chronic,True,18.1,1.857,J63
PR000457,CP00225,heatwave,1,3,26.4,BANK04,IT,2030,RCP_4.5,ECB_climate_indicators,acute,False,0.79,0.297,L68
PR000458,CP00225,flood,2,2,26.4,BANK04,IT,2030,RCP_8.5,ECB_climate_indicators,acute,False,2.54,0.297,L68
PR000459,CP00226,drought,4,3,1.31,BANK04,BE,2030,RCP_2.6,ECB_climate_indicators,chronic,True,0.1,0.015,E36
PR000460,CP00226,wildfire,2,2,1.31,BANK04,BE,2050,RCP_4.5,ECB_climate_indicators,acute,False,0.09,0.015,E36
PR000461,CP00227,flood,1,1,33.72,BANK04,NL,2050,RCP_8.5,ECB_climate_indicators,acute,False,4.18,0.379,C27
PR000462,CP00227,heatwave,5,3,33.72,BANK04,NL,2030,RCP_2.6,ECB_climate_indicators,acute,True,1.36,0.379,C27
PR000463,CP00227,wildfire,2,3,33.72,BANK04,NL,2050,RCP_4.5,ECB_climate_indicators,acute,False,2.1,0.379,C27
PR000464,CP00228,flood,3,5,310.52,BANK04,AT,2030,RCP_4.5,ECB_climate_indicators,acute,True,29.08,3.493,G46
PR000465,CP00228,drought,3,2,310.52,BANK04,AT,2030,RCP_2.6,ECB_climate_indicators,chronic,False,23.36,3.493,G46
PR000466,CP00229,sea_level_rise,3,3,2.94,BANK04,AT,2050,RCP_8.5,ECB_climate_indicators,chronic,False,0.33,0.033,E36
PR000467,CP00230,flood,2,5,54.64,BANK04,ES,2030,RCP_4.5,ECB_climate_indicators,acute,True,6.89,0.615,K65
PR000468,CP00230,sea_level_rise,4,2,54.64,BANK04,ES,2030,RCP_4.5,ECB_climate_indicators,chronic,True,5.33,0.615,K65
PR000469,CP00231,heatwave,4,4,0.99,BANK04,IT,2050,RCP_2.6,ECB_climate_indicators,acute,True,0.02,0.011,J62
PR000470,CP00232,wildfire,3,4,7.35,BANK04,BE,2030,RCP_8.5,ECB_climate_indicators,acute,True,0.33,0.083,J62
PR000471,CP00232,drought,2,3,7.35,BANK04,BE,2030,RCP_8.5,ECB_climate_indicators,chronic,False,0.54,0.083,J62
PR000472,CP00233,flood,5,1,1060.43,BANK04,FR,2050,RCP_2.6,ECB_climate_indicators,acute,True,136.49,11.928,C22
PR000473,CP00233,drought,2,2,1060.43,BANK04,FR,2050,RCP_4.5,ECB_climate_indicators,chronic,False,60.95,11.928,C22
PR000474,CP00234,heatwave,5,2,97.24,BANK04,DE,2030,RCP_8.5,ECB_climate_indicators,acute,True,2.26,1.094,G45
PR000475,CP00235,drought,3,3,86.76,BANK04,NL,2050,RCP_8.5,ECB_climate_indicators,chronic,False,4.52,0.976,H49
PR000476,CP00235,flood,2,3,86.76,BANK04,NL,2050,RCP_8.5,ECB_climate_indicators,acute,False,9.23,0.976,H49
PR000477,CP00236,drought,4,4,1064.46,BANK04,DE,2030,RCP_8.5,ECB_climate_indicators,chronic,True,73.32,11.973,C13
PR000478,CP00237,windstorm,2,3,6.73,BANK04,BE,2030,RCP_2.6,ECB_climate_indicators,acute,False,0.36,0.076,G47
PR000479,CP00238,drought,3,2,69.77,BANK04,LU,2030,RCP_2.6,ECB_climate_indicators,chronic,False,5.11,0.785,E38
PR000480,CP00238,heatwave,3,4,69.77,BANK04,LU,2050,RCP_4.5,ECB_climate_indicators,acute,True,1.92,0.785,E38
PR000481,CP00238,flood,1,5,69.77,BANK04,LU,2050,RCP_2.6,ECB_climate_indicators,acute,True,8.09,0.785,E38
PR000482,CP00239,flood,1,2,5.01,BANK04,PT,2030,RCP_2.6,ECB_climate_indicators,acute,False,0.63,0.056,C27
PR000483,CP00239,heatwave,3,1,5.01,BANK04,PT,2030,RCP_2.6,ECB_climate_indicators,acute,False,0.17,0.056,C27
PR000484,CP00240,heatwave,4,5,227.0,BANK04,FI,2030,RCP_4.5,ECB_climate_indicators,acute,True,9.8,2.553,C27
PR000485,CP00240,windstorm,3,3,227.0,BANK04,FI,2030,RCP_8.5,ECB_climate_indicators,acute,False,11.89,2.553,C27
PR000486,CP00240,flood,4,4,227.0,BANK04,FI,2030,RCP_4.5,ECB_climate_indicators,acute,True,19.89,2.553,C27
PR000487,CP00241,flood,3,4,150.0,BANK04,DE,2030,RCP_2.6,ECB_climate_indicators,acute,True,17.68,1.687,J62
PR000488,CP00242,drought,4,1,103.26,BANK04,PL,2050,RCP_2.6,ECB_climate_indicators,chronic,True,4.25,1.161,G46
PR000489,CP00243,sea_level_rise,4,3,213.69,BANK04,NL,2050,RCP_2.6,ECB_climate_indicators,chronic,True,12.35,2.404,F42
PR000490,CP00243,windstorm,2,5,213.69,BANK04,NL,2030,RCP_4.5,ECB_climate_indicators,acute,True,8.82,2.404,F42
PR000491,CP00243,drought,1,2,213.69,BANK04,NL,2050,RCP_8.5,ECB_climate_indicators,chronic,False,10.52,2.404,F42
PR000492,CP00244,sea_level_rise,3,1,61.13,BANK04,ES,2050,RCP_8.5,ECB_climate_indicators,chronic,False,5.51,0.688,K65
PR000493,CP00244,flood,3,3,61.13,BANK04,ES,2050,RCP_2.6,ECB_climate_indicators,acute,False,7.27,0.688,K65
PR000494,CP00245,drought,3,3,105.1,BANK04,BE,2050,RCP_2.6,ECB_climate_indicators,chronic,False,4.09,1.182,J63
PR000495,CP00245,windstorm,2,4,105.1,BANK04,BE,2030,RCP_2.6,ECB_climate_indicators,acute,True,5.89,1.182,J63
PR000496,CP00245,flood,5,2,105.1,BANK04,BE,2050,RCP_2.6,ECB_climate_indicators,acute,True,12.31,1.182,J63
PR000497,CP00246,flood,4,3,120.91,BANK04,ES,2050,RCP_4.5,ECB_climate_indicators,acute,True,10.39,1.36,J58
PR000498,CP00247,windstorm,4,3,78.99,BANK04,IT,2050,RCP_2.6,ECB_climate_indicators,acute,True,4.63,0.888,J62
PR000499,CP00247,wildfire,3,2,78.99,BANK04,IT,2050,RCP_2.6,ECB_climate_indicators,acute,False,5.41,0.888,J62
PR000500,CP00247,flood,2,4,78.99,BANK04,IT,2050,RCP_4.5,ECB_climate_indicators,acute,True,10.97,0.888,J62
PR000501,CP00248,flood,3,3,997.99,BANK04,BE,2030,RCP_4.5,ECB_climate_indicators,acute,False,96.61,11.225,I56
PR000502,CP00249,flood,4,3,780.42,BANK04,NL,2050,RCP_8.5,ECB_climate_indicators,acute,True,114.36,8.778,J58
PR000503,CP00250,heatwave,2,4,349.78,BANK04,FR,2050,RCP_4.5,ECB_climate_indicators,acute,True,16.3,3.934,J63
PR000504,CP00250,flood,3,3,349.78,BANK04,FR,2030,RCP_8.5,ECB_climate_indicators,acute,False,29.56,3.934,J63
PR000505,CP00251,drought,2,4,41.88,BANK04,FI,2050,RCP_4.5,ECB_climate_indicators,chronic,True,2.87,0.471,C28
PR000506,CP00251,heatwave,2,3,41.88,BANK04,FI,2030,RCP_8.5,ECB_climate_indicators,acute,False,1.77,0.471,C28
PR000507,CP00251,wildfire,3,3,41.88,BANK04,FI,2030,RCP_4.5,ECB_climate_indicators,acute,False,2.46,0.471,C28
PR000508,CP00252,heatwave,2,3,393.81,BANK04,DE,2030,RCP_2.6,ECB_climate_indicators,acute,False,19.68,4.43,K65
PR000509,CP00253,flood,1,3,9.91,BANK04,IT,2050,RCP_4.5,ECB_climate_indicators,acute,False,0.87,0.111,E38
PR000510,CP00253,drought,4,2,9.91,BANK04,IT,2030,RCP_2.6,ECB_climate_indicators,chronic,True,0.32,0.111,E38
PR000511,CP00253,heatwave,3,3,9.91,BANK04,IT,2050,RCP_8.5,ECB_climate_indicators,acute,False,0.3,0.111,E38
PR000512,CP00254,flood,3,4,71.37,BANK04,DE,2030,RCP_4.5,ECB_climate_indicators,acute,True,8.57,0.803,L68
PR000513,CP00254,drought,1,2,71.37,BANK04,DE,2050,RCP_4.5,ECB_climate_indicators,chronic,False,4.57,0.803,L68
PR000514,CP00254,wildfire,1,3,71.37,BANK04,DE,2050,RCP_8.5,ECB_climate_indicators,acute,False,6.23,0.803,L68
PR000515,CP00255,heatwave,3,3,115.3,BANK04,FR,2050,RCP_2.6,ECB_climate_indicators,acute,False,5.11,1.297,L68
PR000516,CP00256,flood,3,4,89.84,BANK05,DE,2050,RCP_2.6,ECB_climate_indicators,acute,True,10.96,0.918,B06
PR000517,CP00256,windstorm,5,2,89.84,BANK05,DE,2050,RCP_4.5,ECB_climate_indicators,acute,True,4.15,0.918,B06
PR000518,CP00256,drought,1,2,89.84,BANK05,DE,2050,RCP_8.5,ECB_climate_indicators,chronic,False,6.09,0.918,B06
PR000519,CP00257,wildfire,3,1,69.93,BANK05,IT,2050,RCP_4.5,ECB_climate_indicators,acute,False,3.56,0.715,E38
PR000520,CP00257,drought,2,3,69.93,BANK05,IT,2030,RCP_2.6,ECB_climate_indicators,chronic,False,4.25,0.715,E38
PR000521,CP00257,heatwave,3,5,69.93,BANK05,IT,2050,RCP_8.5,ECB_climate_indicators,acute,True,2.22,0.715,E38
PR000522,CP00258,windstorm,2,2,8.68,BANK05,IT,2050,RCP_8.5,ECB_climate_indicators,acute,False,0.36,0.089,C29
PR000523,CP00258,wildfire,3,5,8.68,BANK05,IT,2030,RCP_2.6,ECB_climate_indicators,acute,True,0.86,0.089,C29
PR000524,CP00258,flood,2,2,8.68,BANK05,IT,2030,RCP_4.5,ECB_climate_indicators,acute,False,1.04,0.089,C29
PR000525,CP00259,flood,3,3,5.9,BANK05,LU,2030,RCP_8.5,ECB_climate_indicators,acute,False,0.5,0.06,Q87
PR000526,CP00259,drought,5,4,5.9,BANK05,LU,2050,RCP_4.5,ECB_climate_indicators,chronic,True,0.43,0.06,Q87
PR000527,CP00260,flood,2,5,1.7,BANK05,IT,2050,RCP_2.6,ECB_climate_indicators,acute,True,0.23,0.017,C23
PR000528,CP00261,sea_level_rise,1,4,9.22,BANK05,FR,2050,RCP_8.5,ECB_climate_indicators,chronic,True,0.96,0.094,H51
PR000529,CP00261,windstorm,3,2,9.22,BANK05,FR,2050,RCP_4.5,ECB_climate_indicators,acute,False,0.57,0.094,H51
PR000530,CP00261,wildfire,2,2,9.22,BANK05,FR,2030,RCP_8.5,ECB_climate_indicators,acute,False,0.76,0.094,H51
PR000531,CP00262,flood,5,3,153.24,BANK05,ES,2050,RCP_4.5,ECB_climate_indicators,acute,True,19.03,1.566,H50
PR000532,CP00262,heatwave,3,3,153.24,BANK05,ES,2050,RCP_2.6,ECB_climate_indicators,acute,False,4.7,1.566,H50
PR000533,CP00263,drought,5,3,8.09,BANK05,IE,2050,RCP_2.6,ECB_climate_indicators,chronic,True,0.46,0.083,C20
PR000534,CP00263,sea_level_rise,2,2,8.09,BANK05,IE,2030,RCP_4.5,ECB_climate_indicators,chronic,False,0.58,0.083,C20
PR000535,CP00264,heatwave,1,3,133.75,BANK05,BE,2050,RCP_2.6,ECB_climate_indicators,acute,False,4.84,1.367,B07
PR000536,CP00264,flood,1,2,133.75,BANK05,BE,2030,RCP_8.5,ECB_climate_indicators,acute,False,19.82,1.367,B07
PR000537,CP00264,sea_level_rise,1,2,133.75,BANK05,BE,2030,RCP_4.5,ECB_climate_indicators,chronic,False,14.33,1.367,B07
PR000538,CP00265,windstorm,3,4,7.56,BANK05,BE,2030,RCP_8.5,ECB_climate_indicators,acute,True,0.42,0.077,C24
PR000539,CP00265,wildfire,3,2,7.56,BANK05,BE,2030,RCP_2.6,ECB_climate_indicators,acute,False,0.59,0.077,C24
PR000540,CP00266,drought,4,2,17.4,BANK05,IE,2050,RCP_8.5,ECB_climate_indicators,chronic,True,0.91,0.178,F43
PR000541,CP00266,flood,2,1,17.4,BANK05,IE,2050,RCP_8.5,ECB_climate_indicators,acute,False,2.52,0.178,F43
PR000542,CP00266,sea_level_rise,2,3,17.4,BANK05,IE,2050,RCP_8.5,ECB_climate_indicators,chronic,False,1.1,0.178,F43
PR000543,CP00267,sea_level_rise,4,1,16.91,BANK05,FI,2050,RCP_4.5,ECB_climate_indicators,chronic,True,1.63,0.173,H50
PR000544,CP00268,wildfire,1,4,10.02,BANK05,ES,2050,RCP_8.5,ECB_climate_indicators,acute,True,0.41,0.102,Q86
PR000545,CP00269,wildfire,2,2,11.92,BANK05,FR,2050,RCP_4.5,ECB_climate_indicators,acute,False,0.96,0.122,C24
PR000546,CP00269,flood,3,5,11.92,BANK05,FR,2030,RCP_2.6,ECB_climate_indicators,acute,True,1.58,0.122,C24
PR000547,CP00270,drought,5,4,1696.78,BANK05,BE,2030,RCP_4.5,ECB_climate_indicators,chronic,True,105.58,17.343,C17
PR000548,CP00270,flood,1,4,1696.78,BANK05,BE,2030,RCP_4.5,ECB_climate_indicators,acute,True,228.23,17.343,C17
PR000549,CP00271,sea_level_rise,1,3,2.08,BANK05,DE,2030,RCP_2.6,ECB_climate_indicators,chronic,False,0.2,0.021,C11
PR000550,CP00271,heatwave,1,4,2.08,BANK05,DE,2030,RCP_2.6,ECB_climate_indicators,acute,True,0.1,0.021,C11
PR000551,CP00271,flood,2,1,2.08,BANK05,DE,2030,RCP_4.5,ECB_climate_indicators,acute,False,0.27,0.021,C11
PR000552,CP00272,sea_level_rise,3,4,98.68,BANK05,FR,2050,RCP_8.5,ECB_climate_indicators,chronic,True,5.52,1.009,J63
PR000553,CP00272,flood,1,2,98.68,BANK05,FR,2030,RCP_2.6,ECB_climate_indicators,acute,False,10.67,1.009,J63
PR000554,CP00272,wildfire,5,2,98.68,BANK05,FR,2050,RCP_4.5,ECB_climate_indicators,acute,True,7.3,1.009,J63
PR000555,CP00273,windstorm,5,3,1124.84,BANK05,FI,2050,RCP_2.6,ECB_climate_indicators,acute,True,70.9,11.497,H52
PR000556,CP00273,drought,2,3,1124.84,BANK05,FI,2050,RCP_4.5,ECB_climate_indicators,chronic,False,88.43,11.497,H52
PR000557,CP00273,sea_level_rise,3,3,1124.84,BANK05,FI,2050,RCP_4.5,ECB_climate_indicators,chronic,False,119.4,11.497,H52
PR000558,CP00274,drought,2,2,16.49,BANK05,PL,2030,RCP_2.6,ECB_climate_indicators,chronic,False,0.86,0.169,C17
PR000559,CP00275,windstorm,1,3,543.35,BANK05,BE,2050,RCP_8.5,ECB_climate_indicators,acute,False,21.84,5.554,I56
PR000560,CP00276,heatwave,2,3,520.51,BANK05,PT,2050,RCP_2.6,ECB_climate_indicators,acute,False,21.42,5.32,H51
PR000561,CP00276,windstorm,3,4,520.51,BANK05,PT,2030,RCP_2.6,ECB_climate_indicators,acute,True,36.13,5.32,H51
PR000562,CP00277,sea_level_rise,1,1,6.92,BANK05,FR,2030,RCP_2.6,ECB_climate_indicators,chronic,False,0.35,0.071,A01
PR000563,CP00277,flood,3,2,6.92,BANK05,FR,2050,RCP_8.5,ECB_climate_indicators,acute,False,0.59,0.071,A01
PR000564,CP00277,wildfire,3,2,6.92,BANK05,FR,2050,RCP_8.5,ECB_climate_indicators,acute,False,0.43,0.071,A01
PR000565,CP00278,wildfire,2,3,17.99,BANK05,DE,2050,RCP_8.5,ECB_climate_indicators,acute,False,1.62,0.184,C11
PR000566,CP00278,flood,2,1,17.99,BANK05,DE,2030,RCP_8.5,ECB_climate_indicators,acute,False,1.44,0.184,C11
PR000567,CP00278,windstorm,2,3,17.99,BANK05,DE,2050,RCP_2.6,ECB_climate_indicators,acute,False,1.24,0.184,C11
PR000568,CP00279,windstorm,1,2,80.09,BANK05,BE,2030,RCP_4.5,ECB_climate_indicators,acute,False,2.68,0.819,C17
PR000569,CP00279,wildfire,2,2,80.09,BANK05,BE,2030,RCP_2.6,ECB_climate_indicators,acute,False,5.76,0.819,C17
PR000570,CP00280,windstorm,3,4,13.3,BANK05,DE,2050,RCP_4.5,ECB_climate_indicators,acute,True,0.56,0.136,C27
PR000571,CP00281,flood,3,2,9.55,BANK05,DE,2030,RCP_8.5,ECB_climate_indicators,acute,False,1.38,0.098,C19
PR000572,CP00281,windstorm,5,5,9.55,BANK05,DE,2030,RCP_4.5,ECB_climate_indicators,acute,True,0.6,0.098,C19
PR000573,CP00282,sea_level_rise,2,3,3213.65,BANK05,DE,2050,RCP_2.6,ECB_climate_indicators,chronic,False,329.32,32.848,C30
PR000574,CP00283,flood,4,3,1.89,BANK05,ES,2050,RCP_2.6,ECB_climate_indicators,acute,True,0.27,0.019,H50
PR000575,CP00283,sea_level_rise,1,5,1.89,BANK05,ES,2050,RCP_4.5,ECB_climate_indicators,chronic,True,0.14,0.019,H50
PR000576,CP00284,flood,2,3,5.04,BANK05,PL,2050,RCP_8.5,ECB_climate_indicators,acute,False,0.57,0.052,C29
PR000577,CP00284,sea_level_rise,2,4,5.04,BANK05,PL,2050,RCP_8.5,ECB_climate_indicators,chronic,True,0.42,0.052,C29
PR000578,CP00285,sea_level_rise,2,3,142.74,BANK05,FR,2030,RCP_2.6,ECB_climate_indicators,chronic,False,11.07,1.459,A02
PR000579,CP00285,drought,2,1,142.74,BANK05,FR,2030,RCP_8.5,ECB_climate_indicators,chronic,False,7.85,1.459,A02
PR000580,CP00285,windstorm,2,2,142.74,BANK05,FR,2030,RCP_4.5,ECB_climate_indicators,acute,False,9.57,1.459,A02
PR000581,CP00286,windstorm,1,1,165.95,BANK05,DE,2050,RCP_2.6,ECB_climate_indicators,acute,False,5.37,1.696,C20
PR000582,CP00287,windstorm,1,2,38.02,BANK05,PL,2030,RCP_4.5,ECB_climate_indicators,acute,False,1.36,0.389,E36
PR000583,CP00287,wildfire,1,2,38.02,BANK05,PL,2050,RCP_2.6,ECB_climate_indicators,acute,False,1.7,0.389,E36
PR000584,CP00287,heatwave,2,2,38.02,BANK05,PL,2030,RCP_4.5,ECB_climate_indicators,acute,False,1.5,0.389,E36
PR000585,CP00288,windstorm,3,3,34.19,BANK05,IE,2050,RCP_4.5,ECB_climate_indicators,acute,False,1.83,0.349,A02
PR000586,CP00289,sea_level_rise,2,3,18.06,BANK05,FI,2030,RCP_4.5,ECB_climate_indicators,chronic,False,1.09,0.185,H50
PR000587,CP00289,drought,1,1,18.06,BANK05,FI,2050,RCP_2.6,ECB_climate_indicators,chronic,False,1.22,0.185,H50
PR000588,CP00289,heatwave,2,1,18.06,BANK05,FI,2030,RCP_4.5,ECB_climate_indicators,acute,False,0.69,0.185,H50
PR000589,CP00290,flood,3,3,19.19,BANK05,NL,2050,RCP_2.6,ECB_climate_indicators,acute,False,2.32,0.196,Q86
PR000590,CP00290,sea_level_rise,3,4,19.19,BANK05,NL,2050,RCP_2.6,ECB_climate_indicators,chronic,True,1.8,0.196,Q86
PR000591,CP00290,drought,2,2,19.19,BANK05,NL,2030,RCP_4.5,ECB_climate_indicators,chronic,False,0.66,0.196,Q86
PR000592,CP00291,windstorm,3,2,2.96,BANK05,FI,2050,RCP_2.6,ECB_climate_indicators,acute,False,0.12,0.03,C19
PR000593,CP00291,sea_level_rise,5,2,2.96,BANK05,FI,2030,RCP_4.5,ECB_climate_indicators,chronic,True,0.34,0.03,C19
PR000594,CP00292,sea_level_rise,3,4,737.96,BANK05,IT,2030,RCP_2.6,ECB_climate_indicators,chronic,True,38.92,7.543,B06
PR000595,CP00293,sea_level_rise,3,3,229.94,BANK05,FR,2050,RCP_8.5,ECB_climate_indicators,chronic,False,16.62,2.35,C20
PR000596,CP00293,wildfire,1,5,229.94,BANK05,FR,2050,RCP_8.5,ECB_climate_indicators,acute,True,21.28,2.35,C20
PR000597,CP00293,drought,2,4,229.94,BANK05,FR,2030,RCP_8.5,ECB_climate_indicators,chronic,True,15.34,2.35,C20
PR000598,CP00294,drought,2,3,4.24,BANK05,AT,2050,RCP_8.5,ECB_climate_indicators,chronic,False,0.31,0.043,H52
PR000599,CP00294,sea_level_rise,3,2,4.24,BANK05,AT,2050,RCP_2.6,ECB_climate_indicators,chronic,False,0.29,0.043,H52
PR000600,CP00294,heatwave,3,1,4.24,BANK05,AT,2050,RCP_2.6,ECB_climate_indicators,acute,False,0.2,0.043,H52
PR000601,CP00295,wildfire,2,2,5.32,BANK05,IT,2050,RCP_8.5,ECB_climate_indicators,acute,False,0.27,0.054,B07
PR000602,CP00295,sea_level_rise,3,2,5.32,BANK05,IT,2050,RCP_4.5,ECB_climate_indicators,chronic,False,0.63,0.054,B07
PR000603,CP00295,windstorm,2,1,5.32,BANK05,IT,2050,RCP_4.5,ECB_climate_indicators,acute,False,0.32,0.054,B07
PR000604,CP00296,windstorm,4,3,42.34,BANK05,NL,2050,RCP_4.5,ECB_climate_indicators,acute,True,2.3,0.433,C20
PR000605,CP00296,sea_level_rise,3,5,42.34,BANK05,NL,2030,RCP_4.5,ECB_climate_indicators,chronic,True,4.22,0.433,C20
PR000606,CP00297,sea_level_rise,2,2,434.58,BANK05,AT,2030,RCP_2.6,ECB_climate_indicators,chronic,False,33.92,4.442,D35
PR000607,CP00298,wildfire,2,3,2.82,BANK05,LU,2030,RCP_2.6,ECB_climate_indicators,acute,False,0.14,0.029,P85
PR000608,CP00298,windstorm,5,2,2.82,BANK05,LU,2050,RCP_2.6,ECB_climate_indicators,acute,True,0.15,0.029,P85
PR000609,CP00299,windstorm,2,3,4.16,BANK05,AT,2050,RCP_8.5,ECB_climate_indicators,acute,False,0.19,0.043,C10
PR000610,CP00300,wildfire,1,4,5.61,BANK05,IE,2030,RCP_2.6,ECB_climate_indicators,acute,True,0.38,0.057,C27
