counterparty_id,reporting_year,total_ghg_tco2e,emissions_id,bank_id,scope_1_tco2e,scope_2_location_tco2e,scope_2_market_tco2e,scope_3_tco2e,pcaf_data_quality_score,data_source,verification_status,gwp_basis
CP00001,2022,21798.3,EM000001,,5407.3,1966.3,1413.5,14424.7,4,estimated_economic,modeled,IPCC_AR6
CP00001,2023,22976.8,EM000002,,5263.0,1913.8,1883.6,15800.0,4,estimated_economic,modeled,IPCC_AR6
CP00001,2024,20650.6,EM000003,,5122.6,1862.8,1495.5,13665.2,4,estimated_economic,modeled,IPCC_AR6
CP00002,2022,881595.5,EM000004,,222868.7,81043.2,77199.5,577683.6,2,reported,self_reported,IPCC_AR6
CP00002,2023,807820.0,EM000005,,216135.7,78594.8,58127.6,513089.5,2,reported,self_reported,IPCC_AR6
CP00002,2024,889633.6,EM000006,,209606.0,76220.4,59299.6,603807.2,1,reported,third_party_verified,IPCC_AR6
CP00003,2022,12820.4,EM000007,,3041.3,1105.9,891.3,8673.2,3,estimated_physical,self_reported,IPCC_AR6
CP00003,2023,11290.6,EM000008,,3008.2,1093.9,1069.0,7188.5,3,estimated_physical,self_reported,IPCC_AR6
CP00003,2024,12289.2,EM000009,,2975.5,1082.0,1073.3,8231.7,4,estimated_economic,modeled,IPCC_AR6
CP00004,2022,136407.0,EM000010,,33571.5,12207.8,9416.8,90627.7,2,reported,self_reported,IPCC_AR6
CP00004,2023,103469.1,EM000011,,32926.5,11973.3,8835.6,58569.3,3,estimated_physical,self_reported,IPCC_AR6
CP00004,2024,111908.6,EM000012,,32293.8,11743.2,10201.9,67871.6,2,reported,self_reported,IPCC_AR6
CP00005,2022,273078.8,EM000013,,76104.5,27674.3,23854.1,169300.0,2,reported,self_reported,IPCC_AR6
CP00005,2023,245057.0,EM000014,,73783.9,26830.5,26190.1,144442.6,2,reported,self_reported,IPCC_AR6
CP00005,2024,263075.8,EM000015,,71534.1,26012.4,19343.2,165529.3,2,reported,self_reported,IPCC_AR6
CP00006,2022,3874.3,EM000016,,1254.6,456.2,452.9,2163.5,5,estimated_economic,modeled,IPCC_AR6
CP00006,2023,4342.6,EM000017,,1216.5,442.4,372.6,2683.7,5,estimated_economic,modeled,IPCC_AR6
CP00006,2024,4138.4,EM000018,,1179.5,428.9,426.4,2530.0,5,estimated_economic,modeled,IPCC_AR6
CP00007,2022,423448.8,EM000019,,108181.3,39338.7,32754.6,275928.8,4,estimated_economic,modeled,IPCC_AR6
CP00007,2023,427419.0,EM000020,,104331.4,37938.7,36802.5,285148.9,4,estimated_economic,modeled,IPCC_AR6
CP00007,2024,330748.1,EM000021,,100618.5,36588.5,28993.6,193541.1,3,estimated_physical,self_reported,IPCC_AR6
CP00008,2022,1508154.8,EM000022,,403399.4,146690.7,105105.4,958064.7,1,reported,third_party_verified,IPCC_AR6
CP00008,2023,1600210.1,EM000023,,397439.7,144523.5,110798.0,1058246.9,2,reported,self_reported,IPCC_AR6
CP00008,2024,1746314.5,EM000024,,391568.1,142388.4,100635.1,1212358.0,2,reported,self_reported,IPCC_AR6
CP00009,2022,23439.5,EM000025,,5757.9,2093.8,1787.1,15587.8,3,estimated_physical,self_reported,IPCC_AR6
CP00009,2023,18877.0,EM000026,,5604.5,2038.0,1796.5,11234.5,4,estimated_economic,modeled,IPCC_AR6
CP00009,2024,24391.2,EM000027,,5455.2,1983.7,1603.5,16952.3,5,estimated_economic,modeled,IPCC_AR6
CP00010,2022,5741.7,EM000028,,996.3,362.3,284.5,4383.1,3,estimated_physical,self_reported,IPCC_AR6
CP00010,2023,5607.9,EM000029,,982.0,357.1,343.6,4268.8,4,estimated_economic,modeled,IPCC_AR6
CP00010,2024,4796.5,EM000030,,967.9,352.0,293.3,3476.6,4,estimated_economic,modeled,IPCC_AR6
CP00011,2022,11777.2,EM000031,,3358.3,1221.2,1210.3,7197.7,5,estimated_economic,modeled,IPCC_AR6
CP00011,2023,12248.0,EM000032,,3304.9,1201.8,891.6,7741.3,5,estimated_economic,modeled,IPCC_AR6
CP00011,2024,12835.9,EM000033,,3252.4,1182.7,901.6,8400.8,3,estimated_physical,self_reported,IPCC_AR6
CP00012,2022,13543.4,EM000034,,2986.5,1086.0,1073.0,9470.9,3,estimated_physical,self_reported,IPCC_AR6
CP00012,2023,12354.4,EM000035,,2944.8,1070.8,881.1,8338.8,3,estimated_physical,self_reported,IPCC_AR6
CP00012,2024,12858.7,EM000036,,2903.6,1055.9,915.2,8899.2,4,estimated_economic,modeled,IPCC_AR6
CP00013,2022,1381221.8,EM000037,,420658.6,152966.8,124596.2,807596.4,1,reported,third_party_verified,IPCC_AR6
CP00013,2023,1611088.5,EM000038,,413363.2,150313.9,142478.7,1047411.4,1,reported,third_party_verified,IPCC_AR6
CP00013,2024,1751077.6,EM000039,,406194.4,147707.1,128177.9,1197176.1,2,reported,self_reported,IPCC_AR6
CP00014,2022,7396.8,EM000040,,1569.9,570.9,563.4,5256.0,4,estimated_economic,modeled,IPCC_AR6
CP00014,2023,10699.3,EM000041,,1508.3,548.5,491.5,8642.5,4,estimated_economic,modeled,IPCC_AR6
CP00014,2024,10522.6,EM000042,,1449.2,527.0,446.7,8546.4,4,estimated_economic,modeled,IPCC_AR6
CP00015,2022,1523160.5,EM000043,,467572.1,170026.2,169737.1,885562.2,3,estimated_physical,self_reported,IPCC_AR6
CP00015,2023,1438360.1,EM000044,,452302.3,164473.6,143802.5,821584.2,4,estimated_economic,modeled,IPCC_AR6
CP00015,2024,1712828.0,EM000045,,437531.3,159102.3,141346.3,1116194.4,4,estimated_economic,modeled,IPCC_AR6
CP00016,2022,1660097.3,EM000046,,509555.5,185292.9,161682.7,965248.9,2,reported,self_reported,IPCC_AR6
CP00016,2023,2162416.8,EM000047,,499786.0,181740.4,130408.4,1480890.4,1,reported,third_party_verified,IPCC_AR6
CP00016,2024,1741508.4,EM000048,,490203.8,178255.9,132025.1,1073048.7,3,estimated_physical,self_reported,IPCC_AR6
CP00017,2022,230534.6,EM000049,,62312.6,22659.1,18281.3,145562.9,4,estimated_economic,modeled,IPCC_AR6
CP00017,2023,211679.0,EM000050,,60329.8,21938.1,21519.0,129411.1,3,estimated_physical,self_reported,IPCC_AR6
CP00017,2024,224213.1,EM000051,,58410.1,21240.0,16035.7,144563.0,4,estimated_economic,modeled,IPCC_AR6
CP00018,2022,213419.7,EM000052,,54968.8,19988.7,18950.2,138462.2,4,estimated_economic,modeled,IPCC_AR6
CP00018,2023,220937.5,EM000053,,54011.2,19640.4,17787.0,147285.9,3,estimated_physical,self_reported,IPCC_AR6
CP00018,2024,217352.6,EM000054,,53070.2,19298.3,16867.0,144984.1,2,reported,self_reported,IPCC_AR6
CP00019,2022,2194.7,EM000055,,354.6,129.0,109.1,1711.1,4,estimated_economic,modeled,IPCC_AR6
CP00019,2023,1934.1,EM000056,,340.6,123.8,90.5,1469.7,5,estimated_economic,modeled,IPCC_AR6
CP00019,2024,1683.5,EM000057,,327.1,118.9,90.0,1237.5,4,estimated_economic,modeled,IPCC_AR6
CP00020,2022,48442483.7,EM000058,,11249297.5,4090653.6,3516443.2,33102532.6,3,estimated_physical,self_reported,IPCC_AR6
CP00020,2023,42852730.7,EM000059,,11006344.7,4002307.2,2938454.0,27844078.8,4,estimated_economic,modeled,IPCC_AR6
CP00020,2024,40490043.7,EM000060,,10768639.1,3915868.7,3703054.6,25805535.9,2,reported,self_reported,IPCC_AR6
CP00021,2022,1665.5,EM000061,,297.6,108.2,102.3,1259.7,4,estimated_economic,modeled,IPCC_AR6
CP00021,2023,2103.4,EM000062,,290.0,105.5,98.0,1707.9,4,estimated_economic,modeled,IPCC_AR6
CP00021,2024,1606.0,EM000063,,282.6,102.7,72.8,1220.7,5,estimated_economic,modeled,IPCC_AR6
CP00022,2022,51097.3,EM000064,,11763.6,4277.7,3285.2,35056.0,3,estimated_physical,self_reported,IPCC_AR6
CP00022,2023,37144.1,EM000065,,11371.5,4135.1,2992.1,21637.5,3,estimated_physical,self_reported,IPCC_AR6
CP00022,2024,45060.6,EM000066,,10992.5,3997.3,2891.3,30070.8,5,estimated_economic,modeled,IPCC_AR6
CP00023,2022,601446.2,EM000067,,191273.3,69553.9,65235.8,340619.0,2,reported,self_reported,IPCC_AR6
CP00023,2023,721427.7,EM000068,,187968.1,68352.0,50285.0,465107.6,2,reported,self_reported,IPCC_AR6
CP00023,2024,638103.5,EM000069,,184720.0,67170.9,60472.3,386212.6,2,reported,self_reported,IPCC_AR6
CP00024,2022,9694.4,EM000070,,1320.9,480.3,466.1,7893.2,4,estimated_economic,modeled,IPCC_AR6
CP00024,2023,6799.1,EM000071,,1299.1,472.4,343.5,5027.6,4,estimated_economic,modeled,IPCC_AR6
CP00024,2024,9105.3,EM000072,,1277.6,464.6,457.5,7363.1,5,estimated_economic,modeled,IPCC_AR6
CP00025,2022,36554.0,EM000073,,9571.3,3480.5,2688.8,23502.2,5,estimated_economic,modeled,IPCC_AR6
CP00025,2023,36214.2,EM000074,,9234.5,3358.0,2933.0,23621.7,3,estimated_physical,self_reported,IPCC_AR6
CP00025,2024,27641.4,EM000075,,8909.6,3239.9,2454.1,15491.9,4,estimated_economic,modeled,IPCC_AR6
CP00026,2022,19960.8,EM000076,,3197.5,1162.7,848.3,15600.6,4,estimated_economic,modeled,IPCC_AR6
CP00026,2023,16782.4,EM000077,,3156.1,1147.7,1047.1,12478.6,3,estimated_physical,self_reported,IPCC_AR6
CP00026,2024,17924.7,EM000078,,3115.2,1132.8,942.4,13676.7,3,estimated_physical,self_reported,IPCC_AR6
CP00027,2022,5750.3,EM000079,,1005.2,365.5,279.3,4379.6,4,estimated_economic,modeled,IPCC_AR6
CP00027,2023,5197.7,EM000080,,970.4,352.9,351.3,3874.4,3,estimated_physical,self_reported,IPCC_AR6
CP00027,2024,4739.0,EM000081,,936.8,340.7,252.4,3461.5,3,estimated_physical,self_reported,IPCC_AR6
CP00028,2022,344937.1,EM000082,,88392.8,32142.8,25663.9,224401.5,2,reported,self_reported,IPCC_AR6
CP00028,2023,282054.0,EM000083,,86725.9,31536.7,27756.0,163791.4,3,estimated_physical,self_reported,IPCC_AR6
CP00028,2024,301332.4,EM000084,,85090.4,30942.0,25780.5,185300.0,4,estimated_economic,modeled,IPCC_AR6
CP00029,2022,58898.9,EM000085,,13566.4,4933.2,3556.3,40399.3,2,reported,self_reported,IPCC_AR6
CP00029,2023,56779.6,EM000086,,13142.0,4778.9,4318.9,38858.7,3,estimated_physical,self_reported,IPCC_AR6
CP00029,2024,42595.9,EM000087,,12730.9,4629.4,3923.4,25235.6,4,estimated_economic,modeled,IPCC_AR6
CP00030,2022,1477715.0,EM000088,,364716.6,132624.2,98541.1,980374.2,2,reported,self_reported,IPCC_AR6
CP00030,2023,1303208.8,EM000089,,354920.9,129062.2,94282.1,819225.7,3,estimated_physical,self_reported,IPCC_AR6
CP00030,2024,1535085.2,EM000090,,345388.4,125595.8,90355.3,1064101.0,4,estimated_economic,modeled,IPCC_AR6
CP00031,2022,19943771.2,EM000091,,5038808.4,1832294.0,1350086.7,13072668.8,3,estimated_physical,self_reported,IPCC_AR6
CP00031,2023,21099137.0,EM000092,,4888445.1,1777616.4,1392861.1,14433075.5,3,estimated_physical,self_reported,IPCC_AR6
CP00031,2024,19599139.2,EM000093,,4742568.7,1724570.4,1348427.5,13132000.1,2,reported,self_reported,IPCC_AR6
CP00032,2022,6127.6,EM000094,,1669.1,606.9,534.6,3851.6,4,estimated_economic,modeled,IPCC_AR6
CP00032,2023,6010.9,EM000095,,1634.5,594.4,465.8,3782.0,4,estimated_economic,modeled,IPCC_AR6
CP00032,2024,6743.6,EM000096,,1600.7,582.1,451.2,4560.8,3,estimated_physical,self_reported,IPCC_AR6
CP00033,2022,25971.1,EM000097,,7917.9,2879.2,2061.1,15174.0,3,estimated_physical,self_reported,IPCC_AR6
CP00033,2023,24664.5,EM000098,,7750.5,2818.4,2794.8,14095.6,4,estimated_economic,modeled,IPCC_AR6
CP00033,2024,27655.5,EM000099,,7586.6,2758.7,2057.5,17310.2,4,estimated_economic,modeled,IPCC_AR6
CP00034,2022,295165.4,EM000100,,92397.8,33599.2,31256.4,169168.4,5,estimated_economic,modeled,IPCC_AR6
CP00034,2023,378055.0,EM000101,,88968.9,32352.3,29072.7,256733.8,4,estimated_economic,modeled,IPCC_AR6
CP00034,2024,325863.1,EM000102,,85667.3,31151.7,25017.5,209044.1,4,estimated_economic,modeled,IPCC_AR6
CP00035,2022,9901.2,EM000103,,2207.8,802.8,665.6,6890.6,3,estimated_physical,self_reported,IPCC_AR6
CP00035,2023,9547.9,EM000104,,2155.6,783.9,622.7,6608.4,4,estimated_economic,modeled,IPCC_AR6
CP00035,2024,7653.2,EM000105,,2104.8,765.4,543.3,4783.0,4,estimated_economic,modeled,IPCC_AR6
CP00036,2022,44272.1,EM000106,,12548.4,4563.0,3866.9,27160.7,4,estimated_economic,modeled,IPCC_AR6
CP00036,2023,40573.2,EM000107,,12370.3,4498.3,3806.6,23704.6,4,estimated_economic,modeled,IPCC_AR6
CP00036,2024,39546.7,EM000108,,12194.8,4434.5,3982.3,22917.4,3,estimated_physical,self_reported,IPCC_AR6
CP00037,2022,475072.5,EM000109,,125590.7,45669.3,38910.5,303812.5,4,estimated_economic,modeled,IPCC_AR6
CP00037,2023,448947.8,EM000110,,122723.0,44626.5,44236.5,281598.3,3,estimated_physical,self_reported,IPCC_AR6
CP00037,2024,478532.3,EM000111,,119920.8,43607.6,43317.0,315003.9,3,estimated_physical,self_reported,IPCC_AR6
CP00038,2022,1941765.8,EM000112,,616773.2,224281.2,180470.8,1100711.4,4,estimated_economic,modeled,IPCC_AR6
CP00038,2023,2474003.5,EM000113,,592623.1,215499.3,208474.6,1665881.1,2,reported,self_reported,IPCC_AR6
CP00038,2024,2041021.4,EM000114,,569418.5,207061.3,166382.6,1264541.6,2,reported,self_reported,IPCC_AR6
CP00039,2022,1938.3,EM000115,,293.8,106.8,95.5,1537.7,4,estimated_economic,modeled,IPCC_AR6
CP00039,2023,1825.6,EM000116,,285.2,103.7,74.6,1436.7,5,estimated_economic,modeled,IPCC_AR6
CP00039,2024,1543.7,EM000117,,276.8,100.6,71.0,1166.3,4,estimated_economic,modeled,IPCC_AR6
CP00040,2022,5603884.0,EM000118,,1287265.4,468096.5,454251.6,3848522.1,3,estimated_physical,self_reported,IPCC_AR6
CP00040,2023,4355511.9,EM000119,,1253574.1,455845.1,399501.2,2646092.7,3,estimated_physical,self_reported,IPCC_AR6
CP00040,2024,5534435.4,EM000120,,1220764.7,443914.4,362718.1,3869756.3,3,estimated_physical,self_reported,IPCC_AR6
CP00041,2022,2700242.4,EM000121,,836202.1,304073.5,243499.1,1559966.8,3,estimated_physical,self_reported,IPCC_AR6
CP00041,2023,3145840.8,EM000122,,823031.8,299284.3,239984.7,2023524.7,4,estimated_economic,modeled,IPCC_AR6
CP00041,2024,3229981.2,EM000123,,810068.9,294570.5,244728.4,2125341.8,3,estimated_physical,self_reported,IPCC_AR6
CP00042,2022,21086.2,EM000124,,3030.2,1101.9,948.5,16954.1,4,estimated_economic,modeled,IPCC_AR6
CP00042,2023,16504.8,EM000125,,2986.0,1085.8,1084.6,12433.0,2,reported,self_reported,IPCC_AR6
CP00042,2024,17230.7,EM000126,,2942.5,1070.0,987.5,13218.2,3,estimated_physical,self_reported,IPCC_AR6
CP00043,2022,212.4,EM000127,,42.7,15.5,11.2,154.2,4,estimated_economic,modeled,IPCC_AR6
CP00043,2023,294.6,EM000128,,42.1,15.3,11.7,237.2,4,estimated_economic,modeled,IPCC_AR6
CP00043,2024,289.8,EM000129,,41.5,15.1,11.9,233.2,4,estimated_economic,modeled,IPCC_AR6
CP00044,2022,239884.3,EM000130,,61873.5,22499.4,18465.0,155511.4,3,estimated_physical,self_reported,IPCC_AR6
CP00044,2023,240942.1,EM000131,,60202.1,21891.7,20338.1,158848.3,3,estimated_physical,self_reported,IPCC_AR6
CP00044,2024,196100.0,EM000132,,58575.9,21300.3,19404.6,116223.8,2,reported,self_reported,IPCC_AR6
CP00045,2022,55254.6,EM000133,,16273.2,5917.5,5459.9,33063.9,5,estimated_economic,modeled,IPCC_AR6
CP00045,2023,59957.9,EM000134,,15903.9,5783.2,4972.5,38270.8,5,estimated_economic,modeled,IPCC_AR6
CP00045,2024,61965.2,EM000135,,15543.0,5652.0,4691.8,40770.2,5,estimated_economic,modeled,IPCC_AR6
CP00046,2022,18348.7,EM000136,,4764.7,1732.6,1289.6,11851.4,4,estimated_economic,modeled,IPCC_AR6
CP00046,2023,15406.2,EM000137,,4663.7,1695.9,1339.9,9046.6,4,estimated_economic,modeled,IPCC_AR6
CP00046,2024,16994.8,EM000138,,4564.8,1659.9,1575.4,10770.1,4,estimated_economic,modeled,IPCC_AR6
CP00047,2022,3615.8,EM000139,,980.1,356.4,318.6,2279.3,5,estimated_economic,modeled,IPCC_AR6
CP00047,2023,3275.7,EM000140,,946.9,344.3,282.9,1984.5,4,estimated_economic,modeled,IPCC_AR6
CP00047,2024,2972.1,EM000141,,914.8,332.6,257.3,1724.7,3,estimated_physical,self_reported,IPCC_AR6
CP00048,2022,1386.3,EM000142,,219.8,79.9,71.4,1086.6,4,estimated_economic,modeled,IPCC_AR6
CP00048,2023,1029.7,EM000143,,214.1,77.8,57.6,737.8,3,estimated_physical,self_reported,IPCC_AR6
CP00048,2024,1135.1,EM000144,,208.5,75.8,68.0,850.8,5,estimated_economic,modeled,IPCC_AR6
CP00049,2022,79244.8,EM000145,,17605.2,6401.9,4519.6,55237.7,4,estimated_economic,modeled,IPCC_AR6
CP00049,2023,75438.6,EM000146,,17351.2,6309.5,5555.4,51777.9,3,estimated_physical,self_reported,IPCC_AR6
CP00049,2024,74541.5,EM000147,,17100.9,6218.5,5112.2,51222.1,5,estimated_economic,modeled,IPCC_AR6
CP00050,2022,804952.3,EM000148,,250388.4,91050.3,83517.7,463513.6,3,estimated_physical,self_reported,IPCC_AR6
CP00050,2023,806785.7,EM000149,,245311.2,89204.1,82098.5,472270.4,1,reported,third_party_verified,IPCC_AR6
CP00050,2024,1070888.3,EM000150,,240337.0,87395.3,82911.4,743156.0,2,reported,self_reported,IPCC_AR6
CP00051,2022,118134.8,EM000151,,34215.6,12442.0,9598.0,71477.2,4,estimated_economic,modeled,IPCC_AR6
CP00051,2023,110262.7,EM000152,,33803.2,12292.1,9818.8,64167.4,4,estimated_economic,modeled,IPCC_AR6
CP00051,2024,131658.3,EM000153,,33395.7,12143.9,11227.2,86118.7,3,estimated_physical,self_reported,IPCC_AR6
CP00052,2022,949604.1,EM000154,,288256.7,104820.6,103874.8,556526.8,2,reported,self_reported,IPCC_AR6
CP00052,2023,1045562.2,EM000155,,280383.3,101957.6,89400.9,663221.3,3,estimated_physical,self_reported,IPCC_AR6
CP00052,2024,1037440.8,EM000156,,272724.9,99172.7,97646.8,665543.2,3,estimated_physical,self_reported,IPCC_AR6
CP00053,2022,3676.0,EM000157,,552.0,200.7,193.4,2923.3,5,estimated_economic,modeled,IPCC_AR6
CP00053,2023,3966.3,EM000158,,536.9,195.2,178.5,3234.2,4,estimated_economic,modeled,IPCC_AR6
CP00053,2024,3685.0,EM000159,,522.2,189.9,188.0,2972.9,3,estimated_physical,self_reported,IPCC_AR6
CP00054,2022,7894.2,EM000160,,1195.9,434.9,394.5,6263.4,4,estimated_economic,modeled,IPCC_AR6
CP00054,2023,8204.1,EM000161,,1178.2,428.4,370.9,6597.5,3,estimated_physical,self_reported,IPCC_AR6
CP00054,2024,6489.0,EM000162,,1160.8,422.1,341.4,4906.1,4,estimated_economic,modeled,IPCC_AR6
CP00055,2022,3945973.1,EM000163,,905329.7,329210.8,268814.2,2711432.6,4,estimated_economic,modeled,IPCC_AR6
CP00055,2023,3857621.1,EM000164,,872431.5,317247.8,315153.3,2667941.8,3,estimated_physical,self_reported,IPCC_AR6
CP00055,2024,2907365.6,EM000165,,840728.7,305719.5,289459.0,1760917.4,2,reported,self_reported,IPCC_AR6
CP00056,2022,155159.7,EM000166,,21389.9,7778.1,6917.9,125991.7,3,estimated_physical,self_reported,IPCC_AR6
CP00056,2023,149294.7,EM000167,,20669.3,7516.1,6177.4,121109.3,3,estimated_physical,self_reported,IPCC_AR6
CP00056,2024,95901.7,EM000168,,19973.0,7262.9,6877.7,68665.8,3,estimated_physical,self_reported,IPCC_AR6
CP00057,2022,1833.1,EM000169,,311.4,113.2,103.6,1408.5,5,estimated_economic,modeled,IPCC_AR6
CP00057,2023,2188.4,EM000170,,303.3,110.3,104.5,1774.8,5,estimated_economic,modeled,IPCC_AR6
CP00057,2024,1981.0,EM000171,,295.5,107.4,86.5,1578.1,4,estimated_economic,modeled,IPCC_AR6
CP00058,2022,574103.2,EM000172,,137728.3,50083.0,35469.0,386291.9,2,reported,self_reported,IPCC_AR6
CP00058,2023,428236.3,EM000173,,135580.2,49301.9,43831.7,243354.2,2,reported,self_reported,IPCC_AR6
CP00058,2024,566797.8,EM000174,,133465.5,48532.9,39806.6,384799.4,1,reported,third_party_verified,IPCC_AR6
CP00059,2022,9341715.4,EM000175,,2916621.4,1060589.6,906708.4,5364504.4,1,reported,third_party_verified,IPCC_AR6
CP00059,2023,12751236.1,EM000176,,2827406.8,1028147.9,955096.8,8895681.4,3,estimated_physical,self_reported,IPCC_AR6
CP00059,2024,11865885.8,EM000177,,2740921.1,996698.6,934696.7,8128266.1,2,reported,self_reported,IPCC_AR6
CP00060,2022,547651.4,EM000178,,131503.9,47819.6,43336.0,368327.9,2,reported,self_reported,IPCC_AR6
CP00060,2023,550889.4,EM000179,,128131.0,46593.1,35392.1,376165.3,3,estimated_physical,self_reported,IPCC_AR6
CP00060,2024,460958.2,EM000180,,124844.5,45398.0,43714.5,290715.7,1,reported,third_party_verified,IPCC_AR6
CP00061,2022,2578886.1,EM000181,,755733.8,274812.3,268473.4,1548340.0,3,estimated_physical,self_reported,IPCC_AR6
CP00061,2023,3008184.6,EM000182,,745554.3,271110.6,263534.0,1991519.7,2,reported,self_reported,IPCC_AR6
CP00061,2024,3321896.6,EM000183,,735511.8,267458.8,243488.7,2318926.0,1,reported,third_party_verified,IPCC_AR6
CP00062,2022,7979.3,EM000184,,2148.7,781.4,567.9,5049.2,4,estimated_economic,modeled,IPCC_AR6
CP00062,2023,7568.7,EM000185,,2088.7,759.5,558.4,4720.5,5,estimated_economic,modeled,IPCC_AR6
CP00062,2024,8405.4,EM000186,,2030.2,738.3,720.6,5636.9,4,estimated_economic,modeled,IPCC_AR6
CP00063,2022,6945.4,EM000187,,1377.0,500.7,379.1,5067.7,4,estimated_economic,modeled,IPCC_AR6
CP00063,2023,9681.2,EM000188,,1349.7,490.8,386.0,7840.7,4,estimated_economic,modeled,IPCC_AR6
CP00063,2024,8096.4,EM000189,,1323.0,481.1,460.4,6292.3,2,reported,self_reported,IPCC_AR6
CP00064,2022,7797371.7,EM000190,,2228742.7,810451.9,669027.5,4758177.1,3,estimated_physical,self_reported,IPCC_AR6
CP00064,2023,8126215.8,EM000191,,2206134.9,802230.9,631402.2,5117850.0,2,reported,self_reported,IPCC_AR6
CP00064,2024,7571907.2,EM000192,,2183756.3,794093.2,772016.2,4594057.7,3,estimated_physical,self_reported,IPCC_AR6
CP00065,2022,1383.6,EM000193,,230.0,83.6,61.9,1070.0,3,estimated_physical,self_reported,IPCC_AR6
CP00065,2023,1269.6,EM000194,,225.5,82.0,74.3,962.1,4,estimated_economic,modeled,IPCC_AR6
CP00065,2024,1491.8,EM000195,,221.1,80.4,74.0,1190.3,5,estimated_economic,modeled,IPCC_AR6
CP00066,2022,52192.1,EM000196,,10710.9,3894.9,3000.8,37586.3,3,estimated_physical,self_reported,IPCC_AR6
CP00066,2023,75341.0,EM000197,,10313.1,3750.2,3681.9,61277.7,4,estimated_economic,modeled,IPCC_AR6
CP00066,2024,74219.6,EM000198,,9930.0,3610.9,3338.2,60678.7,3,estimated_physical,self_reported,IPCC_AR6
CP00067,2022,8673.5,EM000199,,2171.4,789.6,646.2,5712.5,4,estimated_economic,modeled,IPCC_AR6
CP00067,2023,7622.5,EM000200,,2101.0,764.0,663.1,4757.5,5,estimated_economic,modeled,IPCC_AR6
CP00067,2024,8003.4,EM000201,,2033.0,739.3,629.2,5231.1,4,estimated_economic,modeled,IPCC_AR6
CP00068,2022,7804897.1,EM000202,,2382374.7,866318.1,744277.4,4556204.3,3,estimated_physical,self_reported,IPCC_AR6
CP00068,2023,7732436.1,EM000203,,2349824.1,854481.5,609457.8,4528130.5,2,reported,self_reported,IPCC_AR6
CP00068,2024,7579258.4,EM000204,,2317718.2,842806.6,801038.1,4418733.6,4,estimated_economic,modeled,IPCC_AR6
CP00069,2022,1175632.8,EM000205,,336040.0,122196.4,108006.9,717396.4,4,estimated_economic,modeled,IPCC_AR6
CP00069,2023,1395257.8,EM000206,,331936.0,120704.0,95827.3,942617.8,3,estimated_physical,self_reported,IPCC_AR6
CP00069,2024,1441527.0,EM000207,,327882.1,119229.8,119035.4,994415.1,3,estimated_physical,self_reported,IPCC_AR6
CP00070,2022,12324386.4,EM000208,,2840961.4,1033076.9,970540.7,8450348.1,3,estimated_physical,self_reported,IPCC_AR6
CP00070,2023,8659627.3,EM000209,,2740215.0,996441.8,766222.1,4922970.5,2,reported,self_reported,IPCC_AR6
CP00070,2024,8284965.9,EM000210,,2643041.4,961105.9,876325.7,4680818.6,3,estimated_physical,self_reported,IPCC_AR6
CP00071,2022,27552.2,EM000211,,6195.2,2252.8,1817.9,19104.2,3,estimated_physical,self_reported,IPCC_AR6
CP00071,2023,25301.9,EM000212,,6132.3,2229.9,1890.7,16939.7,4,estimated_economic,modeled,IPCC_AR6
CP00071,2024,26268.4,EM000213,,6070.1,2207.3,1627.0,17991.0,5,estimated_economic,modeled,IPCC_AR6
CP00072,2022,308278.5,EM000214,,59036.0,21467.6,18303.7,227774.9,1,reported,third_party_verified,IPCC_AR6
CP00072,2023,319335.2,EM000215,,58212.1,21168.0,18536.9,239955.1,3,estimated_physical,self_reported,IPCC_AR6
CP00072,2024,365958.7,EM000216,,57399.8,20872.6,17904.6,287686.3,3,estimated_physical,self_reported,IPCC_AR6
CP00073,2022,46212.0,EM000217,,14464.0,5259.6,4749.8,26488.4,4,estimated_economic,modeled,IPCC_AR6
CP00073,2023,61732.0,EM000218,,14066.2,5115.0,4626.0,42550.8,2,reported,self_reported,IPCC_AR6
CP00073,2024,55868.9,EM000219,,13679.2,4974.3,4363.0,37215.4,3,estimated_physical,self_reported,IPCC_AR6
CP00074,2022,19712.4,EM000220,,5958.5,2166.7,2056.7,11587.2,3,estimated_physical,self_reported,IPCC_AR6
CP00074,2023,23791.2,EM000221,,5869.8,2134.5,2105.8,15786.9,4,estimated_economic,modeled,IPCC_AR6
CP00074,2024,22880.5,EM000222,,5782.4,2102.7,2083.6,14995.4,3,estimated_physical,self_reported,IPCC_AR6
CP00075,2022,340162.8,EM000223,,95542.5,34742.7,31973.6,209877.6,4,estimated_economic,modeled,IPCC_AR6
CP00075,2023,424234.9,EM000224,,94446.3,34344.1,26218.6,295444.5,3,estimated_physical,self_reported,IPCC_AR6
CP00075,2024,294420.6,EM000225,,93362.7,33950.1,27056.6,167107.8,3,estimated_physical,self_reported,IPCC_AR6
CP00076,2022,143396.6,EM000226,,31981.7,11629.7,9532.4,99785.2,2,reported,self_reported,IPCC_AR6
CP00076,2023,102895.3,EM000227,,30770.3,11189.2,10737.8,60935.8,3,estimated_physical,self_reported,IPCC_AR6
CP00076,2024,95125.2,EM000228,,29604.8,10765.4,8062.0,54755.0,3,estimated_physical,self_reported,IPCC_AR6
CP00077,2022,793990.3,EM000229,,189490.5,68905.7,50727.0,535594.1,3,estimated_physical,self_reported,IPCC_AR6
CP00077,2023,698279.0,EM000230,,183530.7,66738.4,62861.3,448009.9,3,estimated_physical,self_reported,IPCC_AR6
CP00077,2024,629000.1,EM000231,,177758.3,64639.4,47793.5,386602.4,3,estimated_physical,self_reported,IPCC_AR6
CP00078,2022,7755.3,EM000232,,2021.3,735.0,709.7,4999.0,4,estimated_economic,modeled,IPCC_AR6
CP00078,2023,7532.6,EM000233,,1990.9,724.0,598.7,4817.7,4,estimated_economic,modeled,IPCC_AR6
CP00078,2024,8228.2,EM000234,,1961.0,713.1,630.5,5554.1,5,estimated_economic,modeled,IPCC_AR6
CP00079,2022,138360.5,EM000235,,44044.6,16016.2,13438.5,78299.7,3,estimated_physical,self_reported,IPCC_AR6
CP00079,2023,146192.0,EM000236,,42845.8,15580.3,11631.0,87765.9,3,estimated_physical,self_reported,IPCC_AR6
CP00079,2024,158852.8,EM000237,,41679.5,15156.2,12995.0,102017.1,3,estimated_physical,self_reported,IPCC_AR6
CP00080,2022,2345954.1,EM000238,,531012.6,193095.5,143775.4,1621846.0,2,reported,self_reported,IPCC_AR6
CP00080,2023,1689746.9,EM000239,,516739.4,187905.2,178972.4,985102.3,3,estimated_physical,self_reported,IPCC_AR6
CP00080,2024,1937073.1,EM000240,,502849.8,182854.5,130616.3,1251368.8,2,reported,self_reported,IPCC_AR6
CP00081,2022,44461.6,EM000241,,13721.3,4989.6,3634.2,25750.7,3,estimated_physical,self_reported,IPCC_AR6
CP00081,2023,53490.4,EM000242,,13191.0,4796.7,3722.3,35502.7,3,estimated_physical,self_reported,IPCC_AR6
CP00081,2024,43841.0,EM000243,,12681.2,4611.4,3924.5,26548.4,2,reported,self_reported,IPCC_AR6
CP00082,2022,7951.9,EM000244,,2376.4,864.1,706.7,4711.4,3,estimated_physical,self_reported,IPCC_AR6
CP00082,2023,7461.6,EM000245,,2328.5,846.7,668.3,4286.4,5,estimated_economic,modeled,IPCC_AR6
CP00082,2024,9004.7,EM000246,,2281.6,829.7,747.6,5893.4,4,estimated_economic,modeled,IPCC_AR6
CP00083,2022,599331.5,EM000247,,133021.2,48371.4,36576.4,417938.9,3,estimated_physical,self_reported,IPCC_AR6
CP00083,2023,431906.8,EM000248,,128758.2,46821.2,41259.6,256327.4,3,estimated_physical,self_reported,IPCC_AR6
CP00083,2024,544076.3,EM000249,,124631.8,45320.6,38989.9,374123.9,1,reported,third_party_verified,IPCC_AR6
CP00084,2022,5482654.8,EM000250,,1644103.9,597855.9,542579.3,3240695.0,3,estimated_physical,self_reported,IPCC_AR6
CP00084,2023,6908703.8,EM000251,,1584094.6,576034.4,507236.4,4748574.8,4,estimated_economic,modeled,IPCC_AR6
CP00084,2024,5797753.3,EM000252,,1526275.7,555009.4,550667.3,3716468.2,3,estimated_physical,self_reported,IPCC_AR6
CP00085,2022,12889.8,EM000253,,3145.0,1143.7,904.4,8601.1,4,estimated_economic,modeled,IPCC_AR6
CP00085,2023,10068.5,EM000254,,3082.8,1121.0,822.3,5864.7,3,estimated_physical,self_reported,IPCC_AR6
CP00085,2024,9383.2,EM000255,,3021.8,1098.8,1052.3,5262.6,5,estimated_economic,modeled,IPCC_AR6
CP00086,2022,249914.6,EM000256,,61879.8,22501.8,19977.5,165533.0,3,estimated_physical,self_reported,IPCC_AR6
CP00086,2023,257301.4,EM000257,,60608.7,22039.5,17417.3,174653.2,2,reported,self_reported,IPCC_AR6
CP00086,2024,223464.1,EM000258,,59363.8,21586.8,15252.0,142513.5,3,estimated_physical,self_reported,IPCC_AR6
CP00087,2022,43970.7,EM000259,,10681.4,3884.2,3268.3,29405.1,5,estimated_economic,modeled,IPCC_AR6
CP00087,2023,44798.0,EM000260,,10303.0,3746.5,2848.8,30748.5,4,estimated_economic,modeled,IPCC_AR6
CP00087,2024,38961.2,EM000261,,9938.0,3613.8,2584.9,25409.4,5,estimated_economic,modeled,IPCC_AR6
CP00088,2022,763462.3,EM000262,,184767.8,67188.3,64136.9,511506.2,3,estimated_physical,self_reported,IPCC_AR6
CP00088,2023,753751.7,EM000263,,180871.5,65771.4,56977.2,507108.8,2,reported,self_reported,IPCC_AR6
CP00088,2024,621480.0,EM000264,,177057.3,64384.5,54458.4,380038.2,2,reported,self_reported,IPCC_AR6
CP00089,2022,180218.8,EM000265,,44157.1,16057.1,13590.3,120004.6,4,estimated_economic,modeled,IPCC_AR6
CP00089,2023,178582.4,EM000266,,43200.8,15709.4,12985.4,119672.2,3,estimated_physical,self_reported,IPCC_AR6
CP00089,2024,149914.1,EM000267,,42265.3,15369.2,14875.3,92279.6,2,reported,self_reported,IPCC_AR6
CP00090,2022,31068.8,EM000268,,5075.4,1845.6,1483.9,24147.8,4,estimated_economic,modeled,IPCC_AR6
CP00090,2023,33137.4,EM000269,,4944.4,1798.0,1414.0,26395.0,2,reported,self_reported,IPCC_AR6
CP00090,2024,25312.5,EM000270,,4816.9,1751.6,1348.1,18744.0,3,estimated_physical,self_reported,IPCC_AR6
