exposure_id,bank_id,counterparty_id,product_type,outstanding_amount_meur,committed_amount_meur,pcaf_asset_class,origination_date,maturity_date,currency,interest_rate_pct,stage,eu_taxonomy_aligned,undrawn_amount_meur,green_label_flag,green_taxonomy,origination_property_value_meur,total_project_cost_meur,has_control,instrument_type
EXP000001,BANK01,CP00001,green_loan,5.31,5.64,business_loan,2018-05-13,2033-05-09,EUR,4.75,stage_1,True,0.33,True,EU_Taxonomy,,,,
EXP000002,BANK01,CP00001,term_loan,6.14,7.04,business_loan,2019-07-18,2034-07-14,EUR,4.07,stage_1,False,0.9,False,,,,,
EXP000003,BANK01,CP00002,term_loan,12.53,17.11,business_loan,2023-10-22,2033-10-19,EUR,3.09,stage_1,False,4.58,False,,,,,
EXP000004,BANK01,CP00002,term_loan,56.63,72.35,business_loan,2024-11-11,2031-11-10,EUR,7.49,stage_1,False,15.72,False,,,,,
EXP000005,BANK01,CP00002,term_loan,19.67,27.52,business_loan,2019-12-09,2029-12-06,EUR,6.55,stage_2,False,7.85,False,,,,,
EXP000006,BANK01,CP00002,corporate_bond,75.01,91.28,listed_equity,2018-09-23,2033-09-19,EUR,6.96,stage_2,False,16.27,False,,,,,
EXP000007,BANK01,CP00003,corporate_bond,1.97,2.15,business_loan,2022-01-20,2037-01-16,EUR,7.43,stage_1,False,0.18,False,,,,,
EXP000008,BANK01,CP00003,revolving_credit,0.73,0.9,business_loan,2022-01-18,2037-01-14,EUR,4.84,stage_3,False,0.17,False,,,,,
EXP000009,BANK01,CP00004,term_loan,35.18,42.58,business_loan,2022-06-19,2032-06-16,EUR,6.35,stage_1,False,7.4,False,,,,,
EXP000010,BANK01,CP00005,corporate_bond,212.85,270.75,listed_equity,2023-01-18,2033-01-15,EUR,4.22,stage_2,False,57.9,False,,,,,
EXP000011,BANK01,CP00006,term_loan,2.37,2.85,business_loan,2019-06-13,2029-06-10,EUR,6.84,stage_1,False,0.48,False,,,,,
EXP000012,BANK01,CP00006,term_loan,2.01,2.76,business_loan,2019-10-26,2026-10-24,EUR,3.63,stage_2,False,0.75,False,,,,,
EXP000013,BANK01,CP00006,term_loan,2.02,2.18,business_loan,2018-11-20,2025-11-18,EUR,7.28,stage_1,False,0.16,False,,,,,
EXP000014,BANK01,CP00007,term_loan,28.05,38.61,business_loan,2019-11-22,2034-11-18,EUR,3.27,stage_1,False,10.56,False,,,,,
EXP000015,BANK01,CP00007,project_finance,31.86,42.38,project_finance,2024-04-27,2027-04-27,EUR,2.64,stage_1,False,10.52,False,,,109.95,False,project_loan
EXP000016,BANK01,CP00008,corporate_bond,85.96,107.21,listed_equity,2024-06-01,2034-05-30,EUR,2.65,stage_2,False,21.25,False,,,,,
EXP000017,BANK01,CP00008,corporate_bond,82.35,90.42,listed_equity,2021-05-22,2031-05-20,EUR,6.54,stage_1,False,8.07,False,,,,,
EXP000018,BANK01,CP00009,term_loan,6.21,7.36,business_loan,2022-08-30,2032-08-27,EUR,4.2,stage_1,False,1.15,False,,,,,
EXP000019,BANK01,CP00009,revolving_credit,7.46,7.85,business_loan,2021-11-15,2031-11-13,EUR,4.35,stage_1,False,0.39,False,,,,,
EXP000020,BANK01,CP00010,term_loan,13.14,13.65,business_loan,2020-10-12,2025-10-11,EUR,3.95,stage_1,False,0.51,False,,,,,
EXP000021,BANK01,CP00011,mortgage,2.65,3.64,commercial_re,2019-10-17,2026-10-15,EUR,6.11,stage_1,False,0.99,False,,4.5,,,
EXP000022,BANK01,CP00011,green_loan,2.08,2.81,business_loan,2023-03-28,2033-03-25,EUR,4.99,stage_1,True,0.73,True,LMA_GLP,,,,
EXP000023,BANK01,CP00012,term_loan,3.05,3.11,business_loan,2024-07-17,2031-07-16,EUR,3.91,stage_1,False,0.06,False,,,,,
EXP000024,BANK01,CP00012,corporate_bond,4.94,4.96,business_loan,2021-03-16,2036-03-12,EUR,3.04,stage_1,False,0.02,False,,,,,
EXP000025,BANK01,CP00013,revolving_credit,478.16,487.94,business_loan,2018-07-05,2028-07-02,EUR,5.31,stage_1,False,9.78,False,,,,,
EXP000026,BANK01,CP00014,revolving_credit,4.05,5.39,business_loan,2024-03-02,2031-03-01,EUR,5.62,stage_1,False,1.34,False,,,,,
EXP000027,BANK01,CP00015,revolving_credit,217.3,298.91,business_loan,2021-10-20,2036-10-16,EUR,6.27,stage_1,False,81.61,False,,,,,
EXP000028,BANK01,CP00016,term_loan,555.54,734.19,business_loan,2019-07-16,2026-07-14,EUR,5.1,stage_1,False,178.65,False,,,,,
EXP000029,BANK01,CP00016,term_loan,883.05,940.45,business_loan,2024-11-16,2031-11-15,EUR,7.45,stage_1,False,57.4,False,,,,,
EXP000030,BANK01,CP00017,mortgage,131.76,169.11,commercial_re,2023-12-21,2033-12-18,EUR,4.0,stage_1,False,37.35,False,,203.37,,,
EXP000031,BANK01,CP00018,green_loan,42.69,56.3,mortgage,2024-07-18,2031-07-17,EUR,6.13,stage_1,True,13.61,True,ICMA_GBP,68.06,,,
EXP000032,BANK01,CP00018,revolving_credit,9.82,10.71,business_loan,2024-06-27,2039-06-24,EUR,2.76,stage_1,False,0.89,False,,,,,
EXP000033,BANK01,CP00019,mortgage,4.02,5.34,commercial_re,2022-04-07,2027-04-06,EUR,3.71,stage_1,False,1.32,False,,6.11,,,
EXP000034,BANK01,CP00019,term_loan,3.93,4.59,business_loan,2022-12-12,2029-12-10,EUR,4.56,stage_1,False,0.66,False,,,,,
EXP000035,BANK01,CP00020,revolving_credit,1139.06,1375.38,business_loan,2018-09-13,2023-09-12,EUR,5.3,stage_3,False,236.32,False,,,,,
EXP000036,BANK01,CP00020,revolving_credit,944.22,1288.72,business_loan,2019-12-11,2029-12-08,EUR,4.21,stage_1,False,344.5,False,,,,,
EXP000037,BANK01,CP00021,corporate_bond,2.96,3.53,business_loan,2020-12-18,2035-12-15,EUR,7.29,stage_1,False,0.57,False,,,,,
EXP000038,BANK01,CP00021,green_loan,1.55,1.99,business_loan,2021-05-04,2028-05-02,EUR,5.95,stage_1,True,0.44,True,EU_Taxonomy,,,,
EXP000039,BANK01,CP00021,project_finance,2.15,2.25,project_finance,2021-01-25,2028-01-24,EUR,5.88,stage_1,False,0.1,False,,,6.44,False,project_loan
EXP000040,BANK01,CP00022,green_loan,3.19,3.24,business_loan,2019-08-23,2026-08-21,EUR,7.28,stage_1,True,0.05,True,EU_Taxonomy,,,,
EXP000041,BANK01,CP00022,corporate_bond,3.53,3.82,business_loan,2023-05-17,2028-05-15,EUR,5.19,stage_2,False,0.29,False,,,,,
EXP000042,BANK01,CP00022,term_loan,2.8,3.07,business_loan,2024-11-26,2039-11-23,EUR,2.75,stage_2,False,0.27,False,,,,,
EXP000043,BANK01,CP00022,term_loan,1.27,1.44,business_loan,2019-02-15,2029-02-12,EUR,4.86,stage_1,False,0.17,False,,,,,
EXP000044,BANK01,CP00023,green_loan,245.29,309.35,business_loan,2019-10-09,2029-10-06,EUR,6.9,stage_1,True,64.06,True,LMA_GLP,,,,
EXP000045,BANK01,CP00024,term_loan,10.9,14.86,business_loan,2021-03-15,2024-03-14,EUR,2.95,stage_1,False,3.96,False,,,,,
EXP000046,BANK01,CP00024,corporate_bond,8.3,9.69,business_loan,2018-06-02,2023-06-01,EUR,6.69,stage_2,False,1.39,False,,,,,
EXP000047,BANK01,CP00025,mortgage,4.6,6.21,commercial_re,2020-02-03,2027-02-01,EUR,2.55,stage_1,False,1.61,False,,11.37,,,
EXP000048,BANK01,CP00026,term_loan,50.53,60.51,business_loan,2024-02-04,2039-01-31,EUR,7.19,stage_2,False,9.98,False,,,,,
EXP000049,BANK01,CP00027,term_loan,4.52,5.69,business_loan,2019-10-28,2029-10-25,EUR,6.09,stage_1,False,1.17,False,,,,,
EXP000050,BANK01,CP00027,term_loan,6.33,7.88,business_loan,2020-03-02,2025-03-01,EUR,5.69,stage_1,False,1.55,False,,,,,
EXP000051,BANK01,CP00028,revolving_credit,116.7,162.53,business_loan,2019-01-26,2024-01-25,EUR,4.89,stage_2,False,45.83,False,,,,,
EXP000052,BANK01,CP00028,revolving_credit,40.94,56.56,business_loan,2023-01-04,2030-01-02,EUR,4.01,stage_1,False,15.62,False,,,,,
EXP000053,BANK01,CP00029,corporate_bond,32.88,39.0,business_loan,2018-09-12,2021-09-11,EUR,3.3,stage_1,False,6.12,False,,,,,
EXP000054,BANK01,CP00030,mortgage,1239.49,1421.72,commercial_re,2019-04-26,2026-04-24,EUR,3.6,stage_2,False,182.23,False,,2507.01,,,
EXP000055,BANK01,CP00030,revolving_credit,757.99,884.07,business_loan,2024-10-17,2031-10-16,EUR,5.25,stage_1,False,126.08,False,,,,,
EXP000056,BANK01,CP00030,corporate_bond,827.74,1053.0,business_loan,2020-06-13,2025-06-12,EUR,5.48,stage_1,False,225.26,False,,,,,
EXP000057,BANK01,CP00030,revolving_credit,813.62,1112.14,business_loan,2022-01-21,2025-01-20,EUR,3.06,stage_1,False,298.52,False,,,,,
EXP000058,BANK01,CP00031,revolving_credit,536.27,719.56,business_loan,2019-11-05,2026-11-03,EUR,4.71,stage_1,False,183.29,False,,,,,
EXP000059,BANK01,CP00031,revolving_credit,1284.74,1700.32,business_loan,2023-09-22,2033-09-19,EUR,4.77,stage_1,False,415.58,False,,,,,
EXP000060,BANK01,CP00031,term_loan,906.52,1168.79,business_loan,2023-03-09,2030-03-07,EUR,4.48,stage_1,False,262.27,False,,,,,
EXP000061,BANK01,CP00032,term_loan,1.74,2.12,business_loan,2021-11-12,2024-11-11,EUR,2.8,stage_2,False,0.38,False,,,,,
EXP000062,BANK01,CP00032,revolving_credit,2.7,2.89,business_loan,2021-03-21,2031-03-19,EUR,3.18,stage_1,False,0.19,False,,,,,
EXP000063,BANK01,CP00032,green_loan,2.1,2.48,business_loan,2022-03-14,2032-03-11,EUR,7.09,stage_1,True,0.38,True,ICMA_GBP,,,,
EXP000064,BANK01,CP00033,mortgage,2.78,2.91,mortgage,2019-06-29,2026-06-27,EUR,7.46,stage_1,False,0.13,False,,4.24,,,
EXP000065,BANK01,CP00034,mortgage,16.87,19.99,commercial_re,2018-04-04,2025-04-02,EUR,6.1,stage_1,False,3.12,False,,27.71,,,
EXP000066,BANK01,CP00035,revolving_credit,1.49,1.6,business_loan,2019-09-28,2026-09-26,EUR,6.88,stage_1,False,0.11,False,,,,,
EXP000067,BANK01,CP00035,corporate_bond,0.75,0.82,business_loan,2024-11-23,2027-11-23,EUR,2.84,stage_1,False,0.07,False,,,,,
EXP000068,BANK01,CP00036,mortgage,33.09,38.41,mortgage,2020-09-29,2023-09-29,EUR,3.67,stage_1,False,5.32,False,,57.34,,,
EXP000069,BANK01,CP00036,term_loan,40.65,44.46,business_loan,2023-08-26,2030-08-24,EUR,7.08,stage_1,False,3.81,False,,,,,
EXP000070,BANK01,CP00037,mortgage,26.34,35.57,commercial_re,2020-08-28,2027-08-27,EUR,7.43,stage_1,False,9.23,False,,43.7,,,
EXP000071,BANK01,CP00037,term_loan,16.28,22.01,business_loan,2024-03-30,2039-03-27,EUR,7.06,stage_1,False,5.73,False,,,,,
EXP000072,BANK01,CP00038,green_loan,86.45,97.47,mortgage,2022-04-11,2037-04-07,EUR,4.58,stage_1,True,11.02,True,EU_Taxonomy,143.72,,,
EXP000073,BANK01,CP00038,corporate_bond,70.89,94.97,business_loan,2023-04-24,2028-04-22,EUR,4.0,stage_1,False,24.08,False,,,,,
EXP000074,BANK01,CP00039,project_finance,6.03,7.31,project_finance,2022-09-03,2037-08-30,EUR,4.44,stage_1,False,1.28,False,,,21.63,False,project_loan
EXP000075,BANK01,CP00039,term_loan,2.77,2.87,business_loan,2023-01-17,2030-01-15,EUR,6.12,stage_1,False,0.1,False,,,,,
EXP000076,BANK01,CP00039,corporate_bond,2.43,3.28,business_loan,2024-10-05,2027-10-05,EUR,3.44,stage_1,False,0.85,False,,,,,
EXP000077,BANK01,CP00040,revolving_credit,458.38,633.85,business_loan,2021-09-25,2028-09-23,EUR,2.58,stage_2,False,175.47,False,,,,,
EXP000078,BANK01,CP00040,term_loan,713.14,911.57,business_loan,2023-05-16,2028-05-14,EUR,6.02,stage_1,False,198.43,False,,,,,
EXP000079,BANK01,CP00041,term_loan,730.53,920.09,business_loan,2023-03-25,2038-03-21,EUR,4.04,stage_1,False,189.56,False,,,,,
EXP000080,BANK01,CP00042,mortgage,27.24,37.2,mortgage,2023-04-08,2030-04-06,EUR,4.35,stage_1,False,9.96,False,,47.15,,,
EXP000081,BANK01,CP00042,term_loan,31.39,34.66,business_loan,2019-08-21,2022-08-20,EUR,7.17,stage_1,False,3.27,False,,,,,
EXP000082,BANK01,CP00042,term_loan,25.15,28.97,business_loan,2021-09-13,2026-09-12,EUR,6.67,stage_1,False,3.82,False,,,,,
EXP000083,BANK01,CP00043,term_loan,1.3,1.54,business_loan,2023-06-25,2033-06-22,EUR,6.16,stage_1,False,0.24,False,,,,,
EXP000084,BANK01,CP00043,project_finance,0.47,0.66,project_finance,2020-01-24,2035-01-20,EUR,7.29,stage_1,False,0.19,False,,,1.81,False,project_loan
EXP000085,BANK01,CP00044,mortgage,44.56,51.91,commercial_re,2018-07-18,2021-07-17,EUR,6.71,stage_1,False,7.35,False,,73.13,,,
EXP000086,BANK01,CP00044,term_loan,161.56,185.68,business_loan,2023-09-03,2033-08-31,EUR,5.59,stage_1,False,24.12,False,,,,,
EXP000087,BANK01,CP00044,revolving_credit,144.8,145.18,business_loan,2023-06-22,2026-06-21,EUR,5.26,stage_1,False,0.38,False,,,,,
EXP000088,BANK01,CP00045,green_loan,5.15,6.83,mortgage,2018-03-12,2033-03-08,EUR,5.87,stage_1,True,1.68,True,LMA_GLP,9.25,,,
EXP000089,BANK01,CP00045,term_loan,12.56,13.31,business_loan,2019-01-30,2034-01-26,EUR,3.46,stage_1,False,0.75,False,,,,,
EXP000090,BANK01,CP00046,revolving_credit,5.69,6.73,business_loan,2022-03-09,2032-03-06,EUR,3.72,stage_1,False,1.04,False,,,,,
EXP000091,BANK01,CP00046,mortgage,6.12,6.35,commercial_re,2018-11-27,2021-11-26,EUR,4.4,stage_1,False,0.23,False,,10.41,,,
EXP000092,BANK01,CP00046,term_loan,2.92,3.5,business_loan,2019-12-03,2022-12-02,EUR,4.67,stage_1,False,0.58,False,,,,,
EXP000093,BANK01,CP00047,term_loan,4.58,5.0,business_loan,2023-12-04,2026-12-03,EUR,7.01,stage_1,False,0.42,False,,,,,
EXP000094,BANK01,CP00047,term_loan,3.28,4.46,business_loan,2018-11-01,2025-10-30,EUR,5.32,stage_1,False,1.18,False,,,,,
EXP000095,BANK01,CP00048,green_loan,1.15,1.5,mortgage,2024-08-01,2029-07-31,EUR,6.06,stage_1,True,0.35,True,EU_Taxonomy,1.91,,,
EXP000096,BANK01,CP00048,term_loan,0.58,0.77,business_loan,2020-09-11,2035-09-08,EUR,4.45,stage_2,False,0.19,False,,,,,
EXP000097,BANK01,CP00048,corporate_bond,1.2,1.44,business_loan,2019-07-28,2022-07-27,EUR,7.37,stage_1,False,0.24,False,,,,,
EXP000098,BANK01,CP00048,mortgage,1.45,1.9,commercial_re,2021-10-27,2036-10-23,EUR,7.27,stage_1,False,0.45,False,,2.12,,,
EXP000099,BANK01,CP00049,term_loan,1.62,1.77,business_loan,2023-01-20,2033-01-17,EUR,5.27,stage_1,False,0.15,False,,,,,
EXP000100,BANK01,CP00049,project_finance,2.91,3.81,project_finance,2022-04-06,2025-04-05,EUR,3.98,stage_1,False,0.9,False,,,10.02,False,project_loan
EXP000101,BANK01,CP00049,term_loan,1.98,2.57,business_loan,2022-04-06,2027-04-05,EUR,4.08,stage_1,False,0.59,False,,,,,
EXP000102,BANK01,CP00050,revolving_credit,35.43,37.31,business_loan,2021-01-09,2024-01-09,EUR,3.44,stage_1,False,1.88,False,,,,,
EXP000103,BANK01,CP00051,term_loan,13.31,13.81,business_loan,2021-12-20,2036-12-16,EUR,5.49,stage_1,False,0.5,False,,,,,
EXP000104,BANK01,CP00051,term_loan,12.78,16.49,business_loan,2022-05-08,2025-05-07,EUR,5.3,stage_3,False,3.71,False,,,,,
EXP000105,BANK01,CP00052,corporate_bond,663.4,734.76,business_loan,2019-11-26,2024-11-24,EUR,3.84,stage_1,False,71.36,False,,,,,
EXP000106,BANK01,CP00053,term_loan,2.91,3.2,business_loan,2018-11-12,2025-11-10,EUR,3.73,stage_1,False,0.29,False,,,,,
EXP000107,BANK01,CP00054,term_loan,7.0,9.66,business_loan,2021-06-01,2024-05-31,EUR,4.16,stage_1,False,2.66,False,,,,,
EXP000108,BANK01,CP00054,revolving_credit,18.75,24.87,business_loan,2021-10-03,2031-10-01,EUR,6.8,stage_3,False,6.12,False,,,,,
EXP000109,BANK01,CP00055,green_loan,655.4,737.77,commercial_re,2020-04-02,2030-03-31,EUR,7.32,stage_2,True,82.37,True,LMA_GLP,1060.52,,,
EXP000110,BANK01,CP00056,revolving_credit,126.66,143.17,business_loan,2024-06-16,2029-06-15,EUR,3.9,stage_1,False,16.51,False,,,,,
EXP000111,BANK01,CP00057,term_loan,4.85,6.17,business_loan,2024-02-13,2029-02-11,EUR,5.25,stage_2,False,1.32,False,,,,,
EXP000112,BANK01,CP00057,corporate_bond,2.77,3.69,business_loan,2022-12-01,2029-11-29,EUR,2.85,stage_1,False,0.92,False,,,,,
EXP000113,BANK01,CP00058,term_loan,100.91,111.11,business_loan,2021-05-25,2026-05-24,EUR,3.27,stage_1,False,10.2,False,,,,,
EXP000114,BANK01,CP00058,revolving_credit,65.34,80.56,business_loan,2024-09-15,2034-09-13,EUR,5.17,stage_2,False,15.22,False,,,,,
EXP000115,BANK01,CP00058,revolving_credit,124.54,159.49,business_loan,2018-05-31,2025-05-29,EUR,6.56,stage_1,False,34.95,False,,,,,
EXP000116,BANK01,CP00059,term_loan,127.69,160.74,business_loan,2021-12-25,2026-12-24,EUR,2.72,stage_3,False,33.05,False,,,,,
EXP000117,BANK01,CP00059,revolving_credit,390.47,407.02,business_loan,2021-09-20,2031-09-18,EUR,2.99,stage_1,False,16.55,False,,,,,
EXP000118,BANK01,CP00059,project_finance,422.57,497.92,project_finance,2024-06-14,2029-06-13,EUR,4.46,stage_1,False,75.35,False,,,1246.91,True,project_equity
EXP000119,BANK01,CP00059,revolving_credit,349.36,416.82,business_loan,2021-11-13,2024-11-12,EUR,3.98,stage_2,False,67.46,False,,,,,
EXP000120,BANK01,CP00060,corporate_bond,251.16,285.63,listed_equity,2021-11-27,2028-11-25,EUR,6.42,stage_1,False,34.47,False,,,,,
EXP000121,BANK01,CP00061,corporate_bond,47.02,48.28,listed_equity,2023-01-28,2030-01-26,EUR,2.72,stage_1,False,1.26,False,,,,,
EXP000122,BANK01,CP00062,term_loan,1.85,2.23,business_loan,2019-11-05,2024-11-03,EUR,5.26,stage_1,False,0.38,False,,,,,
EXP000123,BANK01,CP00063,mortgage,11.2,14.07,mortgage,2020-01-26,2025-01-24,EUR,4.66,stage_1,False,2.87,False,,15.76,,,
EXP000124,BANK01,CP00063,term_loan,13.91,16.07,business_loan,2024-08-22,2034-08-20,EUR,6.02,stage_1,False,2.16,False,,,,,
EXP000125,BANK01,CP00064,term_loan,658.71,707.97,business_loan,2019-02-21,2034-02-17,EUR,4.13,stage_1,False,49.26,False,,,,,
EXP000126,BANK01,CP00064,mortgage,289.73,358.91,commercial_re,2023-12-02,2030-11-30,EUR,5.56,stage_1,False,69.18,False,,491.5,,,
EXP000127,BANK01,CP00064,mortgage,347.52,460.64,mortgage,2024-12-03,2029-12-02,EUR,6.03,stage_1,False,113.12,False,,549.99,,,
EXP000128,BANK01,CP00065,term_loan,1.16,1.3,business_loan,2019-04-28,2024-04-26,EUR,3.42,stage_1,False,0.14,False,,,,,
EXP000129,BANK01,CP00065,revolving_credit,3.13,3.61,business_loan,2019-07-19,2034-07-15,EUR,3.43,stage_1,False,0.48,False,,,,,
EXP000130,BANK01,CP00066,green_loan,197.86,236.61,business_loan,2024-03-22,2029-03-21,EUR,3.2,stage_1,True,38.75,True,ICMA_GBP,,,,
EXP000131,BANK01,CP00066,term_loan,150.52,179.7,business_loan,2022-01-10,2025-01-09,EUR,3.48,stage_1,False,29.18,False,,,,,
EXP000132,BANK01,CP00067,revolving_credit,6.84,8.78,business_loan,2023-07-08,2033-07-05,EUR,4.72,stage_1,False,1.94,False,,,,,
EXP000133,BANK01,CP00067,mortgage,6.11,6.19,mortgage,2020-06-22,2027-06-21,EUR,3.62,stage_1,False,0.08,False,,8.69,,,
EXP000134,BANK01,CP00068,mortgage,414.56,499.26,mortgage,2023-07-22,2038-07-18,EUR,5.36,stage_1,False,84.7,False,,678.76,,,
EXP000135,BANK01,CP00068,green_loan,401.8,523.95,business_loan,2024-01-30,2027-01-29,EUR,4.71,stage_1,True,122.15,True,LMA_GLP,,,,
EXP000136,BANK01,CP00068,corporate_bond,335.03,452.27,business_loan,2020-10-10,2027-10-09,EUR,2.66,stage_1,False,117.24,False,,,,,
EXP000137,BANK01,CP00069,mortgage,156.79,169.95,commercial_re,2019-04-26,2024-04-24,EUR,6.19,stage_1,False,13.16,False,,237.0,,,
EXP000138,BANK01,CP00069,project_finance,635.28,791.85,project_finance,2022-10-20,2027-10-19,EUR,6.42,stage_1,False,156.57,False,,,1032.5,True,project_equity
EXP000139,BANK01,CP00069,project_finance,600.91,744.37,project_finance,2023-12-21,2030-12-19,EUR,3.34,stage_3,False,143.46,False,,,1248.48,False,project_loan
EXP000140,BANK01,CP00070,green_loan,884.44,932.41,commercial_re,2023-10-09,2026-10-08,EUR,6.25,stage_1,True,47.97,True,ICMA_GBP,1294.83,,,
EXP000141,BANK01,CP00071,corporate_bond,6.58,6.96,business_loan,2019-06-28,2024-06-26,EUR,4.11,stage_1,False,0.38,False,,,,,
EXP000142,BANK01,CP00072,term_loan,649.26,746.69,business_loan,2021-01-05,2031-01-03,EUR,2.88,stage_1,False,97.43,False,,,,,
EXP000143,BANK01,CP00072,revolving_credit,1085.89,1283.39,business_loan,2021-02-13,2028-02-12,EUR,4.94,stage_1,False,197.5,False,,,,,
EXP000144,BANK01,CP00072,mortgage,1201.99,1507.22,commercial_re,2019-01-17,2029-01-14,EUR,5.99,stage_2,False,305.23,False,,2167.67,,,
EXP000145,BANK01,CP00073,green_loan,17.29,19.15,business_loan,2020-05-17,2030-05-15,EUR,6.64,stage_1,True,1.86,True,LMA_GLP,,,,
EXP000146,BANK01,CP00073,project_finance,22.81,30.97,project_finance,2023-06-11,2030-06-09,EUR,6.31,stage_1,False,8.16,False,,,57.92,False,project_loan
EXP000147,BANK01,CP00073,mortgage,24.28,33.31,commercial_re,2018-03-08,2021-03-07,EUR,3.29,stage_1,False,9.03,False,,37.46,,,
EXP000148,BANK01,CP00074,green_loan,5.19,5.52,mortgage,2019-06-25,2026-06-23,EUR,7.16,stage_1,True,0.33,True,EU_Taxonomy,9.3,,,
EXP000149,BANK01,CP00074,term_loan,7.17,7.32,business_loan,2022-03-04,2027-03-03,EUR,5.63,stage_1,False,0.15,False,,,,,
EXP000150,BANK01,CP00074,revolving_credit,8.05,8.05,business_loan,2019-01-09,2022-01-08,EUR,4.88,stage_1,False,0.0,False,,,,,
EXP000151,BANK01,CP00074,corporate_bond,3.43,4.38,business_loan,2018-02-08,2021-02-07,EUR,6.59,stage_3,False,0.95,False,,,,,
EXP000152,BANK01,CP00075,term_loan,51.66,66.76,business_loan,2022-04-19,2025-04-18,EUR,3.01,stage_1,False,15.1,False,,,,,
EXP000153,BANK01,CP00075,term_loan,181.1,186.06,business_loan,2019-06-30,2024-06-28,EUR,5.32,stage_1,False,4.96,False,,,,,
EXP000154,BANK01,CP00076,term_loan,76.56,95.43,business_loan,2019-09-13,2029-09-10,EUR,4.71,stage_1,False,18.87,False,,,,,
EXP000155,BANK01,CP00077,term_loan,15.32,21.22,business_loan,2022-04-22,2029-04-20,EUR,4.07,stage_1,False,5.9,False,,,,,
EXP000156,BANK01,CP00077,term_loan,22.16,27.48,business_loan,2024-03-16,2039-03-13,EUR,5.54,stage_1,False,5.32,False,,,,,
EXP000157,BANK01,CP00077,mortgage,42.81,51.68,commercial_re,2021-05-20,2026-05-19,EUR,5.05,stage_1,False,8.87,False,,61.13,,,
EXP000158,BANK01,CP00078,mortgage,0.8,0.92,commercial_re,2020-09-07,2030-09-05,EUR,3.71,stage_1,False,0.12,False,,1.31,,,
EXP000159,BANK01,CP00079,term_loan,111.45,117.33,business_loan,2022-01-19,2029-01-17,EUR,6.8,stage_1,False,5.88,False,,,,,
EXP000160,BANK01,CP00080,corporate_bond,290.82,359.15,listed_equity,2018-10-26,2021-10-25,EUR,2.57,stage_1,False,68.33,False,,,,,
EXP000161,BANK01,CP00080,green_loan,372.85,415.58,commercial_re,2022-06-19,2037-06-15,EUR,6.06,stage_1,True,42.73,True,EU_Taxonomy,569.67,,,
EXP000162,BANK01,CP00081,corporate_bond,22.48,23.85,business_loan,2024-01-12,2039-01-08,EUR,2.92,stage_1,False,1.37,False,,,,,
EXP000163,BANK01,CP00081,green_loan,42.97,48.59,commercial_re,2019-09-29,2034-09-25,EUR,5.43,stage_1,True,5.62,True,ICMA_GBP,77.19,,,
EXP000164,BANK01,CP00082,revolving_credit,8.65,8.85,business_loan,2022-11-27,2027-11-26,EUR,2.93,stage_1,False,0.2,False,,,,,
EXP000165,BANK01,CP00082,project_finance,6.62,6.94,project_finance,2021-06-20,2026-06-19,EUR,6.04,stage_1,False,0.32,False,,,11.83,False,project_loan
EXP000166,BANK01,CP00083,revolving_credit,301.74,346.62,business_loan,2020-11-27,2025-11-26,EUR,6.25,stage_2,False,44.88,False,,,,,
EXP000167,BANK01,CP00084,mortgage,383.14,424.82,mortgage,2021-10-04,2031-10-02,EUR,2.82,stage_1,False,41.68,False,,709.99,,,
EXP000168,BANK01,CP00084,term_loan,1000.25,1144.34,business_loan,2023-02-08,2038-02-04,EUR,5.0,stage_1,False,144.09,False,,,,,
EXP000169,BANK01,CP00084,term_loan,719.05,912.94,business_loan,2019-02-26,2034-02-22,EUR,3.08,stage_1,False,193.89,False,,,,,
EXP000170,BANK01,CP00085,term_loan,5.91,6.77,business_loan,2018-07-08,2028-07-05,EUR,7.1,stage_1,False,0.86,False,,,,,
EXP000171,BANK01,CP00086,mortgage,35.11,39.63,commercial_re,2022-09-14,2027-09-13,EUR,4.58,stage_1,False,4.52,False,,58.52,,,
EXP000172,BANK01,CP00086,term_loan,76.11,91.39,business_loan,2022-03-08,2025-03-07,EUR,7.01,stage_1,False,15.28,False,,,,,
EXP000173,BANK01,CP00086,green_loan,168.75,227.95,business_loan,2022-07-01,2025-06-30,EUR,6.83,stage_1,True,59.2,True,ICMA_GBP,,,,
EXP000174,BANK01,CP00086,term_loan,82.96,95.2,business_loan,2023-02-14,2026-02-13,EUR,3.96,stage_1,False,12.24,False,,,,,
EXP000175,BANK01,CP00087,revolving_credit,2.07,2.68,business_loan,2023-07-14,2028-07-12,EUR,5.23,stage_1,False,0.61,False,,,,,
EXP000176,BANK01,CP00087,green_loan,1.61,1.96,business_loan,2018-04-08,2023-04-07,EUR,5.68,stage_1,True,0.35,True,ICMA_GBP,,,,
EXP000177,BANK01,CP00087,revolving_credit,0.89,0.93,business_loan,2022-03-22,2029-03-20,EUR,5.15,stage_1,False,0.04,False,,,,,
EXP000178,BANK01,CP00088,green_loan,192.63,196.01,mortgage,2021-02-20,2024-02-20,EUR,3.66,stage_1,True,3.38,True,EU_Taxonomy,278.03,,,
EXP000179,BANK01,CP00088,mortgage,492.9,607.4,commercial_re,2023-02-21,2026-02-20,EUR,5.03,stage_1,False,114.5,False,,755.53,,,
EXP000180,BANK01,CP00089,term_loan,69.73,77.87,business_loan,2019-06-20,2024-06-18,EUR,6.75,stage_2,False,8.14,False,,,,,
EXP000181,BANK01,CP00089,mortgage,51.44,60.76,commercial_re,2021-08-29,2028-08-27,EUR,3.67,stage_2,False,9.32,False,,72.97,,,
EXP000182,BANK01,CP00090,term_loan,26.84,31.67,business_loan,2019-03-09,2024-03-07,EUR,4.07,stage_1,False,4.83,False,,,,,
EXP000183,BANK02,CP00091,revolving_credit,37.41,50.17,business_loan,2023-03-13,2030-03-11,EUR,2.95,stage_1,False,12.76,False,,,,,
EXP000184,BANK02,CP00092,project_finance,282.06,298.79,project_finance,2020-05-30,2027-05-29,EUR,6.06,stage_2,False,16.73,False,,,775.99,False,project_loan
EXP000185,BANK02,CP00093,term_loan,2.12,2.93,business_loan,2019-12-14,2022-12-13,EUR,6.77,stage_1,False,0.81,False,,,,,
EXP000186,BANK02,CP00093,term_loan,7.03,7.37,business_loan,2019-02-22,2024-02-21,EUR,2.81,stage_1,False,0.34,False,,,,,
EXP000187,BANK02,CP00094,revolving_credit,7.73,9.54,business_loan,2018-12-11,2033-12-07,EUR,7.09,stage_1,False,1.81,False,,,,,
EXP000188,BANK02,CP00095,corporate_bond,23.25,31.67,listed_equity,2019-06-12,2022-06-11,EUR,6.65,stage_1,False,8.42,False,,,,,
EXP000189,BANK02,CP00095,revolving_credit,13.36,15.67,business_loan,2019-11-20,2034-11-16,EUR,6.12,stage_1,False,2.31,False,,,,,
EXP000190,BANK02,CP00095,revolving_credit,35.06,47.8,business_loan,2021-12-20,2026-12-19,EUR,3.87,stage_1,False,12.74,False,,,,,
EXP000191,BANK02,CP00095,project_finance,20.12,25.33,project_finance,2024-12-02,2029-12-01,EUR,4.99,stage_2,False,5.21,False,,,38.58,False,project_loan
EXP000192,BANK02,CP00096,revolving_credit,263.51,331.25,business_loan,2022-09-14,2027-09-13,EUR,6.49,stage_1,False,67.74,False,,,,,
EXP000193,BANK02,CP00096,project_finance,1202.39,1578.46,project_finance,2018-03-21,2028-03-18,EUR,4.3,stage_1,False,376.07,False,,,2475.42,False,project_loan
EXP000194,BANK02,CP00097,revolving_credit,18.42,19.74,business_loan,2022-05-10,2029-05-08,EUR,4.09,stage_1,False,1.32,False,,,,,
EXP000195,BANK02,CP00097,mortgage,18.14,21.98,commercial_re,2018-08-28,2028-08-25,EUR,6.33,stage_3,False,3.84,False,,27.31,,,
EXP000196,BANK02,CP00098,corporate_bond,16.52,21.91,business_loan,2020-12-27,2035-12-24,EUR,7.09,stage_1,False,5.39,False,,,,,
EXP000197,BANK02,CP00098,term_loan,72.02,98.96,business_loan,2022-05-10,2029-05-08,EUR,7.46,stage_1,False,26.94,False,,,,,
EXP000198,BANK02,CP00098,revolving_credit,24.97,25.25,business_loan,2022-01-09,2037-01-05,EUR,6.0,stage_2,False,0.28,False,,,,,
EXP000199,BANK02,CP00098,project_finance,45.22,55.03,project_finance,2020-02-11,2030-02-08,EUR,3.38,stage_1,False,9.81,False,,,85.97,True,project_equity
EXP000200,BANK02,CP00099,term_loan,33.08,37.47,business_loan,2023-05-12,2026-05-11,EUR,5.57,stage_1,False,4.39,False,,,,,
EXP000201,BANK02,CP00100,mortgage,1.62,1.63,mortgage,2021-08-18,2024-08-17,EUR,5.43,stage_2,False,0.01,False,,2.52,,,
EXP000202,BANK02,CP00101,mortgage,800.89,1026.59,mortgage,2018-10-25,2025-10-23,EUR,5.81,stage_1,False,225.7,False,,1363.88,,,
EXP000203,BANK02,CP00101,revolving_credit,397.8,523.8,business_loan,2019-10-08,2029-10-05,EUR,7.3,stage_1,False,126.0,False,,,,,
EXP000204,BANK02,CP00101,green_loan,269.46,293.52,commercial_re,2024-11-18,2031-11-17,EUR,5.44,stage_1,True,24.06,True,ICMA_GBP,426.91,,,
EXP000205,BANK02,CP00102,term_loan,31.2,36.09,business_loan,2018-01-08,2033-01-04,EUR,7.47,stage_2,False,4.89,False,,,,,
EXP000206,BANK02,CP00103,mortgage,11.9,14.94,mortgage,2024-11-09,2029-11-08,EUR,3.02,stage_1,False,3.04,False,,17.9,,,
EXP000207,BANK02,CP00104,revolving_credit,2.1,2.63,business_loan,2021-08-01,2026-07-31,EUR,7.32,stage_1,False,0.53,False,,,,,
EXP000208,BANK02,CP00105,revolving_credit,966.42,1047.48,business_loan,2018-02-16,2025-02-14,EUR,5.97,stage_1,False,81.06,False,,,,,
EXP000209,BANK02,CP00105,corporate_bond,1028.69,1209.01,listed_equity,2018-07-17,2028-07-14,EUR,4.6,stage_1,False,180.32,False,,,,,
EXP000210,BANK02,CP00106,revolving_credit,8.71,11.6,business_loan,2022-03-18,2025-03-17,EUR,6.44,stage_1,False,2.89,False,,,,,
EXP000211,BANK02,CP00106,term_loan,7.69,10.15,business_loan,2023-01-23,2026-01-22,EUR,2.67,stage_1,False,2.46,False,,,,,
EXP000212,BANK02,CP00107,revolving_credit,41.6,53.78,business_loan,2022-03-18,2027-03-17,EUR,5.24,stage_2,False,12.18,False,,,,,
EXP000213,BANK02,CP00108,project_finance,75.17,88.14,project_finance,2023-06-01,2026-05-31,EUR,5.77,stage_1,False,12.97,False,,,299.36,True,project_equity
EXP000214,BANK02,CP00109,revolving_credit,0.7,0.9,business_loan,2020-02-18,2030-02-15,EUR,6.11,stage_1,False,0.2,False,,,,,
EXP000215,BANK02,CP00109,term_loan,1.37,1.4,business_loan,2020-08-30,2023-08-30,EUR,5.36,stage_1,False,0.03,False,,,,,
EXP000216,BANK02,CP00110,revolving_credit,10.6,12.64,business_loan,2021-04-21,2036-04-17,EUR,2.98,stage_1,False,2.04,False,,,,,
EXP000217,BANK02,CP00111,revolving_credit,130.97,172.09,business_loan,2019-04-19,2026-04-17,EUR,4.85,stage_2,False,41.12,False,,,,,
EXP000218,BANK02,CP00111,corporate_bond,49.43,56.77,business_loan,2022-05-07,2027-05-06,EUR,4.41,stage_1,False,7.34,False,,,,,
EXP000219,BANK02,CP00112,term_loan,223.13,228.63,business_loan,2021-01-05,2036-01-02,EUR,6.26,stage_1,False,5.5,False,,,,,
EXP000220,BANK02,CP00113,project_finance,25.3,30.9,project_finance,2024-08-12,2029-08-11,EUR,6.7,stage_1,False,5.6,False,,,46.12,False,project_loan
EXP000221,BANK02,CP00114,mortgage,21.09,28.53,mortgage,2023-04-29,2038-04-25,EUR,4.88,stage_1,False,7.44,False,,28.89,,,
EXP000222,BANK02,CP00114,corporate_bond,32.12,43.69,business_loan,2023-08-19,2038-08-15,EUR,6.5,stage_1,False,11.57,False,,,,,
EXP000223,BANK02,CP00115,corporate_bond,8.74,12.14,business_loan,2019-12-10,2024-12-08,EUR,6.54,stage_1,False,3.4,False,,,,,
EXP000224,BANK02,CP00115,green_loan,17.97,25.14,mortgage,2022-11-19,2027-11-18,EUR,5.64,stage_1,True,7.17,True,LMA_GLP,24.5,,,
EXP000225,BANK02,CP00116,mortgage,66.68,77.03,mortgage,2018-10-02,2021-10-01,EUR,4.49,stage_1,False,10.35,False,,127.86,,,
EXP000226,BANK02,CP00117,mortgage,5.12,6.19,commercial_re,2024-12-27,2039-12-24,EUR,4.6,stage_1,False,1.07,False,,8.04,,,
EXP000227,BANK02,CP00118,corporate_bond,28.12,34.45,business_loan,2019-02-15,2022-02-14,EUR,3.0,stage_1,False,6.33,False,,,,,
EXP000228,BANK02,CP00119,revolving_credit,7.24,8.9,business_loan,2022-04-18,2032-04-15,EUR,4.87,stage_1,False,1.66,False,,,,,
EXP000229,BANK02,CP00119,corporate_bond,8.08,9.36,business_loan,2022-07-04,2025-07-03,EUR,6.89,stage_1,False,1.28,False,,,,,
EXP000230,BANK02,CP00120,term_loan,422.22,479.28,business_loan,2022-03-06,2025-03-05,EUR,6.47,stage_1,False,57.06,False,,,,,
EXP000231,BANK02,CP00121,corporate_bond,8.18,9.16,business_loan,2020-07-22,2025-07-21,EUR,6.22,stage_1,False,0.98,False,,,,,
EXP000232,BANK02,CP00121,corporate_bond,3.89,4.18,business_loan,2024-10-13,2027-10-13,EUR,3.56,stage_1,False,0.29,False,,,,,
EXP000233,BANK02,CP00121,corporate_bond,7.24,8.73,business_loan,2022-03-12,2025-03-11,EUR,3.29,stage_1,False,1.49,False,,,,,
EXP000234,BANK02,CP00122,mortgage,39.38,42.12,commercial_re,2024-05-18,2027-05-18,EUR,6.88,stage_1,False,2.74,False,,67.58,,,
EXP000235,BANK02,CP00122,term_loan,29.22,37.46,business_loan,2018-07-27,2025-07-25,EUR,3.87,stage_1,False,8.24,False,,,,,
EXP000236,BANK02,CP00123,term_loan,6.47,7.43,business_loan,2018-05-06,2023-05-05,EUR,5.47,stage_1,False,0.96,False,,,,,
EXP000237,BANK02,CP00123,project_finance,8.37,8.92,project_finance,2021-12-03,2028-12-01,EUR,6.97,stage_1,False,0.55,False,,,18.76,True,project_equity
EXP000238,BANK02,CP00124,revolving_credit,12.83,16.83,business_loan,2019-10-30,2034-10-26,EUR,3.57,stage_1,False,4.0,False,,,,,
EXP000239,BANK02,CP00124,term_loan,11.13,11.22,business_loan,2022-08-05,2037-08-01,EUR,6.4,stage_1,False,0.09,False,,,,,
EXP000240,BANK02,CP00125,corporate_bond,13.49,14.7,business_loan,2024-09-28,2027-09-28,EUR,5.54,stage_2,False,1.21,False,,,,,
EXP000241,BANK02,CP00126,term_loan,53.35,63.15,business_loan,2022-03-23,2029-03-21,EUR,3.59,stage_1,False,9.8,False,,,,,
EXP000242,BANK02,CP00126,corporate_bond,41.86,41.98,listed_equity,2024-07-22,2027-07-22,EUR,7.5,stage_2,False,0.12,False,,,,,
EXP000243,BANK02,CP00127,project_finance,64.29,81.89,project_finance,2021-03-03,2028-03-01,EUR,4.91,stage_1,False,17.6,False,,,131.64,False,project_loan
EXP000244,BANK02,CP00127,revolving_credit,39.13,49.4,business_loan,2021-02-08,2028-02-07,EUR,7.26,stage_1,False,10.27,False,,,,,
EXP000245,BANK02,CP00127,revolving_credit,31.35,41.45,business_loan,2020-09-11,2023-09-11,EUR,6.51,stage_1,False,10.1,False,,,,,
EXP000246,BANK02,CP00128,corporate_bond,15.41,17.01,business_loan,2023-07-31,2030-07-29,EUR,4.59,stage_1,False,1.6,False,,,,,
EXP000247,BANK02,CP00128,corporate_bond,3.67,4.17,business_loan,2024-06-01,2029-05-31,EUR,6.07,stage_1,False,0.5,False,,,,,
EXP000248,BANK02,CP00129,green_loan,808.75,905.86,business_loan,2022-01-08,2037-01-04,EUR,3.35,stage_1,True,97.11,True,EU_Taxonomy,,,,
EXP000249,BANK02,CP00129,term_loan,912.63,1183.1,business_loan,2023-04-13,2028-04-11,EUR,6.13,stage_1,False,270.47,False,,,,,
EXP000250,BANK02,CP00130,mortgage,3.41,3.89,commercial_re,2019-01-01,2023-12-31,EUR,6.22,stage_1,False,0.48,False,,6.64,,,
EXP000251,BANK02,CP00130,revolving_credit,2.92,3.26,business_loan,2020-12-03,2035-11-30,EUR,6.76,stage_1,False,0.34,False,,,,,
EXP000252,BANK02,CP00130,project_finance,3.16,3.76,project_finance,2024-12-17,2027-12-17,EUR,3.47,stage_1,False,0.6,False,,,5.87,False,project_loan
EXP000253,BANK02,CP00130,revolving_credit,2.59,3.49,business_loan,2022-08-20,2025-08-19,EUR,3.25,stage_3,False,0.9,False,,,,,
EXP000254,BANK02,CP00131,mortgage,6.2,6.98,mortgage,2023-02-18,2028-02-17,EUR,6.08,stage_1,False,0.78,False,,10.01,,,
EXP000255,BANK02,CP00132,term_loan,19.1,22.55,business_loan,2018-08-26,2021-08-25,EUR,3.55,stage_1,False,3.45,False,,,,,
EXP000256,BANK02,CP00132,term_loan,17.79,22.16,business_loan,2018-12-27,2023-12-26,EUR,5.67,stage_1,False,4.37,False,,,,,
EXP000257,BANK02,CP00133,term_loan,224.33,309.58,business_loan,2020-03-27,2027-03-26,EUR,6.96,stage_1,False,85.25,False,,,,,
EXP000258,BANK02,CP00133,term_loan,284.58,310.34,business_loan,2018-01-17,2023-01-16,EUR,6.88,stage_1,False,25.76,False,,,,,
EXP000259,BANK02,CP00133,revolving_credit,109.87,112.74,business_loan,2021-06-07,2026-06-06,EUR,2.73,stage_2,False,2.87,False,,,,,
EXP000260,BANK02,CP00133,revolving_credit,253.94,297.99,business_loan,2023-11-17,2030-11-15,EUR,5.93,stage_1,False,44.05,False,,,,,
EXP000261,BANK02,CP00134,corporate_bond,65.09,65.59,listed_equity,2019-11-07,2029-11-04,EUR,3.62,stage_3,False,0.5,False,,,,,
EXP000262,BANK02,CP00134,term_loan,37.44,39.28,business_loan,2023-08-29,2028-08-27,EUR,6.06,stage_1,False,1.84,False,,,,,
EXP000263,BANK02,CP00134,corporate_bond,53.69,54.73,listed_equity,2023-12-31,2038-12-27,EUR,7.47,stage_1,False,1.04,False,,,,,
EXP000264,BANK02,CP00134,term_loan,81.28,95.73,business_loan,2019-04-20,2029-04-17,EUR,3.12,stage_1,False,14.45,False,,,,,
EXP000265,BANK02,CP00135,corporate_bond,4.37,5.11,business_loan,2018-02-08,2025-02-06,EUR,3.0,stage_1,False,0.74,False,,,,,
EXP000266,BANK02,CP00135,corporate_bond,9.26,11.15,business_loan,2022-09-12,2025-09-11,EUR,5.59,stage_1,False,1.89,False,,,,,
EXP000267,BANK02,CP00136,project_finance,67.37,93.59,project_finance,2020-12-13,2035-12-10,EUR,4.29,stage_1,False,26.22,False,,,235.27,False,project_loan
EXP000268,BANK02,CP00136,project_finance,33.16,37.55,project_finance,2020-04-30,2030-04-28,EUR,2.51,stage_1,False,4.39,False,,,73.15,False,project_loan
EXP000269,BANK02,CP00136,mortgage,108.86,150.2,mortgage,2023-07-17,2028-07-15,EUR,6.4,stage_1,False,41.34,False,,182.68,,,
EXP000270,BANK02,CP00137,corporate_bond,2.83,3.13,business_loan,2023-02-14,2030-02-12,EUR,2.75,stage_1,False,0.3,False,,,,,
EXP000271,BANK02,CP00137,mortgage,2.75,3.22,commercial_re,2022-01-15,2029-01-13,EUR,3.08,stage_2,False,0.47,False,,5.07,,,
EXP000272,BANK02,CP00138,term_loan,5.96,6.81,business_loan,2019-11-30,2026-11-28,EUR,4.69,stage_1,False,0.85,False,,,,,
EXP000273,BANK02,CP00138,term_loan,35.3,36.91,business_loan,2021-11-04,2026-11-03,EUR,4.5,stage_1,False,1.61,False,,,,,
EXP000274,BANK02,CP00138,corporate_bond,33.86,42.65,business_loan,2023-05-13,2033-05-10,EUR,6.48,stage_1,False,8.79,False,,,,,
EXP000275,BANK02,CP00139,green_loan,2.39,2.79,business_loan,2019-10-15,2022-10-14,EUR,5.45,stage_1,True,0.4,True,LMA_GLP,,,,
EXP000276,BANK02,CP00139,term_loan,8.95,11.14,business_loan,2022-04-05,2029-04-03,EUR,6.81,stage_2,False,2.19,False,,,,,
EXP000277,BANK02,CP00140,revolving_credit,367.51,497.99,business_loan,2023-06-23,2026-06-22,EUR,4.7,stage_1,False,130.48,False,,,,,
EXP000278,BANK02,CP00140,term_loan,285.29,367.88,business_loan,2023-11-20,2038-11-16,EUR,3.62,stage_2,False,82.59,False,,,,,
EXP000279,BANK02,CP00140,revolving_credit,361.04,423.55,business_loan,2024-12-07,2027-12-07,EUR,6.13,stage_1,False,62.51,False,,,,,
EXP000280,BANK02,CP00141,term_loan,106.52,108.84,business_loan,2024-04-05,2039-04-02,EUR,5.72,stage_1,False,2.32,False,,,,,
EXP000281,BANK02,CP00141,mortgage,133.86,174.09,commercial_re,2019-11-09,2022-11-08,EUR,4.1,stage_1,False,40.23,False,,275.2,,,
EXP000282,BANK02,CP00142,project_finance,61.76,81.95,project_finance,2022-03-31,2032-03-28,EUR,2.89,stage_1,False,20.19,False,,,101.98,False,project_loan
EXP000283,BANK02,CP00143,revolving_credit,48.12,67.0,business_loan,2021-07-18,2024-07-17,EUR,6.23,stage_1,False,18.88,False,,,,,
EXP000284,BANK02,CP00143,term_loan,107.72,143.31,business_loan,2024-02-28,2027-02-27,EUR,6.46,stage_2,False,35.59,False,,,,,
EXP000285,BANK02,CP00144,project_finance,740.24,847.82,project_finance,2023-02-12,2030-02-10,EUR,2.77,stage_1,False,107.58,False,,,1707.14,False,project_loan
EXP000286,BANK02,CP00144,project_finance,435.08,517.42,project_finance,2024-12-13,2039-12-10,EUR,5.79,stage_1,False,82.34,False,,,825.48,False,project_loan
EXP000287,BANK02,CP00145,term_loan,448.33,597.15,business_loan,2021-10-30,2028-10-28,EUR,7.32,stage_1,False,148.82,False,,,,,
EXP000288,BANK02,CP00146,term_loan,1.72,1.82,business_loan,2019-11-04,2029-11-01,EUR,6.08,stage_1,False,0.1,False,,,,,
EXP000289,BANK02,CP00146,project_finance,0.54,0.74,project_finance,2020-02-08,2023-02-07,EUR,4.46,stage_1,False,0.2,False,,,2.0,False,project_loan
EXP000290,BANK02,CP00147,term_loan,9.06,12.42,business_loan,2022-08-25,2025-08-24,EUR,6.69,stage_1,False,3.36,False,,,,,
EXP000291,BANK02,CP00147,revolving_credit,9.63,10.15,business_loan,2024-08-10,2039-08-07,EUR,4.99,stage_1,False,0.52,False,,,,,
EXP000292,BANK02,CP00147,green_loan,2.21,3.03,mortgage,2024-07-24,2034-07-22,EUR,6.41,stage_2,True,0.82,True,LMA_GLP,4.46,,,
EXP000293,BANK02,CP00148,mortgage,0.96,1.21,mortgage,2019-03-01,2029-02-26,EUR,5.53,stage_1,False,0.25,False,,1.38,,,
EXP000294,BANK02,CP00148,revolving_credit,2.96,3.28,business_loan,2024-10-30,2029-10-29,EUR,7.32,stage_3,False,0.32,False,,,,,
EXP000295,BANK02,CP00149,revolving_credit,1.37,1.83,business_loan,2023-09-30,2030-09-28,EUR,5.24,stage_1,False,0.46,False,,,,,
EXP000296,BANK02,CP00149,project_finance,4.12,4.47,project_finance,2020-06-09,2025-06-08,EUR,6.07,stage_1,False,0.35,False,,,8.06,False,project_loan
EXP000297,BANK02,CP00150,corporate_bond,124.16,151.1,listed_equity,2019-12-30,2034-12-26,EUR,5.68,stage_1,False,26.94,False,,,,,
EXP000298,BANK02,CP00150,project_finance,384.68,529.73,project_finance,2024-07-15,2039-07-12,EUR,6.05,stage_1,False,145.05,False,,,652.02,False,project_loan
EXP000299,BANK02,CP00150,revolving_credit,439.89,531.87,business_loan,2022-09-27,2025-09-26,EUR,2.63,stage_1,False,91.98,False,,,,,
EXP000300,BANK02,CP00150,term_loan,347.14,442.03,business_loan,2019-10-22,2026-10-20,EUR,3.23,stage_1,False,94.89,False,,,,,
EXP000301,BANK02,CP00151,project_finance,115.82,120.57,project_finance,2022-01-09,2032-01-07,EUR,6.84,stage_1,False,4.75,False,,,205.49,False,project_loan
EXP000302,BANK02,CP00151,corporate_bond,322.29,352.92,business_loan,2024-04-17,2034-04-15,EUR,6.42,stage_1,False,30.63,False,,,,,
EXP000303,BANK02,CP00151,corporate_bond,141.95,165.6,business_loan,2022-04-12,2032-04-09,EUR,6.44,stage_1,False,23.65,False,,,,,
EXP000304,BANK02,CP00152,corporate_bond,5.75,7.75,business_loan,2020-04-11,2035-04-08,EUR,6.8,stage_1,False,2.0,False,,,,,
EXP000305,BANK02,CP00152,corporate_bond,10.24,12.48,business_loan,2022-02-15,2037-02-11,EUR,5.52,stage_1,False,2.24,False,,,,,
EXP000306,BANK02,CP00152,term_loan,29.52,31.73,business_loan,2019-12-28,2022-12-27,EUR,3.37,stage_1,False,2.21,False,,,,,
EXP000307,BANK02,CP00152,revolving_credit,14.19,14.93,business_loan,2024-03-29,2031-03-28,EUR,5.42,stage_1,False,0.74,False,,,,,
EXP000308,BANK02,CP00153,term_loan,27.92,34.59,business_loan,2019-09-22,2026-09-20,EUR,6.37,stage_1,False,6.67,False,,,,,
EXP000309,BANK02,CP00154,mortgage,14.51,14.93,commercial_re,2024-03-03,2031-03-02,EUR,6.04,stage_1,False,0.42,False,,22.19,,,
EXP000310,BANK02,CP00154,revolving_credit,34.86,40.66,business_loan,2023-09-01,2028-08-30,EUR,5.19,stage_1,False,5.8,False,,,,,
EXP000311,BANK02,CP00154,term_loan,12.03,13.77,business_loan,2021-09-21,2028-09-19,EUR,3.59,stage_1,False,1.74,False,,,,,
EXP000312,BANK02,CP00155,mortgage,437.28,554.29,mortgage,2018-02-06,2021-02-05,EUR,4.73,stage_2,False,117.01,False,,632.52,,,
EXP000313,BANK02,CP00155,corporate_bond,293.34,338.09,listed_equity,2018-06-13,2025-06-11,EUR,6.48,stage_1,False,44.75,False,,,,,
EXP000314,BANK02,CP00156,term_loan,1269.41,1530.56,business_loan,2023-10-19,2030-10-17,EUR,5.04,stage_1,False,261.15,False,,,,,
EXP000315,BANK02,CP00157,revolving_credit,772.58,824.31,business_loan,2018-12-04,2021-12-03,EUR,7.28,stage_1,False,51.73,False,,,,,
EXP000316,BANK02,CP00158,corporate_bond,1.88,2.51,business_loan,2020-05-23,2030-05-21,EUR,3.53,stage_1,False,0.63,False,,,,,
EXP000317,BANK02,CP00159,revolving_credit,236.64,238.89,business_loan,2018-10-23,2023-10-22,EUR,6.08,stage_1,False,2.25,False,,,,,
EXP000318,BANK02,CP00159,term_loan,62.52,64.28,business_loan,2020-10-28,2035-10-25,EUR,6.61,stage_2,False,1.76,False,,,,,
EXP000319,BANK02,CP00159,revolving_credit,149.67,168.61,business_loan,2022-07-15,2032-07-12,EUR,4.45,stage_1,False,18.94,False,,,,,
EXP000320,BANK02,CP00160,term_loan,846.76,1084.15,business_loan,2024-07-26,2027-07-26,EUR,2.86,stage_2,False,237.39,False,,,,,
EXP000321,BANK03,CP00161,term_loan,78.75,102.86,business_loan,2018-12-21,2025-12-19,EUR,4.69,stage_1,False,24.11,False,,,,,
EXP000322,BANK03,CP00162,revolving_credit,43.61,57.51,business_loan,2019-07-13,2029-07-10,EUR,6.75,stage_1,False,13.9,False,,,,,
EXP000323,BANK03,CP00162,term_loan,54.5,66.57,business_loan,2022-03-09,2025-03-08,EUR,5.28,stage_1,False,12.07,False,,,,,
EXP000324,BANK03,CP00163,revolving_credit,5.98,6.48,business_loan,2018-12-15,2025-12-13,EUR,6.21,stage_1,False,0.5,False,,,,,
EXP000325,BANK03,CP00164,mortgage,276.39,296.73,mortgage,2019-08-07,2024-08-05,EUR,5.58,stage_1,False,20.34,False,,366.84,,,
EXP000326,BANK03,CP00165,project_finance,113.84,134.84,project_finance,2018-08-11,2033-08-07,EUR,5.25,stage_1,False,21.0,False,,,443.54,False,project_loan
EXP000327,BANK03,CP00166,corporate_bond,161.9,185.03,listed_equity,2023-06-19,2030-06-17,EUR,5.86,stage_1,False,23.13,False,,,,,
EXP000328,BANK03,CP00167,term_loan,0.96,1.09,business_loan,2023-06-14,2033-06-11,EUR,5.8,stage_1,False,0.13,False,,,,,
EXP000329,BANK03,CP00168,mortgage,6.89,6.9,commercial_re,2022-10-21,2027-10-20,EUR,3.73,stage_1,False,0.01,False,,14.18,,,
EXP000330,BANK03,CP00169,mortgage,326.83,441.6,mortgage,2019-07-05,2026-07-03,EUR,4.81,stage_1,False,114.77,False,,445.93,,,
EXP000331,BANK03,CP00169,project_finance,255.99,264.38,project_finance,2019-12-21,2034-12-17,EUR,3.9,stage_1,False,8.39,False,,,666.28,False,project_loan
EXP000332,BANK03,CP00169,term_loan,573.62,778.31,business_loan,2018-11-10,2021-11-09,EUR,6.75,stage_1,False,204.69,False,,,,,
EXP000333,BANK03,CP00170,corporate_bond,32.61,39.8,business_loan,2020-05-21,2023-05-21,EUR,5.22,stage_3,False,7.19,False,,,,,
EXP000334,BANK03,CP00170,mortgage,27.94,30.44,commercial_re,2022-02-07,2032-02-05,EUR,6.36,stage_1,False,2.5,False,,46.1,,,
EXP000335,BANK03,CP00170,revolving_credit,20.02,23.2,business_loan,2023-09-22,2026-09-21,EUR,5.01,stage_1,False,3.18,False,,,,,
EXP000336,BANK03,CP00171,project_finance,847.45,895.03,project_finance,2019-11-11,2034-11-07,EUR,3.3,stage_1,False,47.58,False,,,2511.03,False,project_loan
EXP000337,BANK03,CP00171,mortgage,637.83,877.44,mortgage,2019-08-22,2029-08-19,EUR,2.7,stage_1,False,239.61,False,,1170.83,,,
EXP000338,BANK03,CP00171,term_loan,346.93,439.71,business_loan,2020-08-16,2023-08-16,EUR,5.09,stage_1,False,92.78,False,,,,,
EXP000339,BANK03,CP00172,mortgage,210.87,219.58,commercial_re,2018-06-13,2025-06-11,EUR,7.34,stage_1,False,8.71,False,,353.91,,,
EXP000340,BANK03,CP00172,corporate_bond,85.58,105.1,listed_equity,2024-06-28,2039-06-25,EUR,4.38,stage_1,False,19.52,False,,,,,
EXP000341,BANK03,CP00173,term_loan,391.6,543.96,business_loan,2020-10-27,2030-10-25,EUR,3.61,stage_1,False,152.36,False,,,,,
EXP000342,BANK03,CP00173,revolving_credit,361.82,362.77,business_loan,2023-05-29,2038-05-25,EUR,6.91,stage_1,False,0.95,False,,,,,
EXP000343,BANK03,CP00174,term_loan,113.71,120.87,business_loan,2019-09-08,2024-09-06,EUR,5.51,stage_1,False,7.16,False,,,,,
EXP000344,BANK03,CP00175,revolving_credit,4.62,5.87,business_loan,2019-04-10,2029-04-07,EUR,4.9,stage_1,False,1.25,False,,,,,
EXP000345,BANK03,CP00175,revolving_credit,6.47,6.8,business_loan,2020-09-25,2023-09-25,EUR,5.46,stage_1,False,0.33,False,,,,,
EXP000346,BANK03,CP00176,term_loan,38.04,52.08,business_loan,2019-11-13,2026-11-11,EUR,5.08,stage_1,False,14.04,False,,,,,
EXP000347,BANK03,CP00176,corporate_bond,40.86,44.4,business_loan,2021-03-07,2024-03-06,EUR,5.53,stage_1,False,3.54,False,,,,,
EXP000348,BANK03,CP00177,revolving_credit,25.33,33.64,business_loan,2019-08-08,2034-08-04,EUR,3.41,stage_1,False,8.31,False,,,,,
EXP000349,BANK03,CP00177,corporate_bond,28.29,35.04,business_loan,2021-11-04,2031-11-02,EUR,2.84,stage_1,False,6.75,False,,,,,
EXP000350,BANK03,CP00178,revolving_credit,32.44,43.16,business_loan,2023-08-28,2033-08-25,EUR,5.53,stage_1,False,10.72,False,,,,,
EXP000351,BANK03,CP00179,mortgage,16.05,20.88,commercial_re,2023-12-17,2038-12-13,EUR,2.97,stage_1,False,4.83,False,,37.2,,,
EXP000352,BANK03,CP00179,project_finance,22.38,27.05,project_finance,2018-01-05,2028-01-03,EUR,4.35,stage_1,False,4.67,False,,,36.07,False,project_loan
EXP000353,BANK03,CP00179,term_loan,14.58,16.62,business_loan,2023-05-29,2033-05-26,EUR,6.52,stage_2,False,2.04,False,,,,,
EXP000354,BANK03,CP00180,revolving_credit,959.0,1252.78,business_loan,2020-11-08,2030-11-06,EUR,7.05,stage_1,False,293.78,False,,,,,
EXP000355,BANK03,CP00180,project_finance,987.62,989.78,project_finance,2020-11-21,2025-11-20,EUR,6.22,stage_1,False,2.16,False,,,1569.48,False,project_loan
EXP000356,BANK03,CP00180,revolving_credit,889.82,1134.62,business_loan,2022-03-17,2027-03-16,EUR,4.08,stage_1,False,244.8,False,,,,,
EXP000357,BANK03,CP00181,term_loan,1025.22,1256.78,business_loan,2024-01-05,2034-01-02,EUR,5.56,stage_3,False,231.56,False,,,,,
EXP000358,BANK03,CP00182,project_finance,138.79,148.71,project_finance,2024-04-02,2034-03-31,EUR,5.3,stage_1,False,9.92,False,,,475.26,False,project_loan
EXP000359,BANK03,CP00182,project_finance,432.88,580.92,project_finance,2022-06-19,2027-06-18,EUR,5.8,stage_1,False,148.04,False,,,899.95,False,project_loan
EXP000360,BANK03,CP00183,term_loan,240.65,279.21,business_loan,2020-05-28,2035-05-25,EUR,4.19,stage_1,False,38.56,False,,,,,
EXP000361,BANK03,CP00183,corporate_bond,240.02,332.63,business_loan,2019-10-21,2029-10-18,EUR,2.53,stage_1,False,92.61,False,,,,,
EXP000362,BANK03,CP00184,revolving_credit,142.74,155.4,business_loan,2018-09-20,2025-09-18,EUR,2.9,stage_1,False,12.66,False,,,,,
EXP000363,BANK03,CP00185,project_finance,927.08,1190.97,project_finance,2023-11-05,2030-11-03,EUR,5.49,stage_2,False,263.89,False,,,2307.18,False,project_loan
EXP000364,BANK03,CP00185,corporate_bond,794.83,858.96,listed_equity,2022-12-04,2025-12-03,EUR,5.78,stage_1,False,64.13,False,,,,,
EXP000365,BANK03,CP00186,project_finance,247.29,308.14,project_finance,2023-10-14,2028-10-12,EUR,5.87,stage_1,False,60.85,False,,,961.27,False,project_loan
EXP000366,BANK03,CP00187,term_loan,1168.07,1333.06,business_loan,2021-02-04,2031-02-02,EUR,4.48,stage_1,False,164.99,False,,,,,
EXP000367,BANK03,CP00187,corporate_bond,699.84,853.69,listed_equity,2018-10-09,2021-10-08,EUR,6.13,stage_1,False,153.85,False,,,,,
EXP000368,BANK03,CP00188,mortgage,598.25,828.71,mortgage,2020-07-15,2035-07-12,EUR,4.77,stage_1,False,230.46,False,,1004.54,,,
EXP000369,BANK03,CP00188,term_loan,199.34,243.88,business_loan,2023-09-05,2026-09-04,EUR,5.02,stage_1,False,44.54,False,,,,,
EXP000370,BANK03,CP00189,term_loan,15.91,17.5,business_loan,2024-01-13,2039-01-09,EUR,4.71,stage_1,False,1.59,False,,,,,
EXP000371,BANK03,CP00190,revolving_credit,0.68,0.92,business_loan,2023-02-23,2033-02-20,EUR,6.81,stage_1,False,0.24,False,,,,,
EXP000372,BANK03,CP00190,revolving_credit,0.7,0.92,business_loan,2020-06-21,2025-06-20,EUR,4.56,stage_1,False,0.22,False,,,,,
EXP000373,BANK03,CP00191,term_loan,7.99,9.26,business_loan,2021-03-22,2024-03-21,EUR,6.24,stage_1,False,1.27,False,,,,,
EXP000374,BANK03,CP00191,term_loan,6.64,7.22,business_loan,2021-07-09,2028-07-07,EUR,5.37,stage_1,False,0.58,False,,,,,
EXP000375,BANK03,CP00192,term_loan,8.29,10.73,business_loan,2020-03-28,2025-03-27,EUR,6.86,stage_1,False,2.44,False,,,,,
EXP000376,BANK03,CP00192,term_loan,2.79,2.96,business_loan,2024-12-08,2031-12-07,EUR,3.03,stage_2,False,0.17,False,,,,,
EXP000377,BANK03,CP00192,corporate_bond,6.37,8.32,business_loan,2024-11-19,2027-11-19,EUR,5.21,stage_1,False,1.95,False,,,,,
EXP000378,BANK03,CP00193,revolving_credit,80.07,95.79,business_loan,2024-06-11,2031-06-10,EUR,7.42,stage_2,False,15.72,False,,,,,
EXP000379,BANK03,CP00193,term_loan,45.45,46.43,business_loan,2024-06-20,2029-06-19,EUR,6.5,stage_1,False,0.98,False,,,,,
EXP000380,BANK03,CP00194,revolving_credit,16.88,23.47,business_loan,2019-12-17,2029-12-14,EUR,5.99,stage_1,False,6.59,False,,,,,
EXP000381,BANK03,CP00194,term_loan,21.59,26.61,business_loan,2020-05-13,2030-05-11,EUR,4.13,stage_1,False,5.02,False,,,,,
EXP000382,BANK03,CP00195,term_loan,2.1,2.39,business_loan,2023-04-15,2038-04-11,EUR,3.42,stage_1,False,0.29,False,,,,,
EXP000383,BANK03,CP00196,revolving_credit,973.9,1149.49,business_loan,2022-06-29,2029-06-27,EUR,5.36,stage_3,False,175.59,False,,,,,
EXP000384,BANK03,CP00196,mortgage,903.75,1104.51,mortgage,2021-01-10,2026-01-09,EUR,6.78,stage_1,False,200.76,False,,1327.05,,,
EXP000385,BANK03,CP00197,revolving_credit,23.9,27.93,business_loan,2018-02-09,2023-02-08,EUR,3.17,stage_2,False,4.03,False,,,,,
EXP000386,BANK03,CP00197,revolving_credit,21.05,23.58,business_loan,2021-07-17,2031-07-15,EUR,5.31,stage_1,False,2.53,False,,,,,
EXP000387,BANK03,CP00197,corporate_bond,14.92,19.78,business_loan,2018-09-03,2023-09-02,EUR,4.88,stage_1,False,4.86,False,,,,,
EXP000388,BANK03,CP00198,revolving_credit,5.2,7.14,business_loan,2024-04-14,2039-04-11,EUR,3.79,stage_1,False,1.94,False,,,,,
EXP000389,BANK03,CP00198,mortgage,2.99,3.68,commercial_re,2024-10-16,2029-10-15,EUR,5.75,stage_1,False,0.69,False,,4.8,,,
EXP000390,BANK03,CP00199,revolving_credit,249.98,327.45,business_loan,2023-09-22,2033-09-19,EUR,4.73,stage_1,False,77.47,False,,,,,
EXP000391,BANK03,CP00199,revolving_credit,432.26,543.02,business_loan,2019-08-17,2024-08-15,EUR,7.14,stage_1,False,110.76,False,,,,,
EXP000392,BANK03,CP00199,revolving_credit,431.51,459.47,business_loan,2018-10-20,2021-10-19,EUR,3.64,stage_1,False,27.96,False,,,,,
EXP000393,BANK03,CP00199,term_loan,253.72,343.81,business_loan,2022-06-08,2029-06-06,EUR,6.4,stage_2,False,90.09,False,,,,,
EXP000394,BANK03,CP00200,revolving_credit,1.57,2.11,business_loan,2019-11-17,2024-11-15,EUR,3.13,stage_1,False,0.54,False,,,,,
EXP000395,BANK03,CP00200,corporate_bond,0.95,1.01,business_loan,2018-11-24,2023-11-23,EUR,3.02,stage_1,False,0.06,False,,,,,
EXP000396,BANK03,CP00200,project_finance,2.38,2.88,project_finance,2018-04-18,2028-04-15,EUR,7.48,stage_1,False,0.5,False,,,5.56,False,project_loan
EXP000397,BANK03,CP00201,green_loan,0.71,0.78,commercial_re,2022-05-16,2029-05-14,EUR,6.19,stage_1,True,0.07,True,EU_Taxonomy,1.1,,,
EXP000398,BANK03,CP00201,revolving_credit,0.83,0.84,business_loan,2019-11-30,2022-11-29,EUR,4.28,stage_2,False,0.01,False,,,,,
EXP000399,BANK03,CP00202,mortgage,218.53,257.41,commercial_re,2021-01-20,2036-01-17,EUR,7.35,stage_1,False,38.88,False,,391.74,,,
EXP000400,BANK03,CP00202,project_finance,118.5,143.31,project_finance,2024-04-29,2034-04-27,EUR,5.7,stage_1,False,24.81,False,,,248.1,False,project_loan
EXP000401,BANK03,CP00202,project_finance,177.15,198.97,project_finance,2019-01-02,2028-12-30,EUR,4.56,stage_1,False,21.82,False,,,565.41,False,project_loan
EXP000402,BANK03,CP00203,corporate_bond,47.71,53.18,business_loan,2019-07-13,2026-07-11,EUR,5.18,stage_1,False,5.47,False,,,,,
EXP000403,BANK03,CP00204,term_loan,697.44,863.99,business_loan,2022-10-30,2029-10-28,EUR,6.48,stage_1,False,166.55,False,,,,,
EXP000404,BANK03,CP00204,mortgage,268.68,295.54,commercial_re,2022-11-26,2032-11-23,EUR,6.07,stage_1,False,26.86,False,,514.26,,,
EXP000405,BANK03,CP00205,term_loan,144.77,189.04,business_loan,2020-09-08,2035-09-05,EUR,7.05,stage_1,False,44.27,False,,,,,
EXP000406,BANK03,CP00205,term_loan,318.24,370.8,business_loan,2023-12-19,2030-12-17,EUR,6.77,stage_1,False,52.56,False,,,,,
EXP000407,BANK03,CP00205,corporate_bond,170.56,189.13,business_loan,2024-12-05,2034-12-03,EUR,5.61,stage_1,False,18.57,False,,,,,
EXP000408,BANK03,CP00206,revolving_credit,1.68,1.87,business_loan,2020-02-01,2023-01-31,EUR,3.13,stage_1,False,0.19,False,,,,,
EXP000409,BANK03,CP00207,term_loan,7.07,8.26,business_loan,2020-06-08,2027-06-07,EUR,6.43,stage_1,False,1.19,False,,,,,
EXP000410,BANK03,CP00208,term_loan,45.0,46.01,business_loan,2018-11-25,2023-11-24,EUR,6.38,stage_1,False,1.01,False,,,,,
EXP000411,BANK03,CP00208,term_loan,33.18,44.17,business_loan,2020-10-21,2030-10-19,EUR,3.11,stage_1,False,10.99,False,,,,,
EXP000412,BANK03,CP00209,revolving_credit,214.29,253.79,business_loan,2018-05-18,2023-05-17,EUR,6.35,stage_1,False,39.5,False,,,,,
EXP000413,BANK03,CP00210,corporate_bond,1.46,1.55,business_loan,2021-07-02,2028-06-30,EUR,6.14,stage_1,False,0.09,False,,,,,
EXP000414,BANK03,CP00210,term_loan,1.63,1.76,business_loan,2023-05-26,2030-05-24,EUR,6.94,stage_2,False,0.13,False,,,,,
EXP000415,BANK03,CP00210,term_loan,0.88,0.89,business_loan,2022-11-14,2029-11-12,EUR,6.47,stage_1,False,0.01,False,,,,,
EXP000416,BANK03,CP00210,term_loan,1.28,1.68,business_loan,2018-06-22,2033-06-18,EUR,4.88,stage_1,False,0.4,False,,,,,
EXP000417,BANK03,CP00211,term_loan,52.82,59.97,business_loan,2019-01-10,2034-01-06,EUR,7.35,stage_1,False,7.15,False,,,,,
EXP000418,BANK03,CP00211,revolving_credit,46.75,61.55,business_loan,2019-09-23,2034-09-19,EUR,3.13,stage_1,False,14.8,False,,,,,
EXP000419,BANK03,CP00212,corporate_bond,9.6,9.68,business_loan,2022-12-02,2027-12-01,EUR,4.39,stage_1,False,0.08,False,,,,,
EXP000420,BANK03,CP00212,term_loan,4.19,4.68,business_loan,2022-11-28,2037-11-24,EUR,5.99,stage_1,False,0.49,False,,,,,
EXP000421,BANK03,CP00212,revolving_credit,3.55,4.78,business_loan,2023-04-03,2030-04-01,EUR,5.49,stage_2,False,1.23,False,,,,,
EXP000422,BANK03,CP00212,revolving_credit,3.29,4.37,business_loan,2023-01-15,2030-01-13,EUR,5.21,stage_1,False,1.08,False,,,,,
EXP000423,BANK03,CP00213,corporate_bond,62.68,84.16,business_loan,2018-03-18,2033-03-14,EUR,6.38,stage_1,False,21.48,False,,,,,
EXP000424,BANK03,CP00213,corporate_bond,82.71,88.99,business_loan,2024-01-17,2034-01-14,EUR,5.92,stage_1,False,6.28,False,,,,,
EXP000425,BANK03,CP00213,term_loan,29.89,31.21,business_loan,2022-08-06,2029-08-04,EUR,5.12,stage_1,False,1.32,False,,,,,
EXP000426,BANK03,CP00214,mortgage,161.23,192.53,commercial_re,2020-04-07,2023-04-07,EUR,2.99,stage_1,False,31.3,False,,251.57,,,
EXP000427,BANK03,CP00214,corporate_bond,545.48,698.5,business_loan,2023-11-24,2038-11-20,EUR,3.78,stage_1,False,153.02,False,,,,,
EXP000428,BANK03,CP00214,term_loan,420.2,576.25,business_loan,2020-05-04,2030-05-02,EUR,6.66,stage_1,False,156.05,False,,,,,
EXP000429,BANK03,CP00215,corporate_bond,366.18,482.52,business_loan,2022-08-31,2029-08-29,EUR,2.79,stage_1,False,116.34,False,,,,,
EXP000430,BANK03,CP00215,corporate_bond,482.84,665.28,business_loan,2021-05-29,2024-05-28,EUR,7.3,stage_1,False,182.44,False,,,,,
EXP000431,BANK03,CP00216,term_loan,20.03,24.6,business_loan,2023-11-26,2028-11-24,EUR,7.24,stage_1,False,4.57,False,,,,,
EXP000432,BANK03,CP00216,corporate_bond,20.79,26.4,business_loan,2024-06-19,2031-06-18,EUR,6.01,stage_1,False,5.61,False,,,,,
EXP000433,BANK03,CP00217,project_finance,38.18,48.22,project_finance,2023-08-30,2030-08-28,EUR,5.17,stage_1,False,10.04,False,,,102.86,False,project_loan
EXP000434,BANK03,CP00218,project_finance,264.58,308.22,project_finance,2021-08-22,2028-08-20,EUR,5.67,stage_1,False,43.64,False,,,486.04,False,project_loan
EXP000435,BANK03,CP00218,term_loan,121.29,139.49,business_loan,2024-02-13,2029-02-11,EUR,5.25,stage_1,False,18.2,False,,,,,
EXP000436,BANK03,CP00218,revolving_credit,130.34,168.21,business_loan,2022-06-15,2025-06-14,EUR,7.41,stage_1,False,37.87,False,,,,,
EXP000437,BANK03,CP00218,green_loan,169.34,189.68,business_loan,2021-05-21,2024-05-20,EUR,3.61,stage_2,True,20.34,True,LMA_GLP,,,,
EXP000438,BANK03,CP00219,corporate_bond,152.12,183.23,business_loan,2021-02-04,2036-02-01,EUR,5.35,stage_1,False,31.11,False,,,,,
EXP000439,BANK03,CP00220,term_loan,1.35,1.83,business_loan,2020-12-21,2027-12-20,EUR,3.75,stage_1,False,0.48,False,,,,,
EXP000440,BANK04,CP00221,green_loan,4.82,6.35,business_loan,2018-11-13,2025-11-11,EUR,3.36,stage_1,True,1.53,True,LMA_GLP,,,,
EXP000441,BANK04,CP00222,mortgage,52.11,67.34,mortgage,2021-05-15,2024-05-14,EUR,5.38,stage_1,False,15.23,False,,78.61,,,
EXP000442,BANK04,CP00222,green_loan,15.61,21.42,commercial_re,2022-11-14,2032-11-11,EUR,3.1,stage_1,True,5.81,True,EU_Taxonomy,26.91,,,
EXP000443,BANK04,CP00223,green_loan,1281.5,1437.73,business_loan,2022-04-16,2025-04-15,EUR,2.71,stage_1,True,156.23,True,LMA_GLP,,,,
EXP000444,BANK04,CP00223,green_loan,398.83,553.74,business_loan,2018-07-26,2028-07-23,EUR,6.26,stage_1,True,154.91,True,EU_Taxonomy,,,,
EXP000445,BANK04,CP00223,revolving_credit,323.8,367.34,business_loan,2019-08-30,2024-08-28,EUR,4.88,stage_1,False,43.54,False,,,,,
EXP000446,BANK04,CP00224,green_loan,60.71,72.39,business_loan,2019-06-19,2024-06-17,EUR,3.49,stage_1,True,11.68,True,ICMA_GBP,,,,
EXP000447,BANK04,CP00224,project_finance,104.39,114.51,project_finance,2023-11-18,2028-11-16,EUR,3.83,stage_1,False,10.12,False,,,225.73,False,project_loan
EXP000448,BANK04,CP00225,green_loan,11.68,12.57,business_loan,2022-02-05,2029-02-03,EUR,4.22,stage_1,True,0.89,True,EU_Taxonomy,,,,
EXP000449,BANK04,CP00225,green_loan,14.72,15.58,mortgage,2022-12-17,2037-12-13,EUR,2.72,stage_1,True,0.86,True,EU_Taxonomy,26.36,,,
EXP000450,BANK04,CP00226,corporate_bond,1.31,1.44,business_loan,2019-04-06,2022-04-05,EUR,5.61,stage_1,False,0.13,False,,,,,
EXP000451,BANK04,CP00227,revolving_credit,9.19,10.92,business_loan,2021-06-03,2031-06-01,EUR,4.16,stage_1,False,1.73,False,,,,,
EXP000452,BANK04,CP00227,project_finance,7.65,9.56,project_finance,2024-02-26,2034-02-23,EUR,7.46,stage_1,False,1.91,False,,,17.65,True,project_equity
EXP000453,BANK04,CP00227,revolving_credit,16.88,18.6,business_loan,2023-11-28,2026-11-27,EUR,2.8,stage_1,False,1.72,False,,,,,
EXP000454,BANK04,CP00228,revolving_credit,140.95,178.18,business_loan,2018-09-30,2028-09-27,EUR,5.81,stage_2,False,37.23,False,,,,,
EXP000455,BANK04,CP00228,green_loan,169.57,236.03,mortgage,2022-05-03,2027-05-02,EUR,5.04,stage_1,True,66.46,True,EU_Taxonomy,311.53,,,
EXP000456,BANK04,CP00229,green_loan,1.39,1.93,business_loan,2020-03-25,2035-03-22,EUR,5.3,stage_1,True,0.54,True,LMA_GLP,,,,
EXP000457,BANK04,CP00229,green_loan,0.44,0.57,business_loan,2023-06-30,2033-06-27,EUR,2.59,stage_1,True,0.13,True,EU_Taxonomy,,,,
EXP000458,BANK04,CP00229,term_loan,1.11,1.47,business_loan,2023-08-16,2030-08-14,EUR,5.63,stage_2,False,0.36,False,,,,,
EXP000459,BANK04,CP00230,term_loan,31.27,33.17,business_loan,2021-02-21,2026-02-20,EUR,6.99,stage_1,False,1.9,False,,,,,
EXP000460,BANK04,CP00230,revolving_credit,8.11,9.46,business_loan,2024-11-13,2029-11-12,EUR,5.36,stage_1,False,1.35,False,,,,,
EXP000461,BANK04,CP00230,green_loan,15.26,19.24,business_loan,2019-06-24,2024-06-22,EUR,5.41,stage_1,True,3.98,True,LMA_GLP,,,,
EXP000462,BANK04,CP00231,corporate_bond,0.99,1.38,business_loan,2019-07-08,2029-07-05,EUR,7.38,stage_1,False,0.39,False,,,,,
EXP000463,BANK04,CP00232,revolving_credit,2.24,2.52,business_loan,2019-04-30,2024-04-28,EUR,6.9,stage_1,False,0.28,False,,,,,
EXP000464,BANK04,CP00232,green_loan,1.93,2.27,business_loan,2022-08-12,2029-08-10,EUR,7.17,stage_2,True,0.34,True,EU_Taxonomy,,,,
EXP000465,BANK04,CP00232,term_loan,2.28,2.45,business_loan,2019-03-14,2024-03-12,EUR,6.31,stage_1,False,0.17,False,,,,,
EXP000466,BANK04,CP00232,green_loan,0.9,1.15,mortgage,2020-08-09,2025-08-08,EUR,4.3,stage_1,True,0.25,True,LMA_GLP,1.27,,,
EXP000467,BANK04,CP00233,project_finance,689.48,924.49,project_finance,2022-03-12,2027-03-11,EUR,4.96,stage_1,False,235.01,False,,,1131.47,True,project_equity
EXP000468,BANK04,CP00233,term_loan,370.95,511.94,business_loan,2018-03-03,2025-03-01,EUR,3.61,stage_1,False,140.99,False,,,,,
EXP000469,BANK04,CP00234,term_loan,97.24,116.3,business_loan,2022-12-05,2037-12-01,EUR,4.12,stage_1,False,19.06,False,,,,,
EXP000470,BANK04,CP00235,term_loan,86.76,100.44,business_loan,2022-04-08,2029-04-06,EUR,7.2,stage_1,False,13.68,False,,,,,
EXP000471,BANK04,CP00236,green_loan,704.78,833.59,business_loan,2019-03-24,2029-03-21,EUR,6.89,stage_2,True,128.81,True,EU_Taxonomy,,,,
EXP000472,BANK04,CP00236,revolving_credit,359.68,415.42,business_loan,2018-06-10,2033-06-06,EUR,6.33,stage_2,False,55.74,False,,,,,
EXP000473,BANK04,CP00237,mortgage,6.73,7.18,commercial_re,2021-03-17,2031-03-15,EUR,3.97,stage_2,False,0.45,False,,13.91,,,
EXP000474,BANK04,CP00238,revolving_credit,38.63,40.38,business_loan,2019-01-06,2034-01-02,EUR,6.39,stage_2,False,1.75,False,,,,,
EXP000475,BANK04,CP00238,green_loan,31.14,33.37,business_loan,2023-01-21,2026-01-20,EUR,5.45,stage_1,True,2.23,True,EU_Taxonomy,,,,
EXP000476,BANK04,CP00239,term_loan,5.01,5.19,business_loan,2019-11-03,2022-11-02,EUR,6.03,stage_1,False,0.18,False,,,,,
EXP000477,BANK04,CP00240,corporate_bond,227.0,261.38,business_loan,2024-11-12,2029-11-11,EUR,4.4,stage_1,False,34.38,False,,,,,
EXP000478,BANK04,CP00241,green_loan,37.3,48.78,business_loan,2019-08-16,2024-08-14,EUR,2.76,stage_1,True,11.48,True,EU_Taxonomy,,,,
EXP000479,BANK04,CP00241,green_loan,45.68,62.1,mortgage,2020-01-11,2023-01-10,EUR,7.3,stage_1,True,16.42,True,EU_Taxonomy,85.27,,,
EXP000480,BANK04,CP00241,green_loan,47.48,62.82,commercial_re,2023-08-05,2038-08-01,EUR,5.54,stage_1,True,15.34,True,EU_Taxonomy,73.81,,,
EXP000481,BANK04,CP00241,green_loan,19.54,24.24,commercial_re,2022-12-15,2025-12-14,EUR,2.53,stage_2,True,4.7,True,EU_Taxonomy,28.92,,,
EXP000482,BANK04,CP00242,green_loan,103.26,105.53,mortgage,2020-01-28,2025-01-26,EUR,4.25,stage_1,True,2.27,True,LMA_GLP,164.39,,,
EXP000483,BANK04,CP00243,green_loan,213.69,223.0,business_loan,2018-12-26,2021-12-25,EUR,7.47,stage_1,True,9.31,True,EU_Taxonomy,,,,
EXP000484,BANK04,CP00244,corporate_bond,61.13,84.76,business_loan,2024-04-21,2029-04-20,EUR,6.25,stage_1,False,23.63,False,,,,,
EXP000485,BANK04,CP00245,revolving_credit,105.1,140.55,business_loan,2018-10-05,2028-10-02,EUR,2.82,stage_1,False,35.45,False,,,,,
EXP000486,BANK04,CP00246,green_loan,120.91,150.51,mortgage,2020-05-09,2025-05-08,EUR,3.05,stage_1,True,29.6,True,LMA_GLP,175.81,,,
EXP000487,BANK04,CP00247,revolving_credit,39.36,48.95,business_loan,2021-03-22,2031-03-20,EUR,4.08,stage_1,False,9.59,False,,,,,
EXP000488,BANK04,CP00247,green_loan,39.63,47.87,mortgage,2024-04-23,2034-04-21,EUR,5.66,stage_1,True,8.24,True,LMA_GLP,55.67,,,
EXP000489,BANK04,CP00248,corporate_bond,997.99,1007.57,business_loan,2018-01-07,2021-01-06,EUR,5.63,stage_1,False,9.58,False,,,,,
EXP000490,BANK04,CP00249,green_loan,344.86,422.17,business_loan,2021-09-29,2028-09-27,EUR,5.69,stage_1,True,77.31,True,LMA_GLP,,,,
EXP000491,BANK04,CP00249,term_loan,131.29,157.9,business_loan,2021-06-14,2028-06-12,EUR,4.12,stage_1,False,26.61,False,,,,,
EXP000492,BANK04,CP00249,revolving_credit,304.27,405.54,business_loan,2024-11-28,2027-11-28,EUR,3.47,stage_1,False,101.27,False,,,,,
EXP000493,BANK04,CP00250,green_loan,63.43,67.37,business_loan,2019-07-11,2029-07-08,EUR,4.8,stage_2,True,3.94,True,EU_Taxonomy,,,,
EXP000494,BANK04,CP00250,revolving_credit,104.37,116.87,business_loan,2018-08-18,2033-08-14,EUR,6.12,stage_1,False,12.5,False,,,,,
EXP000495,BANK04,CP00250,term_loan,69.0,95.76,business_loan,2021-12-19,2024-12-18,EUR,3.9,stage_1,False,26.76,False,,,,,
EXP000496,BANK04,CP00250,corporate_bond,112.98,130.59,business_loan,2024-05-27,2039-05-24,EUR,5.48,stage_2,False,17.61,False,,,,,
EXP000497,BANK04,CP00251,green_loan,14.05,16.84,business_loan,2022-08-23,2025-08-22,EUR,3.69,stage_1,True,2.79,True,ICMA_GBP,,,,
EXP000498,BANK04,CP00251,green_loan,18.0,23.65,commercial_re,2019-04-05,2026-04-03,EUR,6.39,stage_2,True,5.65,True,ICMA_GBP,29.01,,,
EXP000499,BANK04,CP00251,green_loan,9.83,10.58,business_loan,2023-08-11,2028-08-09,EUR,7.12,stage_1,True,0.75,True,ICMA_GBP,,,,
EXP000500,BANK04,CP00252,term_loan,188.0,203.43,business_loan,2023-10-16,2028-10-14,EUR,2.68,stage_1,False,15.43,False,,,,,
EXP000501,BANK04,CP00252,green_loan,205.81,277.59,mortgage,2018-06-30,2033-06-26,EUR,4.17,stage_2,True,71.78,True,ICMA_GBP,305.02,,,
EXP000502,BANK04,CP00253,green_loan,9.91,11.18,mortgage,2021-07-02,2026-07-01,EUR,3.46,stage_1,True,1.27,True,EU_Taxonomy,14.25,,,
EXP000503,BANK04,CP00254,green_loan,71.37,71.81,commercial_re,2021-01-25,2024-01-25,EUR,5.61,stage_1,True,0.44,True,LMA_GLP,125.8,,,
EXP000504,BANK04,CP00255,green_loan,115.3,126.59,business_loan,2021-03-06,2036-03-02,EUR,2.86,stage_1,True,11.29,True,ICMA_GBP,,,,
EXP000505,BANK05,CP00256,term_loan,89.84,93.65,business_loan,2023-04-13,2026-04-12,EUR,2.77,stage_1,False,3.81,False,,,,,
EXP000506,BANK05,CP00257,project_finance,69.93,79.88,project_finance,2023-01-01,2037-12-28,EUR,4.16,stage_1,False,9.95,False,,,132.19,False,project_loan
EXP000507,BANK05,CP00258,term_loan,3.54,3.73,business_loan,2023-03-23,2038-03-19,EUR,6.56,stage_2,False,0.19,False,,,,,
EXP000508,BANK05,CP00258,revolving_credit,2.3,2.51,business_loan,2023-03-22,2033-03-19,EUR,3.62,stage_2,False,0.21,False,,,,,
EXP000509,BANK05,CP00258,mortgage,2.84,3.63,commercial_re,2022-05-25,2027-05-24,EUR,5.83,stage_1,False,0.79,False,,4.69,,,
EXP000510,BANK05,CP00259,term_loan,1.79,2.04,business_loan,2023-05-01,2026-04-30,EUR,4.81,stage_1,False,0.25,False,,,,,
EXP000511,BANK05,CP00259,project_finance,2.69,2.8,project_finance,2019-06-06,2034-06-02,EUR,6.59,stage_1,False,0.11,False,,,8.64,True,project_equity
EXP000512,BANK05,CP00259,corporate_bond,1.42,1.68,business_loan,2021-05-22,2036-05-18,EUR,5.45,stage_1,False,0.26,False,,,,,
EXP000513,BANK05,CP00260,revolving_credit,1.7,1.84,business_loan,2018-09-28,2025-09-26,EUR,5.97,stage_1,False,0.14,False,,,,,
EXP000514,BANK05,CP00261,revolving_credit,2.86,3.62,business_loan,2020-08-25,2025-08-24,EUR,2.89,stage_2,False,0.76,False,,,,,
EXP000515,BANK05,CP00261,revolving_credit,2.89,3.43,business_loan,2024-08-22,2039-08-19,EUR,5.28,stage_1,False,0.54,False,,,,,
EXP000516,BANK05,CP00261,green_loan,1.34,1.4,mortgage,2018-10-13,2033-10-09,EUR,6.57,stage_1,True,0.06,True,EU_Taxonomy,2.0,,,
EXP000517,BANK05,CP00261,revolving_credit,2.13,2.32,business_loan,2018-09-09,2021-09-08,EUR,3.19,stage_1,False,0.19,False,,,,,
EXP000518,BANK05,CP00262,corporate_bond,61.11,74.1,business_loan,2019-09-04,2029-09-01,EUR,4.45,stage_1,False,12.99,False,,,,,
EXP000519,BANK05,CP00262,corporate_bond,22.67,27.84,business_loan,2021-07-20,2028-07-18,EUR,7.07,stage_1,False,5.17,False,,,,,
EXP000520,BANK05,CP00262,revolving_credit,69.46,85.65,business_loan,2021-11-11,2024-11-10,EUR,5.56,stage_1,False,16.19,False,,,,,
EXP000521,BANK05,CP00263,term_loan,3.79,3.79,business_loan,2024-02-27,2027-02-26,EUR,5.3,stage_3,False,0.0,False,,,,,
EXP000522,BANK05,CP00263,term_loan,1.03,1.21,business_loan,2018-05-08,2023-05-07,EUR,5.45,stage_1,False,0.18,False,,,,,
EXP000523,BANK05,CP00263,revolving_credit,3.27,3.55,business_loan,2022-11-18,2037-11-14,EUR,3.37,stage_1,False,0.28,False,,,,,
EXP000524,BANK05,CP00264,revolving_credit,113.68,126.8,business_loan,2022-09-05,2027-09-04,EUR,6.86,stage_1,False,13.12,False,,,,,
EXP000525,BANK05,CP00264,corporate_bond,20.07,25.35,business_loan,2019-08-13,2029-08-10,EUR,7.37,stage_1,False,5.28,False,,,,,
EXP000526,BANK05,CP00265,mortgage,7.56,9.44,commercial_re,2024-10-11,2034-10-09,EUR,4.77,stage_1,False,1.88,False,,11.03,,,
EXP000527,BANK05,CP00266,term_loan,4.17,4.18,business_loan,2022-10-06,2037-10-02,EUR,4.99,stage_1,False,0.01,False,,,,,
EXP000528,BANK05,CP00266,term_loan,6.64,7.61,business_loan,2024-02-16,2039-02-12,EUR,7.39,stage_1,False,0.97,False,,,,,
EXP000529,BANK05,CP00266,term_loan,6.59,6.96,business_loan,2023-05-27,2026-05-26,EUR,6.16,stage_3,False,0.37,False,,,,,
EXP000530,BANK05,CP00267,revolving_credit,5.42,7.35,business_loan,2018-11-17,2033-11-13,EUR,2.94,stage_1,False,1.93,False,,,,,
EXP000531,BANK05,CP00267,green_loan,5.2,6.86,business_loan,2018-11-16,2033-11-12,EUR,4.06,stage_1,True,1.66,True,ICMA_GBP,,,,
EXP000532,BANK05,CP00267,mortgage,2.92,3.52,commercial_re,2023-04-05,2033-04-02,EUR,4.85,stage_1,False,0.6,False,,5.61,,,
EXP000533,BANK05,CP00267,green_loan,3.37,3.6,commercial_re,2021-04-21,2028-04-19,EUR,5.98,stage_1,True,0.23,True,LMA_GLP,5.83,,,
EXP000534,BANK05,CP00268,term_loan,10.02,10.7,business_loan,2023-04-23,2038-04-19,EUR,2.76,stage_3,False,0.68,False,,,,,
EXP000535,BANK05,CP00269,term_loan,4.72,5.67,business_loan,2018-12-04,2023-12-03,EUR,6.76,stage_1,False,0.95,False,,,,,
EXP000536,BANK05,CP00269,term_loan,1.79,2.32,business_loan,2020-11-18,2023-11-18,EUR,5.52,stage_2,False,0.53,False,,,,,
EXP000537,BANK05,CP00269,corporate_bond,5.41,5.98,business_loan,2022-02-23,2027-02-22,EUR,6.0,stage_1,False,0.57,False,,,,,
EXP000538,BANK05,CP00270,revolving_credit,648.25,802.67,business_loan,2018-12-12,2023-12-11,EUR,6.61,stage_1,False,154.42,False,,,,,
EXP000539,BANK05,CP00270,revolving_credit,579.41,732.53,business_loan,2022-04-19,2027-04-18,EUR,6.13,stage_1,False,153.12,False,,,,,
EXP000540,BANK05,CP00270,mortgage,469.12,610.89,commercial_re,2018-08-11,2025-08-09,EUR,3.08,stage_1,False,141.77,False,,693.91,,,
EXP000541,BANK05,CP00271,corporate_bond,1.25,1.44,business_loan,2023-12-22,2028-12-20,EUR,6.03,stage_1,False,0.19,False,,,,,
EXP000542,BANK05,CP00271,mortgage,0.83,1.14,commercial_re,2018-02-18,2025-02-16,EUR,4.74,stage_1,False,0.31,False,,1.46,,,
EXP000543,BANK05,CP00272,term_loan,26.23,36.26,business_loan,2023-12-17,2030-12-15,EUR,4.66,stage_2,False,10.03,False,,,,,
EXP000544,BANK05,CP00272,revolving_credit,31.64,34.87,business_loan,2020-12-29,2023-12-29,EUR,5.42,stage_1,False,3.23,False,,,,,
EXP000545,BANK05,CP00272,term_loan,25.99,31.4,business_loan,2024-08-08,2029-08-07,EUR,5.89,stage_3,False,5.41,False,,,,,
EXP000546,BANK05,CP00272,term_loan,14.82,14.89,business_loan,2018-02-04,2021-02-03,EUR,2.99,stage_1,False,0.07,False,,,,,
EXP000547,BANK05,CP00273,term_loan,359.1,362.5,business_loan,2020-03-01,2023-03-01,EUR,2.96,stage_2,False,3.4,False,,,,,
EXP000548,BANK05,CP00273,mortgage,765.74,982.62,mortgage,2024-09-21,2027-09-21,EUR,3.1,stage_2,False,216.88,False,,1222.19,,,
EXP000549,BANK05,CP00274,mortgage,16.49,22.4,mortgage,2024-05-07,2029-05-06,EUR,5.98,stage_1,False,5.91,False,,30.36,,,
EXP000550,BANK05,CP00275,corporate_bond,392.46,501.13,listed_equity,2021-02-06,2031-02-04,EUR,5.84,stage_1,False,108.67,False,,,,,
EXP000551,BANK05,CP00275,mortgage,150.89,173.99,commercial_re,2021-02-09,2024-02-09,EUR,4.16,stage_1,False,23.1,False,,254.59,,,
EXP000552,BANK05,CP00276,revolving_credit,122.59,152.52,business_loan,2023-07-08,2028-07-06,EUR,3.39,stage_1,False,29.93,False,,,,,
EXP000553,BANK05,CP00276,corporate_bond,88.26,110.97,business_loan,2020-06-13,2035-06-10,EUR,7.06,stage_1,False,22.71,False,,,,,
EXP000554,BANK05,CP00276,term_loan,76.73,100.58,business_loan,2024-05-29,2031-05-28,EUR,2.59,stage_1,False,23.85,False,,,,,
EXP000555,BANK05,CP00276,term_loan,232.93,257.75,business_loan,2018-06-04,2028-06-01,EUR,6.0,stage_2,False,24.82,False,,,,,
EXP000556,BANK05,CP00277,green_loan,2.89,3.39,business_loan,2023-07-03,2033-06-30,EUR,6.72,stage_1,True,0.5,True,LMA_GLP,,,,
EXP000557,BANK05,CP00277,project_finance,4.03,5.57,project_finance,2018-01-14,2028-01-12,EUR,6.59,stage_1,False,1.54,False,,,6.65,False,project_loan
EXP000558,BANK05,CP00278,revolving_credit,12.13,12.4,business_loan,2021-05-25,2031-05-23,EUR,7.49,stage_1,False,0.27,False,,,,,
EXP000559,BANK05,CP00278,mortgage,5.86,7.83,commercial_re,2021-10-24,2024-10-23,EUR,6.3,stage_1,False,1.97,False,,10.66,,,
EXP000560,BANK05,CP00279,green_loan,80.09,102.38,business_loan,2020-02-22,2027-02-20,EUR,6.98,stage_1,True,22.29,True,ICMA_GBP,,,,
EXP000561,BANK05,CP00280,corporate_bond,13.3,13.49,business_loan,2020-02-16,2025-02-14,EUR,2.63,stage_3,False,0.19,False,,,,,
EXP000562,BANK05,CP00281,mortgage,9.55,11.59,commercial_re,2021-06-14,2031-06-12,EUR,6.67,stage_1,False,2.04,False,,14.26,,,
EXP000563,BANK05,CP00282,term_loan,257.1,269.25,business_loan,2018-06-25,2028-06-22,EUR,6.54,stage_1,False,12.15,False,,,,,
EXP000564,BANK05,CP00282,corporate_bond,788.84,1022.67,business_loan,2024-01-07,2029-01-05,EUR,3.66,stage_1,False,233.83,False,,,,,
EXP000565,BANK05,CP00282,revolving_credit,1138.55,1551.7,business_loan,2018-03-20,2028-03-17,EUR,5.59,stage_1,False,413.15,False,,,,,
EXP000566,BANK05,CP00282,term_loan,1029.16,1367.03,business_loan,2018-07-24,2025-07-22,EUR,2.99,stage_1,False,337.87,False,,,,,
EXP000567,BANK05,CP00283,mortgage,0.4,0.5,mortgage,2019-04-13,2029-04-10,EUR,5.58,stage_1,False,0.1,False,,0.8,,,
EXP000568,BANK05,CP00283,revolving_credit,0.64,0.67,business_loan,2022-07-05,2029-07-03,EUR,5.92,stage_1,False,0.03,False,,,,,
EXP000569,BANK05,CP00283,green_loan,0.85,1.05,commercial_re,2020-05-23,2023-05-23,EUR,4.18,stage_1,True,0.2,True,EU_Taxonomy,1.45,,,
EXP000570,BANK05,CP00284,corporate_bond,5.04,5.92,business_loan,2024-03-16,2029-03-15,EUR,7.13,stage_1,False,0.88,False,,,,,
EXP000571,BANK05,CP00285,project_finance,142.74,192.96,project_finance,2019-10-09,2022-10-08,EUR,2.9,stage_1,False,50.22,False,,,303.66,False,project_loan
EXP000572,BANK05,CP00286,project_finance,57.07,72.9,project_finance,2021-03-08,2031-03-06,EUR,6.46,stage_1,False,15.83,False,,,117.01,False,project_loan
EXP000573,BANK05,CP00286,term_loan,19.18,22.64,business_loan,2021-01-14,2036-01-11,EUR,3.7,stage_1,False,3.46,False,,,,,
EXP000574,BANK05,CP00286,project_finance,56.08,77.4,project_finance,2023-08-10,2038-08-06,EUR,5.64,stage_1,False,21.32,False,,,157.05,True,project_equity
EXP000575,BANK05,CP00286,term_loan,33.62,35.2,business_loan,2020-08-23,2025-08-22,EUR,5.15,stage_1,False,1.58,False,,,,,
EXP000576,BANK05,CP00287,project_finance,38.02,49.74,project_finance,2020-06-17,2030-06-15,EUR,5.8,stage_1,False,11.72,False,,,97.55,False,project_loan
EXP000577,BANK05,CP00288,corporate_bond,34.19,36.6,business_loan,2023-04-28,2033-04-25,EUR,5.85,stage_1,False,2.41,False,,,,,
EXP000578,BANK05,CP00289,revolving_credit,6.0,7.93,business_loan,2021-10-01,2036-09-27,EUR,6.29,stage_1,False,1.93,False,,,,,
EXP000579,BANK05,CP00289,green_loan,12.06,15.85,business_loan,2019-12-22,2024-12-20,EUR,4.93,stage_1,True,3.79,True,LMA_GLP,,,,
EXP000580,BANK05,CP00290,project_finance,7.67,8.28,project_finance,2021-08-28,2031-08-26,EUR,5.88,stage_1,False,0.61,False,,,22.56,False,project_loan
EXP000581,BANK05,CP00290,revolving_credit,8.17,10.58,business_loan,2019-02-06,2024-02-05,EUR,6.85,stage_1,False,2.41,False,,,,,
EXP000582,BANK05,CP00290,revolving_credit,3.35,4.54,business_loan,2023-06-08,2026-06-07,EUR,3.22,stage_2,False,1.19,False,,,,,
EXP000583,BANK05,CP00291,term_loan,1.16,1.61,business_loan,2020-03-06,2027-03-05,EUR,3.51,stage_1,False,0.45,False,,,,,
EXP000584,BANK05,CP00291,term_loan,1.8,2.41,business_loan,2019-07-14,2022-07-13,EUR,4.79,stage_1,False,0.61,False,,,,,
EXP000585,BANK05,CP00292,project_finance,737.96,908.61,project_finance,2024-11-09,2029-11-08,EUR,5.26,stage_1,False,170.65,False,,,1979.69,False,project_loan
EXP000586,BANK05,CP00293,mortgage,123.36,146.72,mortgage,2020-06-05,2035-06-02,EUR,4.81,stage_1,False,23.36,False,,236.45,,,
EXP000587,BANK05,CP00293,mortgage,106.58,125.09,commercial_re,2020-10-12,2027-10-11,EUR,3.61,stage_2,False,18.51,False,,209.39,,,
EXP000588,BANK05,CP00294,mortgage,2.79,2.83,mortgage,2022-09-08,2025-09-07,EUR,4.85,stage_1,False,0.04,False,,4.56,,,
EXP000589,BANK05,CP00294,revolving_credit,0.52,0.61,business_loan,2023-05-18,2026-05-17,EUR,3.7,stage_1,False,0.09,False,,,,,
EXP000590,BANK05,CP00294,corporate_bond,0.46,0.53,business_loan,2020-06-11,2025-06-10,EUR,3.7,stage_3,False,0.07,False,,,,,
EXP000591,BANK05,CP00294,corporate_bond,0.47,0.63,business_loan,2019-10-25,2029-10-22,EUR,6.24,stage_1,False,0.16,False,,,,,
EXP000592,BANK05,CP00295,mortgage,2.87,3.78,mortgage,2022-07-19,2027-07-18,EUR,4.35,stage_1,False,0.91,False,,3.85,,,
EXP000593,BANK05,CP00295,mortgage,2.45,3.33,mortgage,2018-10-17,2028-10-14,EUR,4.16,stage_1,False,0.88,False,,3.61,,,
EXP000594,BANK05,CP00296,green_loan,12.45,16.41,business_loan,2024-01-31,2039-01-27,EUR,6.44,stage_1,True,3.96,True,LMA_GLP,,,,
EXP000595,BANK05,CP00296,corporate_bond,29.89,41.19,business_loan,2018-08-13,2033-08-09,EUR,5.87,stage_2,False,11.3,False,,,,,
EXP000596,BANK05,CP00297,corporate_bond,434.58,465.05,listed_equity,2022-02-06,2029-02-04,EUR,5.29,stage_1,False,30.47,False,,,,,
EXP000597,BANK05,CP00298,green_loan,0.94,0.98,commercial_re,2020-09-04,2035-09-01,EUR,4.89,stage_2,True,0.04,True,LMA_GLP,1.74,,,
EXP000598,BANK05,CP00298,green_loan,1.88,2.12,mortgage,2020-05-09,2025-05-08,EUR,6.99,stage_1,True,0.24,True,ICMA_GBP,3.24,,,
EXP000599,BANK05,CP00299,revolving_credit,1.0,1.2,business_loan,2023-01-28,2033-01-25,EUR,6.65,stage_1,False,0.2,False,,,,,
EXP000600,BANK05,CP00299,mortgage,3.16,3.94,commercial_re,2021-04-12,2031-04-10,EUR,6.5,stage_2,False,0.78,False,,5.19,,,
EXP000601,BANK05,CP00300,term_loan,2.13,2.2,business_loan,2023-02-19,2026-02-18,EUR,6.99,stage_1,False,0.07,False,,,,,
EXP000602,BANK05,CP00300,term_loan,2.16,2.76,business_loan,2021-02-04,2024-02-04,EUR,4.98,stage_2,False,0.6,False,,,,,
EXP000603,BANK05,CP00300,corporate_bond,1.32,1.83,business_loan,2021-04-15,2031-04-13,EUR,5.21,stage_1,False,0.51,False,,,,,
