scenario_id,scenario_name,scenario_type,bank_id,framework,temperature_outcome_c,horizon,horizon_year,carbon_price_assumption_eur_per_tco2e,physical_risk_loss_pct_capital,transition_risk_loss_pct_capital,resilience_assessment,high_risk_exposure_pct,stranded_assets_estimate_meur,paris_aligned_flag,revenue_at_risk_meur,gdp_growth_assumption_pct,renewable_energy_share_pct,technology_readiness,scope_of_analysis,analysis_conducted_year,methodology_notes,scenario_magnitude_adjusted_flag
SCN0001,Net Zero 2050,orderly,BANK01,NGFS_v4,1.5,short_term,2025,86.3,5.8,15.6,"Under orderly transition scenarios, the portfolio demonstrates adequate resilience. Transition risk losses remain within Pillar 2 capital buffer thresholds. Green loan growth and client engagement on transition plans are expected to progressively reduce high-carbon sector concentration over the medium term.",34.9,2407.96,True,7240.86,2.22,47.3,high,"All banking book exposures across DE, FR, IT, NL, ES",2024,"NGFS v4 Net Zero 2050 scenario applied to the banking book using a top-down sector-pathway approach. Carbon price assumptions from IEA NZE 2050 trajectory mapped to counterparty NACE sectors. Stranded asset estimates derived from sector-level fossil fuel capex exposure. Analysis scope covers all lending book exposures across DE, FR, IT, NL, ES jurisdictions.",True
SCN0002,Net Zero 2050,orderly,BANK01,NGFS_v4,1.5,medium_term,2030,115.8,5.3,15.5,"Under orderly transition scenarios, the portfolio demonstrates adequate resilience. Transition risk losses remain within Pillar 2 capital buffer thresholds. Green loan growth and client engagement on transition plans are expected to progressively reduce high-carbon sector concentration over the medium term.",15.1,1041.84,True,3644.6,2.16,50.4,high,"All banking book exposures across DE, FR, IT, NL, ES",2024,"NGFS v4 Net Zero 2050 scenario applied to the banking book using a top-down sector-pathway approach. Carbon price assumptions from IEA NZE 2050 trajectory mapped to counterparty NACE sectors. Stranded asset estimates derived from sector-level fossil fuel capex exposure. Analysis scope covers all lending book exposures across DE, FR, IT, NL, ES jurisdictions.",True
SCN0003,Net Zero 2050,orderly,BANK01,NGFS_v4,1.5,long_term,2050,224.6,10.3,11.7,"Under orderly transition scenarios, the portfolio demonstrates adequate resilience. Transition risk losses remain within Pillar 2 capital buffer thresholds. Green loan growth and client engagement on transition plans are expected to progressively reduce high-carbon sector concentration over the medium term.",34.3,2366.56,True,7240.86,2.3,83.8,high,"All banking book exposures across DE, FR, IT, NL, ES",2024,"NGFS v4 Net Zero 2050 scenario applied to the banking book using a top-down sector-pathway approach. Carbon price assumptions from IEA NZE 2050 trajectory mapped to counterparty NACE sectors. Stranded asset estimates derived from sector-level fossil fuel capex exposure. Analysis scope covers all lending book exposures across DE, FR, IT, NL, ES jurisdictions.",True
SCN0004,Below 2°C,orderly,BANK01,NGFS_v4,1.8,short_term,2025,95.6,4.8,12.9,"Under orderly transition scenarios, the portfolio demonstrates adequate resilience. Transition risk losses remain within Pillar 2 capital buffer thresholds. Green loan growth and client engagement on transition plans are expected to progressively reduce high-carbon sector concentration over the medium term.",20.3,1400.62,False,4899.6,2.49,67.9,high,"All banking book exposures across DE, FR, IT, NL, ES",2024,NGFS v4 Below 2°C (orderly) scenario applied using NGFS IAM outputs aligned to a 1.8°C median temperature pathway. Carbon price trajectory from REMIND-MAgPIE model. Financial impact assessed through loan-level probability of default sensitivity to carbon cost pass-through by sector carbon intensity tier.,True
SCN0005,Below 2°C,orderly,BANK01,NGFS_v4,1.8,medium_term,2030,113.8,6.4,15.2,"Under orderly transition scenarios, the portfolio demonstrates adequate resilience. Transition risk losses remain within Pillar 2 capital buffer thresholds. Green loan growth and client engagement on transition plans are expected to progressively reduce high-carbon sector concentration over the medium term.",10.8,745.16,False,2606.7,2.43,54.3,high,"All banking book exposures across DE, FR, IT, NL, ES",2024,NGFS v4 Below 2°C (orderly) scenario applied using NGFS IAM outputs aligned to a 1.8°C median temperature pathway. Carbon price trajectory from REMIND-MAgPIE model. Financial impact assessed through loan-level probability of default sensitivity to carbon cost pass-through by sector carbon intensity tier.,True
SCN0006,Below 2°C,orderly,BANK01,NGFS_v4,1.8,long_term,2050,287.1,9.3,14.5,"Under orderly transition scenarios, the portfolio demonstrates adequate resilience. Transition risk losses remain within Pillar 2 capital buffer thresholds. Green loan growth and client engagement on transition plans are expected to progressively reduce high-carbon sector concentration over the medium term.",28.4,1959.48,False,6854.7,2.47,88.8,high,"All banking book exposures across DE, FR, IT, NL, ES",2024,NGFS v4 Below 2°C (orderly) scenario applied using NGFS IAM outputs aligned to a 1.8°C median temperature pathway. Carbon price trajectory from REMIND-MAgPIE model. Financial impact assessed through loan-level probability of default sensitivity to carbon cost pass-through by sector carbon intensity tier.,True
SCN0007,Divergent Net Zero,disorderly,BANK01,NGFS_v4,1.5,short_term,2025,65.9,7.0,23.1,"Under disorderly transition scenarios, near-term resilience is acceptable but medium-term capital consumption from stranded asset impairments is material. The bank's current sector exposure limits and active portfolio decarbonisation glide-path monitoring are the primary resilience mechanisms. Additional capital buffers may be required post-2030 under the most adverse disorderly assumptions.",18.4,1269.52,False,4441.1,1.57,54.2,medium,"All banking book exposures across DE, FR, IT, NL, ES",2024,NGFS v4 Divergent Net Zero scenario used to capture technology pathway uncertainty. High renewable share but with divergent sectoral transition speeds across jurisdictions. Carbon price assumptions vary by country based on national ETS and carbon tax trajectories. Used primarily to stress-test technology transition risk in the automotive and energy manufacturing lending sub-portfolio.,True
SCN0008,Divergent Net Zero,disorderly,BANK01,NGFS_v4,1.5,medium_term,2030,51.5,10.2,19.5,"Under disorderly transition scenarios, near-term resilience is acceptable but medium-term capital consumption from stranded asset impairments is material. The bank's current sector exposure limits and active portfolio decarbonisation glide-path monitoring are the primary resilience mechanisms. Additional capital buffers may be required post-2030 under the most adverse disorderly assumptions.",5.2,358.78,False,1255.1,1.71,41.1,medium,"All banking book exposures across DE, FR, IT, NL, ES",2024,NGFS v4 Divergent Net Zero scenario used to capture technology pathway uncertainty. High renewable share but with divergent sectoral transition speeds across jurisdictions. Carbon price assumptions vary by country based on national ETS and carbon tax trajectories. Used primarily to stress-test technology transition risk in the automotive and energy manufacturing lending sub-portfolio.,True
SCN0009,Divergent Net Zero,disorderly,BANK01,NGFS_v4,1.5,long_term,2050,68.2,14.4,22.0,"Under disorderly transition scenarios, near-term resilience is acceptable but medium-term capital consumption from stranded asset impairments is material. The bank's current sector exposure limits and active portfolio decarbonisation glide-path monitoring are the primary resilience mechanisms. Additional capital buffers may be required post-2030 under the most adverse disorderly assumptions.",11.6,800.35,False,2799.8,1.67,56.5,medium,"All banking book exposures across DE, FR, IT, NL, ES",2024,NGFS v4 Divergent Net Zero scenario used to capture technology pathway uncertainty. High renewable share but with divergent sectoral transition speeds across jurisdictions. Carbon price assumptions vary by country based on national ETS and carbon tax trajectories. Used primarily to stress-test technology transition risk in the automotive and energy manufacturing lending sub-portfolio.,True
SCN0010,Delayed Transition,disorderly,BANK01,NGFS_v4,1.8,short_term,2025,77.4,6.4,18.3,"Under disorderly transition scenarios, near-term resilience is acceptable but medium-term capital consumption from stranded asset impairments is material. The bank's current sector exposure limits and active portfolio decarbonisation glide-path monitoring are the primary resilience mechanisms. Additional capital buffers may be required post-2030 under the most adverse disorderly assumptions.",19.8,1366.12,False,4779.0,1.11,48.1,medium,"All banking book exposures across DE, FR, IT, NL, ES",2024,NGFS v4 Delayed Transition (disorderly) scenario applied to capture abrupt policy shift risk post-2030. Short-term physical risk assumed at RCP 2.6 level; transition risk shock applied as a step-change in carbon price in 2030. Particularly material for high-carbon sector exposures with medium-term loan maturities.,True
SCN0011,Delayed Transition,disorderly,BANK01,NGFS_v4,1.8,medium_term,2030,75.8,9.6,16.2,"Under disorderly transition scenarios, near-term resilience is acceptable but medium-term capital consumption from stranded asset impairments is material. The bank's current sector exposure limits and active portfolio decarbonisation glide-path monitoring are the primary resilience mechanisms. Additional capital buffers may be required post-2030 under the most adverse disorderly assumptions.",9.9,683.06,False,2389.5,1.11,50.4,medium,"All banking book exposures across DE, FR, IT, NL, ES",2024,NGFS v4 Delayed Transition (disorderly) scenario applied to capture abrupt policy shift risk post-2030. Short-term physical risk assumed at RCP 2.6 level; transition risk shock applied as a step-change in carbon price in 2030. Particularly material for high-carbon sector exposures with medium-term loan maturities.,True
SCN0012,Delayed Transition,disorderly,BANK01,NGFS_v4,1.8,long_term,2050,76.8,18.2,22.2,"Under disorderly transition scenarios, near-term resilience is acceptable but medium-term capital consumption from stranded asset impairments is material. The bank's current sector exposure limits and active portfolio decarbonisation glide-path monitoring are the primary resilience mechanisms. Additional capital buffers may be required post-2030 under the most adverse disorderly assumptions.",25.0,1724.9,False,6034.1,1.57,66.8,medium,"All banking book exposures across DE, FR, IT, NL, ES",2024,NGFS v4 Delayed Transition (disorderly) scenario applied to capture abrupt policy shift risk post-2030. Short-term physical risk assumed at RCP 2.6 level; transition risk shock applied as a step-change in carbon price in 2030. Particularly material for high-carbon sector exposures with medium-term loan maturities.,True
SCN0013,Nationally Determined Contributions,hot_house,BANK01,NGFS_v4,2.5,short_term,2025,1.2,17.4,2.9,"Under hot house world scenarios, physical risk losses represent the dominant long-term resilience challenge. Collateral revaluation risk in flood-exposed mortgage books and agricultural borrower default risk from chronic heat stress are identified as the primary transmission channels. The bank's flood-zone overlay and EPC-based collateral monitoring are resilience mechanisms deployed for the 2050 horizon.",14.2,979.74,False,3427.3,0.66,23.8,low,"All banking book exposures across DE, FR, IT, NL, ES",2024,NGFS v4 NDC scenario represents delayed but eventually strengthened policy action. Carbon pricing ramp-up assumed from 2030 onward based on Paris Agreement NDC submission trajectories. Revenue-at-risk computed from sector revenue sensitivity to carbon price at EUR/tCO2e levels specified in the scenario.,True
SCN0014,Nationally Determined Contributions,hot_house,BANK01,NGFS_v4,2.5,medium_term,2030,2.3,15.9,5.1,"Under hot house world scenarios, physical risk losses represent the dominant long-term resilience challenge. Collateral revaluation risk in flood-exposed mortgage books and agricultural borrower default risk from chronic heat stress are identified as the primary transmission channels. The bank's flood-zone overlay and EPC-based collateral monitoring are resilience mechanisms deployed for the 2050 horizon.",9.0,620.96,False,2172.3,0.56,24.2,low,"All banking book exposures across DE, FR, IT, NL, ES",2024,NGFS v4 NDC scenario represents delayed but eventually strengthened policy action. Carbon pricing ramp-up assumed from 2030 onward based on Paris Agreement NDC submission trajectories. Revenue-at-risk computed from sector revenue sensitivity to carbon price at EUR/tCO2e levels specified in the scenario.,True
SCN0015,Nationally Determined Contributions,hot_house,BANK01,NGFS_v4,2.5,long_term,2050,11.5,24.6,3.3,"Under hot house world scenarios, physical risk losses represent the dominant long-term resilience challenge. Collateral revaluation risk in flood-exposed mortgage books and agricultural borrower default risk from chronic heat stress are identified as the primary transmission channels. The bank's flood-zone overlay and EPC-based collateral monitoring are resilience mechanisms deployed for the 2050 horizon.",29.8,2056.08,False,7192.6,0.98,34.7,low,"All banking book exposures across DE, FR, IT, NL, ES",2024,NGFS v4 NDC scenario represents delayed but eventually strengthened policy action. Carbon pricing ramp-up assumed from 2030 onward based on Paris Agreement NDC submission trajectories. Revenue-at-risk computed from sector revenue sensitivity to carbon price at EUR/tCO2e levels specified in the scenario.,True
SCN0016,Current Policies,hot_house,BANK01,NGFS_v4,3.0,short_term,2025,6.9,13.3,3.5,"Under hot house world scenarios, physical risk losses represent the dominant long-term resilience challenge. Collateral revaluation risk in flood-exposed mortgage books and agricultural borrower default risk from chronic heat stress are identified as the primary transmission channels. The bank's flood-zone overlay and EPC-based collateral monitoring are resilience mechanisms deployed for the 2050 horizon.",32.6,2249.27,False,7240.86,1.07,19.5,low,"All banking book exposures across DE, FR, IT, NL, ES",2024,"NGFS v4 Current Policies (hot house world) scenario used as the adverse baseline. Physical risk parameters sourced from NGFS chronic and acute hazard layers, downscaled to counterparty postcode and collateral location. RCP 8.5 physical risk projections used for 2050 horizon analysis.",True
SCN0017,Current Policies,hot_house,BANK01,NGFS_v4,3.0,medium_term,2030,5.6,17.0,2.9,"Under hot house world scenarios, physical risk losses represent the dominant long-term resilience challenge. Collateral revaluation risk in flood-exposed mortgage books and agricultural borrower default risk from chronic heat stress are identified as the primary transmission channels. The bank's flood-zone overlay and EPC-based collateral monitoring are resilience mechanisms deployed for the 2050 horizon.",6.6,455.37,False,1593.0,1.02,20.6,low,"All banking book exposures across DE, FR, IT, NL, ES",2024,"NGFS v4 Current Policies (hot house world) scenario used as the adverse baseline. Physical risk parameters sourced from NGFS chronic and acute hazard layers, downscaled to counterparty postcode and collateral location. RCP 8.5 physical risk projections used for 2050 horizon analysis.",True
SCN0018,Current Policies,hot_house,BANK01,NGFS_v4,3.0,long_term,2050,16.9,32.0,3.8,"Under hot house world scenarios, physical risk losses represent the dominant long-term resilience challenge. Collateral revaluation risk in flood-exposed mortgage books and agricultural borrower default risk from chronic heat stress are identified as the primary transmission channels. The bank's flood-zone overlay and EPC-based collateral monitoring are resilience mechanisms deployed for the 2050 horizon.",21.3,1469.61,False,5141.0,0.87,25.9,low,"All banking book exposures across DE, FR, IT, NL, ES",2024,"NGFS v4 Current Policies (hot house world) scenario used as the adverse baseline. Physical risk parameters sourced from NGFS chronic and acute hazard layers, downscaled to counterparty postcode and collateral location. RCP 8.5 physical risk projections used for 2050 horizon analysis.",True
SCN0019,Net Zero 2050,orderly,BANK02,NGFS_v4,1.5,short_term,2025,109.6,4.8,10.4,"Under orderly transition scenarios, the portfolio demonstrates adequate resilience. Transition risk losses remain within Pillar 2 capital buffer thresholds. Green loan growth and client engagement on transition plans are expected to progressively reduce high-carbon sector concentration over the medium term.",27.7,801.55,True,5117.0,2.17,57.9,high,"All banking book exposures across DE, FR, IT, NL, ES",2024,"NGFS v4 Net Zero 2050 scenario applied to the banking book using a top-down sector-pathway approach. Carbon price assumptions from IEA NZE 2050 trajectory mapped to counterparty NACE sectors. Stranded asset estimates derived from sector-level fossil fuel capex exposure. Analysis scope covers all lending book exposures across DE, FR, IT, NL, ES jurisdictions.",True
SCN0020,Net Zero 2050,orderly,BANK02,NGFS_v4,1.5,medium_term,2030,110.2,5.6,11.1,"Under orderly transition scenarios, the portfolio demonstrates adequate resilience. Transition risk losses remain within Pillar 2 capital buffer thresholds. Green loan growth and client engagement on transition plans are expected to progressively reduce high-carbon sector concentration over the medium term.",23.7,685.81,True,4378.1,2.45,56.8,high,"All banking book exposures across DE, FR, IT, NL, ES",2024,"NGFS v4 Net Zero 2050 scenario applied to the banking book using a top-down sector-pathway approach. Carbon price assumptions from IEA NZE 2050 trajectory mapped to counterparty NACE sectors. Stranded asset estimates derived from sector-level fossil fuel capex exposure. Analysis scope covers all lending book exposures across DE, FR, IT, NL, ES jurisdictions.",True
SCN0021,Net Zero 2050,orderly,BANK02,NGFS_v4,1.5,long_term,2050,342.0,8.3,12.6,"Under orderly transition scenarios, the portfolio demonstrates adequate resilience. Transition risk losses remain within Pillar 2 capital buffer thresholds. Green loan growth and client engagement on transition plans are expected to progressively reduce high-carbon sector concentration over the medium term.",21.3,616.36,True,3934.8,2.26,93.2,high,"All banking book exposures across DE, FR, IT, NL, ES",2024,"NGFS v4 Net Zero 2050 scenario applied to the banking book using a top-down sector-pathway approach. Carbon price assumptions from IEA NZE 2050 trajectory mapped to counterparty NACE sectors. Stranded asset estimates derived from sector-level fossil fuel capex exposure. Analysis scope covers all lending book exposures across DE, FR, IT, NL, ES jurisdictions.",True
SCN0022,Below 2°C,orderly,BANK02,NGFS_v4,1.8,short_term,2025,107.3,5.7,9.2,"Under orderly transition scenarios, the portfolio demonstrates adequate resilience. Transition risk losses remain within Pillar 2 capital buffer thresholds. Green loan growth and client engagement on transition plans are expected to progressively reduce high-carbon sector concentration over the medium term.",11.6,335.67,False,2142.9,2.29,53.9,high,"All banking book exposures across DE, FR, IT, NL, ES",2024,NGFS v4 Below 2°C (orderly) scenario applied using NGFS IAM outputs aligned to a 1.8°C median temperature pathway. Carbon price trajectory from REMIND-MAgPIE model. Financial impact assessed through loan-level probability of default sensitivity to carbon cost pass-through by sector carbon intensity tier.,True
SCN0023,Below 2°C,orderly,BANK02,NGFS_v4,1.8,medium_term,2030,88.2,5.5,14.2,"Under orderly transition scenarios, the portfolio demonstrates adequate resilience. Transition risk losses remain within Pillar 2 capital buffer thresholds. Green loan growth and client engagement on transition plans are expected to progressively reduce high-carbon sector concentration over the medium term.",26.8,775.51,False,4950.8,2.38,60.4,high,"All banking book exposures across DE, FR, IT, NL, ES",2024,NGFS v4 Below 2°C (orderly) scenario applied using NGFS IAM outputs aligned to a 1.8°C median temperature pathway. Carbon price trajectory from REMIND-MAgPIE model. Financial impact assessed through loan-level probability of default sensitivity to carbon cost pass-through by sector carbon intensity tier.,True
SCN0024,Below 2°C,orderly,BANK02,NGFS_v4,1.8,long_term,2050,314.9,8.6,11.2,"Under orderly transition scenarios, the portfolio demonstrates adequate resilience. Transition risk losses remain within Pillar 2 capital buffer thresholds. Green loan growth and client engagement on transition plans are expected to progressively reduce high-carbon sector concentration over the medium term.",19.9,575.85,False,3676.1,2.45,81.8,high,"All banking book exposures across DE, FR, IT, NL, ES",2024,NGFS v4 Below 2°C (orderly) scenario applied using NGFS IAM outputs aligned to a 1.8°C median temperature pathway. Carbon price trajectory from REMIND-MAgPIE model. Financial impact assessed through loan-level probability of default sensitivity to carbon cost pass-through by sector carbon intensity tier.,True
SCN0025,Divergent Net Zero,disorderly,BANK02,NGFS_v4,1.5,short_term,2025,63.8,7.4,16.0,"Under disorderly transition scenarios, near-term resilience is acceptable but medium-term capital consumption from stranded asset impairments is material. The bank's current sector exposure limits and active portfolio decarbonisation glide-path monitoring are the primary resilience mechanisms. Additional capital buffers may be required post-2030 under the most adverse disorderly assumptions.",31.6,914.41,False,5541.93,1.36,47.3,medium,"All banking book exposures across DE, FR, IT, NL, ES",2024,NGFS v4 Divergent Net Zero scenario used to capture technology pathway uncertainty. High renewable share but with divergent sectoral transition speeds across jurisdictions. Carbon price assumptions vary by country based on national ETS and carbon tax trajectories. Used primarily to stress-test technology transition risk in the automotive and energy manufacturing lending sub-portfolio.,True
SCN0026,Divergent Net Zero,disorderly,BANK02,NGFS_v4,1.5,medium_term,2030,50.7,8.0,19.6,"Under disorderly transition scenarios, near-term resilience is acceptable but medium-term capital consumption from stranded asset impairments is material. The bank's current sector exposure limits and active portfolio decarbonisation glide-path monitoring are the primary resilience mechanisms. Additional capital buffers may be required post-2030 under the most adverse disorderly assumptions.",20.8,601.89,False,3842.4,1.13,38.0,medium,"All banking book exposures across DE, FR, IT, NL, ES",2024,NGFS v4 Divergent Net Zero scenario used to capture technology pathway uncertainty. High renewable share but with divergent sectoral transition speeds across jurisdictions. Carbon price assumptions vary by country based on national ETS and carbon tax trajectories. Used primarily to stress-test technology transition risk in the automotive and energy manufacturing lending sub-portfolio.,True
SCN0027,Divergent Net Zero,disorderly,BANK02,NGFS_v4,1.5,long_term,2050,69.1,15.3,17.1,"Under disorderly transition scenarios, near-term resilience is acceptable but medium-term capital consumption from stranded asset impairments is material. The bank's current sector exposure limits and active portfolio decarbonisation glide-path monitoring are the primary resilience mechanisms. Additional capital buffers may be required post-2030 under the most adverse disorderly assumptions.",11.9,344.35,False,2198.3,1.03,61.3,medium,"All banking book exposures across DE, FR, IT, NL, ES",2024,NGFS v4 Divergent Net Zero scenario used to capture technology pathway uncertainty. High renewable share but with divergent sectoral transition speeds across jurisdictions. Carbon price assumptions vary by country based on national ETS and carbon tax trajectories. Used primarily to stress-test technology transition risk in the automotive and energy manufacturing lending sub-portfolio.,True
SCN0028,Delayed Transition,disorderly,BANK02,NGFS_v4,1.8,short_term,2025,56.3,7.0,18.1,"Under disorderly transition scenarios, near-term resilience is acceptable but medium-term capital consumption from stranded asset impairments is material. The bank's current sector exposure limits and active portfolio decarbonisation glide-path monitoring are the primary resilience mechanisms. Additional capital buffers may be required post-2030 under the most adverse disorderly assumptions.",6.0,173.62,False,1108.4,1.51,36.6,medium,"All banking book exposures across DE, FR, IT, NL, ES",2024,NGFS v4 Delayed Transition (disorderly) scenario applied to capture abrupt policy shift risk post-2030. Short-term physical risk assumed at RCP 2.6 level; transition risk shock applied as a step-change in carbon price in 2030. Particularly material for high-carbon sector exposures with medium-term loan maturities.,True
SCN0029,Delayed Transition,disorderly,BANK02,NGFS_v4,1.8,medium_term,2030,72.2,9.0,20.5,"Under disorderly transition scenarios, near-term resilience is acceptable but medium-term capital consumption from stranded asset impairments is material. The bank's current sector exposure limits and active portfolio decarbonisation glide-path monitoring are the primary resilience mechanisms. Additional capital buffers may be required post-2030 under the most adverse disorderly assumptions.",16.4,474.57,False,3029.6,1.17,41.3,medium,"All banking book exposures across DE, FR, IT, NL, ES",2024,NGFS v4 Delayed Transition (disorderly) scenario applied to capture abrupt policy shift risk post-2030. Short-term physical risk assumed at RCP 2.6 level; transition risk shock applied as a step-change in carbon price in 2030. Particularly material for high-carbon sector exposures with medium-term loan maturities.,True
SCN0030,Delayed Transition,disorderly,BANK02,NGFS_v4,1.8,long_term,2050,63.9,16.7,17.6,"Under disorderly transition scenarios, near-term resilience is acceptable but medium-term capital consumption from stranded asset impairments is material. The bank's current sector exposure limits and active portfolio decarbonisation glide-path monitoring are the primary resilience mechanisms. Additional capital buffers may be required post-2030 under the most adverse disorderly assumptions.",5.2,150.47,False,960.6,1.07,50.5,medium,"All banking book exposures across DE, FR, IT, NL, ES",2024,NGFS v4 Delayed Transition (disorderly) scenario applied to capture abrupt policy shift risk post-2030. Short-term physical risk assumed at RCP 2.6 level; transition risk shock applied as a step-change in carbon price in 2030. Particularly material for high-carbon sector exposures with medium-term loan maturities.,True
SCN0031,Nationally Determined Contributions,hot_house,BANK02,NGFS_v4,2.5,short_term,2025,11.2,17.9,4.4,"Under hot house world scenarios, physical risk losses represent the dominant long-term resilience challenge. Collateral revaluation risk in flood-exposed mortgage books and agricultural borrower default risk from chronic heat stress are identified as the primary transmission channels. The bank's flood-zone overlay and EPC-based collateral monitoring are resilience mechanisms deployed for the 2050 horizon.",8.4,243.07,False,1551.7,1.07,21.8,low,"All banking book exposures across DE, FR, IT, NL, ES",2024,NGFS v4 NDC scenario represents delayed but eventually strengthened policy action. Carbon pricing ramp-up assumed from 2030 onward based on Paris Agreement NDC submission trajectories. Revenue-at-risk computed from sector revenue sensitivity to carbon price at EUR/tCO2e levels specified in the scenario.,True
SCN0032,Nationally Determined Contributions,hot_house,BANK02,NGFS_v4,2.5,medium_term,2030,7.3,21.1,3.4,"Under hot house world scenarios, physical risk losses represent the dominant long-term resilience challenge. Collateral revaluation risk in flood-exposed mortgage books and agricultural borrower default risk from chronic heat stress are identified as the primary transmission channels. The bank's flood-zone overlay and EPC-based collateral monitoring are resilience mechanisms deployed for the 2050 horizon.",5.9,170.73,False,1089.9,1.19,22.7,low,"All banking book exposures across DE, FR, IT, NL, ES",2024,NGFS v4 NDC scenario represents delayed but eventually strengthened policy action. Carbon pricing ramp-up assumed from 2030 onward based on Paris Agreement NDC submission trajectories. Revenue-at-risk computed from sector revenue sensitivity to carbon price at EUR/tCO2e levels specified in the scenario.,True
SCN0033,Nationally Determined Contributions,hot_house,BANK02,NGFS_v4,2.5,long_term,2050,9.3,28.5,3.4,"Under hot house world scenarios, physical risk losses represent the dominant long-term resilience challenge. Collateral revaluation risk in flood-exposed mortgage books and agricultural borrower default risk from chronic heat stress are identified as the primary transmission channels. The bank's flood-zone overlay and EPC-based collateral monitoring are resilience mechanisms deployed for the 2050 horizon.",19.8,572.95,False,3657.7,1.02,24.9,low,"All banking book exposures across DE, FR, IT, NL, ES",2024,NGFS v4 NDC scenario represents delayed but eventually strengthened policy action. Carbon pricing ramp-up assumed from 2030 onward based on Paris Agreement NDC submission trajectories. Revenue-at-risk computed from sector revenue sensitivity to carbon price at EUR/tCO2e levels specified in the scenario.,True
SCN0034,Current Policies,hot_house,BANK02,NGFS_v4,3.0,short_term,2025,10.4,17.9,5.0,"Under hot house world scenarios, physical risk losses represent the dominant long-term resilience challenge. Collateral revaluation risk in flood-exposed mortgage books and agricultural borrower default risk from chronic heat stress are identified as the primary transmission channels. The bank's flood-zone overlay and EPC-based collateral monitoring are resilience mechanisms deployed for the 2050 horizon.",17.7,512.18,False,3269.7,1.12,23.4,low,"All banking book exposures across DE, FR, IT, NL, ES",2024,"NGFS v4 Current Policies (hot house world) scenario used as the adverse baseline. Physical risk parameters sourced from NGFS chronic and acute hazard layers, downscaled to counterparty postcode and collateral location. RCP 8.5 physical risk projections used for 2050 horizon analysis.",True
SCN0035,Current Policies,hot_house,BANK02,NGFS_v4,3.0,medium_term,2030,9.8,20.2,4.5,"Under hot house world scenarios, physical risk losses represent the dominant long-term resilience challenge. Collateral revaluation risk in flood-exposed mortgage books and agricultural borrower default risk from chronic heat stress are identified as the primary transmission channels. The bank's flood-zone overlay and EPC-based collateral monitoring are resilience mechanisms deployed for the 2050 horizon.",34.3,992.54,False,5541.93,0.56,15.1,low,"All banking book exposures across DE, FR, IT, NL, ES",2024,"NGFS v4 Current Policies (hot house world) scenario used as the adverse baseline. Physical risk parameters sourced from NGFS chronic and acute hazard layers, downscaled to counterparty postcode and collateral location. RCP 8.5 physical risk projections used for 2050 horizon analysis.",True
SCN0036,Current Policies,hot_house,BANK02,NGFS_v4,3.0,long_term,2050,7.3,29.5,4.7,"Under hot house world scenarios, physical risk losses represent the dominant long-term resilience challenge. Collateral revaluation risk in flood-exposed mortgage books and agricultural borrower default risk from chronic heat stress are identified as the primary transmission channels. The bank's flood-zone overlay and EPC-based collateral monitoring are resilience mechanisms deployed for the 2050 horizon.",15.5,448.52,False,2863.3,0.77,36.2,low,"All banking book exposures across DE, FR, IT, NL, ES",2024,"NGFS v4 Current Policies (hot house world) scenario used as the adverse baseline. Physical risk parameters sourced from NGFS chronic and acute hazard layers, downscaled to counterparty postcode and collateral location. RCP 8.5 physical risk projections used for 2050 horizon analysis.",True
SCN0037,Net Zero 2050,orderly,BANK03,NGFS_v4,1.5,short_term,2025,105.9,4.5,15.1,"Under orderly transition scenarios, the portfolio demonstrates adequate resilience. Transition risk losses remain within Pillar 2 capital buffer thresholds. Green loan growth and client engagement on transition plans are expected to progressively reduce high-carbon sector concentration over the medium term.",17.4,119.29,True,534.0,2.19,66.4,high,"All banking book exposures across DE, FR, IT, NL, ES",2024,"NGFS v4 Net Zero 2050 scenario applied to the banking book using a top-down sector-pathway approach. Carbon price assumptions from IEA NZE 2050 trajectory mapped to counterparty NACE sectors. Stranded asset estimates derived from sector-level fossil fuel capex exposure. Analysis scope covers all lending book exposures across DE, FR, IT, NL, ES jurisdictions.",True
SCN0038,Net Zero 2050,orderly,BANK03,NGFS_v4,1.5,medium_term,2030,97.3,5.3,10.6,"Under orderly transition scenarios, the portfolio demonstrates adequate resilience. Transition risk losses remain within Pillar 2 capital buffer thresholds. Green loan growth and client engagement on transition plans are expected to progressively reduce high-carbon sector concentration over the medium term.",23.0,157.68,True,705.9,2.18,62.4,high,"All banking book exposures across DE, FR, IT, NL, ES",2024,"NGFS v4 Net Zero 2050 scenario applied to the banking book using a top-down sector-pathway approach. Carbon price assumptions from IEA NZE 2050 trajectory mapped to counterparty NACE sectors. Stranded asset estimates derived from sector-level fossil fuel capex exposure. Analysis scope covers all lending book exposures across DE, FR, IT, NL, ES jurisdictions.",True
SCN0039,Net Zero 2050,orderly,BANK03,NGFS_v4,1.5,long_term,2050,237.2,9.3,10.8,"Under orderly transition scenarios, the portfolio demonstrates adequate resilience. Transition risk losses remain within Pillar 2 capital buffer thresholds. Green loan growth and client engagement on transition plans are expected to progressively reduce high-carbon sector concentration over the medium term.",21.0,143.97,True,644.5,2.49,93.9,high,"All banking book exposures across DE, FR, IT, NL, ES",2024,"NGFS v4 Net Zero 2050 scenario applied to the banking book using a top-down sector-pathway approach. Carbon price assumptions from IEA NZE 2050 trajectory mapped to counterparty NACE sectors. Stranded asset estimates derived from sector-level fossil fuel capex exposure. Analysis scope covers all lending book exposures across DE, FR, IT, NL, ES jurisdictions.",True
SCN0040,Below 2°C,orderly,BANK03,NGFS_v4,1.8,short_term,2025,91.4,5.9,9.9,"Under orderly transition scenarios, the portfolio demonstrates adequate resilience. Transition risk losses remain within Pillar 2 capital buffer thresholds. Green loan growth and client engagement on transition plans are expected to progressively reduce high-carbon sector concentration over the medium term.",6.6,45.25,False,202.6,2.45,66.9,high,"All banking book exposures across DE, FR, IT, NL, ES",2024,NGFS v4 Below 2°C (orderly) scenario applied using NGFS IAM outputs aligned to a 1.8°C median temperature pathway. Carbon price trajectory from REMIND-MAgPIE model. Financial impact assessed through loan-level probability of default sensitivity to carbon cost pass-through by sector carbon intensity tier.,True
SCN0041,Below 2°C,orderly,BANK03,NGFS_v4,1.8,medium_term,2030,99.8,5.5,11.3,"Under orderly transition scenarios, the portfolio demonstrates adequate resilience. Transition risk losses remain within Pillar 2 capital buffer thresholds. Green loan growth and client engagement on transition plans are expected to progressively reduce high-carbon sector concentration over the medium term.",15.3,104.89,False,469.6,2.39,49.0,high,"All banking book exposures across DE, FR, IT, NL, ES",2024,NGFS v4 Below 2°C (orderly) scenario applied using NGFS IAM outputs aligned to a 1.8°C median temperature pathway. Carbon price trajectory from REMIND-MAgPIE model. Financial impact assessed through loan-level probability of default sensitivity to carbon cost pass-through by sector carbon intensity tier.,True
SCN0042,Below 2°C,orderly,BANK03,NGFS_v4,1.8,long_term,2050,323.2,9.6,13.7,"Under orderly transition scenarios, the portfolio demonstrates adequate resilience. Transition risk losses remain within Pillar 2 capital buffer thresholds. Green loan growth and client engagement on transition plans are expected to progressively reduce high-carbon sector concentration over the medium term.",15.9,109.0,False,488.0,2.48,91.3,high,"All banking book exposures across DE, FR, IT, NL, ES",2024,NGFS v4 Below 2°C (orderly) scenario applied using NGFS IAM outputs aligned to a 1.8°C median temperature pathway. Carbon price trajectory from REMIND-MAgPIE model. Financial impact assessed through loan-level probability of default sensitivity to carbon cost pass-through by sector carbon intensity tier.,True
SCN0043,Divergent Net Zero,disorderly,BANK03,NGFS_v4,1.5,short_term,2025,51.6,6.7,15.6,"Under disorderly transition scenarios, near-term resilience is acceptable but medium-term capital consumption from stranded asset impairments is material. The bank's current sector exposure limits and active portfolio decarbonisation glide-path monitoring are the primary resilience mechanisms. Additional capital buffers may be required post-2030 under the most adverse disorderly assumptions.",32.5,222.8,False,920.73,1.34,54.7,medium,"All banking book exposures across DE, FR, IT, NL, ES",2024,NGFS v4 Divergent Net Zero scenario used to capture technology pathway uncertainty. High renewable share but with divergent sectoral transition speeds across jurisdictions. Carbon price assumptions vary by country based on national ETS and carbon tax trajectories. Used primarily to stress-test technology transition risk in the automotive and energy manufacturing lending sub-portfolio.,True
SCN0044,Divergent Net Zero,disorderly,BANK03,NGFS_v4,1.5,medium_term,2030,62.7,8.6,22.5,"Under disorderly transition scenarios, near-term resilience is acceptable but medium-term capital consumption from stranded asset impairments is material. The bank's current sector exposure limits and active portfolio decarbonisation glide-path monitoring are the primary resilience mechanisms. Additional capital buffers may be required post-2030 under the most adverse disorderly assumptions.",12.7,87.06,False,389.8,1.32,49.4,medium,"All banking book exposures across DE, FR, IT, NL, ES",2024,NGFS v4 Divergent Net Zero scenario used to capture technology pathway uncertainty. High renewable share but with divergent sectoral transition speeds across jurisdictions. Carbon price assumptions vary by country based on national ETS and carbon tax trajectories. Used primarily to stress-test technology transition risk in the automotive and energy manufacturing lending sub-portfolio.,True
SCN0045,Divergent Net Zero,disorderly,BANK03,NGFS_v4,1.5,long_term,2050,76.4,15.9,18.9,"Under disorderly transition scenarios, near-term resilience is acceptable but medium-term capital consumption from stranded asset impairments is material. The bank's current sector exposure limits and active portfolio decarbonisation glide-path monitoring are the primary resilience mechanisms. Additional capital buffers may be required post-2030 under the most adverse disorderly assumptions.",16.5,113.12,False,506.4,1.16,59.3,medium,"All banking book exposures across DE, FR, IT, NL, ES",2024,NGFS v4 Divergent Net Zero scenario used to capture technology pathway uncertainty. High renewable share but with divergent sectoral transition speeds across jurisdictions. Carbon price assumptions vary by country based on national ETS and carbon tax trajectories. Used primarily to stress-test technology transition risk in the automotive and energy manufacturing lending sub-portfolio.,True
SCN0046,Delayed Transition,disorderly,BANK03,NGFS_v4,1.8,short_term,2025,58.1,8.9,18.1,"Under disorderly transition scenarios, near-term resilience is acceptable but medium-term capital consumption from stranded asset impairments is material. The bank's current sector exposure limits and active portfolio decarbonisation glide-path monitoring are the primary resilience mechanisms. Additional capital buffers may be required post-2030 under the most adverse disorderly assumptions.",9.5,65.13,False,291.6,1.23,45.8,medium,"All banking book exposures across DE, FR, IT, NL, ES",2024,NGFS v4 Delayed Transition (disorderly) scenario applied to capture abrupt policy shift risk post-2030. Short-term physical risk assumed at RCP 2.6 level; transition risk shock applied as a step-change in carbon price in 2030. Particularly material for high-carbon sector exposures with medium-term loan maturities.,True
SCN0047,Delayed Transition,disorderly,BANK03,NGFS_v4,1.8,medium_term,2030,67.6,10.9,13.7,"Under disorderly transition scenarios, near-term resilience is acceptable but medium-term capital consumption from stranded asset impairments is material. The bank's current sector exposure limits and active portfolio decarbonisation glide-path monitoring are the primary resilience mechanisms. Additional capital buffers may be required post-2030 under the most adverse disorderly assumptions.",13.6,93.23,False,417.4,1.09,44.1,medium,"All banking book exposures across DE, FR, IT, NL, ES",2024,NGFS v4 Delayed Transition (disorderly) scenario applied to capture abrupt policy shift risk post-2030. Short-term physical risk assumed at RCP 2.6 level; transition risk shock applied as a step-change in carbon price in 2030. Particularly material for high-carbon sector exposures with medium-term loan maturities.,True
SCN0048,Delayed Transition,disorderly,BANK03,NGFS_v4,1.8,long_term,2050,55.2,18.7,22.9,"Under disorderly transition scenarios, near-term resilience is acceptable but medium-term capital consumption from stranded asset impairments is material. The bank's current sector exposure limits and active portfolio decarbonisation glide-path monitoring are the primary resilience mechanisms. Additional capital buffers may be required post-2030 under the most adverse disorderly assumptions.",27.6,189.21,False,847.1,1.1,60.9,medium,"All banking book exposures across DE, FR, IT, NL, ES",2024,NGFS v4 Delayed Transition (disorderly) scenario applied to capture abrupt policy shift risk post-2030. Short-term physical risk assumed at RCP 2.6 level; transition risk shock applied as a step-change in carbon price in 2030. Particularly material for high-carbon sector exposures with medium-term loan maturities.,True
SCN0049,Nationally Determined Contributions,hot_house,BANK03,NGFS_v4,2.5,short_term,2025,2.9,15.9,4.3,"Under hot house world scenarios, physical risk losses represent the dominant long-term resilience challenge. Collateral revaluation risk in flood-exposed mortgage books and agricultural borrower default risk from chronic heat stress are identified as the primary transmission channels. The bank's flood-zone overlay and EPC-based collateral monitoring are resilience mechanisms deployed for the 2050 horizon.",20.6,141.22,False,632.2,0.81,18.5,low,"All banking book exposures across DE, FR, IT, NL, ES",2024,NGFS v4 NDC scenario represents delayed but eventually strengthened policy action. Carbon pricing ramp-up assumed from 2030 onward based on Paris Agreement NDC submission trajectories. Revenue-at-risk computed from sector revenue sensitivity to carbon price at EUR/tCO2e levels specified in the scenario.,True
SCN0050,Nationally Determined Contributions,hot_house,BANK03,NGFS_v4,2.5,medium_term,2030,19.2,19.9,3.0,"Under hot house world scenarios, physical risk losses represent the dominant long-term resilience challenge. Collateral revaluation risk in flood-exposed mortgage books and agricultural borrower default risk from chronic heat stress are identified as the primary transmission channels. The bank's flood-zone overlay and EPC-based collateral monitoring are resilience mechanisms deployed for the 2050 horizon.",16.7,114.49,False,512.5,0.54,26.8,low,"All banking book exposures across DE, FR, IT, NL, ES",2024,NGFS v4 NDC scenario represents delayed but eventually strengthened policy action. Carbon pricing ramp-up assumed from 2030 onward based on Paris Agreement NDC submission trajectories. Revenue-at-risk computed from sector revenue sensitivity to carbon price at EUR/tCO2e levels specified in the scenario.,True
SCN0051,Nationally Determined Contributions,hot_house,BANK03,NGFS_v4,2.5,long_term,2050,15.8,29.1,4.5,"Under hot house world scenarios, physical risk losses represent the dominant long-term resilience challenge. Collateral revaluation risk in flood-exposed mortgage books and agricultural borrower default risk from chronic heat stress are identified as the primary transmission channels. The bank's flood-zone overlay and EPC-based collateral monitoring are resilience mechanisms deployed for the 2050 horizon.",31.6,216.63,False,920.73,1.08,32.8,low,"All banking book exposures across DE, FR, IT, NL, ES",2024,NGFS v4 NDC scenario represents delayed but eventually strengthened policy action. Carbon pricing ramp-up assumed from 2030 onward based on Paris Agreement NDC submission trajectories. Revenue-at-risk computed from sector revenue sensitivity to carbon price at EUR/tCO2e levels specified in the scenario.,True
SCN0052,Current Policies,hot_house,BANK03,NGFS_v4,3.0,short_term,2025,7.7,16.9,4.1,"Under hot house world scenarios, physical risk losses represent the dominant long-term resilience challenge. Collateral revaluation risk in flood-exposed mortgage books and agricultural borrower default risk from chronic heat stress are identified as the primary transmission channels. The bank's flood-zone overlay and EPC-based collateral monitoring are resilience mechanisms deployed for the 2050 horizon.",18.1,124.08,False,555.5,1.08,17.2,low,"All banking book exposures across DE, FR, IT, NL, ES",2024,"NGFS v4 Current Policies (hot house world) scenario used as the adverse baseline. Physical risk parameters sourced from NGFS chronic and acute hazard layers, downscaled to counterparty postcode and collateral location. RCP 8.5 physical risk projections used for 2050 horizon analysis.",True
SCN0053,Current Policies,hot_house,BANK03,NGFS_v4,3.0,medium_term,2030,12.4,17.6,3.1,"Under hot house world scenarios, physical risk losses represent the dominant long-term resilience challenge. Collateral revaluation risk in flood-exposed mortgage books and agricultural borrower default risk from chronic heat stress are identified as the primary transmission channels. The bank's flood-zone overlay and EPC-based collateral monitoring are resilience mechanisms deployed for the 2050 horizon.",18.7,128.2,False,573.9,0.69,25.5,low,"All banking book exposures across DE, FR, IT, NL, ES",2024,"NGFS v4 Current Policies (hot house world) scenario used as the adverse baseline. Physical risk parameters sourced from NGFS chronic and acute hazard layers, downscaled to counterparty postcode and collateral location. RCP 8.5 physical risk projections used for 2050 horizon analysis.",True
SCN0054,Current Policies,hot_house,BANK03,NGFS_v4,3.0,long_term,2050,8.4,35.7,3.8,"Under hot house world scenarios, physical risk losses represent the dominant long-term resilience challenge. Collateral revaluation risk in flood-exposed mortgage books and agricultural borrower default risk from chronic heat stress are identified as the primary transmission channels. The bank's flood-zone overlay and EPC-based collateral monitoring are resilience mechanisms deployed for the 2050 horizon.",12.6,86.38,False,386.7,0.87,20.5,low,"All banking book exposures across DE, FR, IT, NL, ES",2024,"NGFS v4 Current Policies (hot house world) scenario used as the adverse baseline. Physical risk parameters sourced from NGFS chronic and acute hazard layers, downscaled to counterparty postcode and collateral location. RCP 8.5 physical risk projections used for 2050 horizon analysis.",True
SCN0055,Net Zero 2050,orderly,BANK04,NGFS_v4,1.5,short_term,2025,87.0,5.3,15.5,"Under orderly transition scenarios, the portfolio demonstrates adequate resilience. Transition risk losses remain within Pillar 2 capital buffer thresholds. Green loan growth and client engagement on transition plans are expected to progressively reduce high-carbon sector concentration over the medium term.",16.8,0.0,True,96.1,2.44,64.3,high,"All banking book exposures across DE, FR, IT, NL, ES",2024,"NGFS v4 Net Zero 2050 scenario applied to the banking book using a top-down sector-pathway approach. Carbon price assumptions from IEA NZE 2050 trajectory mapped to counterparty NACE sectors. Stranded asset estimates derived from sector-level fossil fuel capex exposure. Analysis scope covers all lending book exposures across DE, FR, IT, NL, ES jurisdictions.",True
SCN0056,Net Zero 2050,orderly,BANK04,NGFS_v4,1.5,medium_term,2030,89.1,7.1,13.2,"Under orderly transition scenarios, the portfolio demonstrates adequate resilience. Transition risk losses remain within Pillar 2 capital buffer thresholds. Green loan growth and client engagement on transition plans are expected to progressively reduce high-carbon sector concentration over the medium term.",20.1,0.0,True,114.9,2.06,45.7,high,"All banking book exposures across DE, FR, IT, NL, ES",2024,"NGFS v4 Net Zero 2050 scenario applied to the banking book using a top-down sector-pathway approach. Carbon price assumptions from IEA NZE 2050 trajectory mapped to counterparty NACE sectors. Stranded asset estimates derived from sector-level fossil fuel capex exposure. Analysis scope covers all lending book exposures across DE, FR, IT, NL, ES jurisdictions.",True
SCN0057,Net Zero 2050,orderly,BANK04,NGFS_v4,1.5,long_term,2050,319.4,10.7,13.5,"Under orderly transition scenarios, the portfolio demonstrates adequate resilience. Transition risk losses remain within Pillar 2 capital buffer thresholds. Green loan growth and client engagement on transition plans are expected to progressively reduce high-carbon sector concentration over the medium term.",15.3,0.0,True,87.5,2.04,93.3,high,"All banking book exposures across DE, FR, IT, NL, ES",2024,"NGFS v4 Net Zero 2050 scenario applied to the banking book using a top-down sector-pathway approach. Carbon price assumptions from IEA NZE 2050 trajectory mapped to counterparty NACE sectors. Stranded asset estimates derived from sector-level fossil fuel capex exposure. Analysis scope covers all lending book exposures across DE, FR, IT, NL, ES jurisdictions.",True
SCN0058,Below 2°C,orderly,BANK04,NGFS_v4,1.8,short_term,2025,116.4,5.1,11.7,"Under orderly transition scenarios, the portfolio demonstrates adequate resilience. Transition risk losses remain within Pillar 2 capital buffer thresholds. Green loan growth and client engagement on transition plans are expected to progressively reduce high-carbon sector concentration over the medium term.",33.6,0.0,False,171.54,2.18,67.4,high,"All banking book exposures across DE, FR, IT, NL, ES",2024,NGFS v4 Below 2°C (orderly) scenario applied using NGFS IAM outputs aligned to a 1.8°C median temperature pathway. Carbon price trajectory from REMIND-MAgPIE model. Financial impact assessed through loan-level probability of default sensitivity to carbon cost pass-through by sector carbon intensity tier.,True
SCN0059,Below 2°C,orderly,BANK04,NGFS_v4,1.8,medium_term,2030,114.7,6.6,9.0,"Under orderly transition scenarios, the portfolio demonstrates adequate resilience. Transition risk losses remain within Pillar 2 capital buffer thresholds. Green loan growth and client engagement on transition plans are expected to progressively reduce high-carbon sector concentration over the medium term.",6.9,0.0,False,39.5,2.04,53.7,high,"All banking book exposures across DE, FR, IT, NL, ES",2024,NGFS v4 Below 2°C (orderly) scenario applied using NGFS IAM outputs aligned to a 1.8°C median temperature pathway. Carbon price trajectory from REMIND-MAgPIE model. Financial impact assessed through loan-level probability of default sensitivity to carbon cost pass-through by sector carbon intensity tier.,True
SCN0060,Below 2°C,orderly,BANK04,NGFS_v4,1.8,long_term,2050,271.8,11.0,12.6,"Under orderly transition scenarios, the portfolio demonstrates adequate resilience. Transition risk losses remain within Pillar 2 capital buffer thresholds. Green loan growth and client engagement on transition plans are expected to progressively reduce high-carbon sector concentration over the medium term.",26.5,0.0,False,151.5,2.42,84.4,high,"All banking book exposures across DE, FR, IT, NL, ES",2024,NGFS v4 Below 2°C (orderly) scenario applied using NGFS IAM outputs aligned to a 1.8°C median temperature pathway. Carbon price trajectory from REMIND-MAgPIE model. Financial impact assessed through loan-level probability of default sensitivity to carbon cost pass-through by sector carbon intensity tier.,True
SCN0061,Divergent Net Zero,disorderly,BANK04,NGFS_v4,1.5,short_term,2025,64.4,8.1,16.0,"Under disorderly transition scenarios, near-term resilience is acceptable but medium-term capital consumption from stranded asset impairments is material. The bank's current sector exposure limits and active portfolio decarbonisation glide-path monitoring are the primary resilience mechanisms. Additional capital buffers may be required post-2030 under the most adverse disorderly assumptions.",28.7,0.0,False,164.1,1.34,40.8,medium,"All banking book exposures across DE, FR, IT, NL, ES",2024,NGFS v4 Divergent Net Zero scenario used to capture technology pathway uncertainty. High renewable share but with divergent sectoral transition speeds across jurisdictions. Carbon price assumptions vary by country based on national ETS and carbon tax trajectories. Used primarily to stress-test technology transition risk in the automotive and energy manufacturing lending sub-portfolio.,True
SCN0062,Divergent Net Zero,disorderly,BANK04,NGFS_v4,1.5,medium_term,2030,74.2,11.2,15.7,"Under disorderly transition scenarios, near-term resilience is acceptable but medium-term capital consumption from stranded asset impairments is material. The bank's current sector exposure limits and active portfolio decarbonisation glide-path monitoring are the primary resilience mechanisms. Additional capital buffers may be required post-2030 under the most adverse disorderly assumptions.",16.7,0.0,False,95.5,1.33,54.8,medium,"All banking book exposures across DE, FR, IT, NL, ES",2024,NGFS v4 Divergent Net Zero scenario used to capture technology pathway uncertainty. High renewable share but with divergent sectoral transition speeds across jurisdictions. Carbon price assumptions vary by country based on national ETS and carbon tax trajectories. Used primarily to stress-test technology transition risk in the automotive and energy manufacturing lending sub-portfolio.,True
SCN0063,Divergent Net Zero,disorderly,BANK04,NGFS_v4,1.5,long_term,2050,57.3,13.7,17.4,"Under disorderly transition scenarios, near-term resilience is acceptable but medium-term capital consumption from stranded asset impairments is material. The bank's current sector exposure limits and active portfolio decarbonisation glide-path monitoring are the primary resilience mechanisms. Additional capital buffers may be required post-2030 under the most adverse disorderly assumptions.",5.9,0.0,False,33.7,1.71,60.4,medium,"All banking book exposures across DE, FR, IT, NL, ES",2024,NGFS v4 Divergent Net Zero scenario used to capture technology pathway uncertainty. High renewable share but with divergent sectoral transition speeds across jurisdictions. Carbon price assumptions vary by country based on national ETS and carbon tax trajectories. Used primarily to stress-test technology transition risk in the automotive and energy manufacturing lending sub-portfolio.,True
SCN0064,Delayed Transition,disorderly,BANK04,NGFS_v4,1.8,short_term,2025,59.3,9.6,21.6,"Under disorderly transition scenarios, near-term resilience is acceptable but medium-term capital consumption from stranded asset impairments is material. The bank's current sector exposure limits and active portfolio decarbonisation glide-path monitoring are the primary resilience mechanisms. Additional capital buffers may be required post-2030 under the most adverse disorderly assumptions.",20.7,0.0,False,118.4,1.06,47.9,medium,"All banking book exposures across DE, FR, IT, NL, ES",2024,NGFS v4 Delayed Transition (disorderly) scenario applied to capture abrupt policy shift risk post-2030. Short-term physical risk assumed at RCP 2.6 level; transition risk shock applied as a step-change in carbon price in 2030. Particularly material for high-carbon sector exposures with medium-term loan maturities.,True
SCN0065,Delayed Transition,disorderly,BANK04,NGFS_v4,1.8,medium_term,2030,57.7,10.9,21.3,"Under disorderly transition scenarios, near-term resilience is acceptable but medium-term capital consumption from stranded asset impairments is material. The bank's current sector exposure limits and active portfolio decarbonisation glide-path monitoring are the primary resilience mechanisms. Additional capital buffers may be required post-2030 under the most adverse disorderly assumptions.",22.0,0.0,False,125.8,1.3,40.8,medium,"All banking book exposures across DE, FR, IT, NL, ES",2024,NGFS v4 Delayed Transition (disorderly) scenario applied to capture abrupt policy shift risk post-2030. Short-term physical risk assumed at RCP 2.6 level; transition risk shock applied as a step-change in carbon price in 2030. Particularly material for high-carbon sector exposures with medium-term loan maturities.,True
SCN0066,Delayed Transition,disorderly,BANK04,NGFS_v4,1.8,long_term,2050,69.6,14.2,17.6,"Under disorderly transition scenarios, near-term resilience is acceptable but medium-term capital consumption from stranded asset impairments is material. The bank's current sector exposure limits and active portfolio decarbonisation glide-path monitoring are the primary resilience mechanisms. Additional capital buffers may be required post-2030 under the most adverse disorderly assumptions.",21.8,0.0,False,124.7,1.03,58.8,medium,"All banking book exposures across DE, FR, IT, NL, ES",2024,NGFS v4 Delayed Transition (disorderly) scenario applied to capture abrupt policy shift risk post-2030. Short-term physical risk assumed at RCP 2.6 level; transition risk shock applied as a step-change in carbon price in 2030. Particularly material for high-carbon sector exposures with medium-term loan maturities.,True
SCN0067,Nationally Determined Contributions,hot_house,BANK04,NGFS_v4,2.5,short_term,2025,8.2,13.4,3.9,"Under hot house world scenarios, physical risk losses represent the dominant long-term resilience challenge. Collateral revaluation risk in flood-exposed mortgage books and agricultural borrower default risk from chronic heat stress are identified as the primary transmission channels. The bank's flood-zone overlay and EPC-based collateral monitoring are resilience mechanisms deployed for the 2050 horizon.",13.3,0.0,False,76.0,0.93,20.5,low,"All banking book exposures across DE, FR, IT, NL, ES",2024,NGFS v4 NDC scenario represents delayed but eventually strengthened policy action. Carbon pricing ramp-up assumed from 2030 onward based on Paris Agreement NDC submission trajectories. Revenue-at-risk computed from sector revenue sensitivity to carbon price at EUR/tCO2e levels specified in the scenario.,True
SCN0068,Nationally Determined Contributions,hot_house,BANK04,NGFS_v4,2.5,medium_term,2030,17.1,18.4,5.2,"Under hot house world scenarios, physical risk losses represent the dominant long-term resilience challenge. Collateral revaluation risk in flood-exposed mortgage books and agricultural borrower default risk from chronic heat stress are identified as the primary transmission channels. The bank's flood-zone overlay and EPC-based collateral monitoring are resilience mechanisms deployed for the 2050 horizon.",6.1,0.0,False,34.9,0.99,27.1,low,"All banking book exposures across DE, FR, IT, NL, ES",2024,NGFS v4 NDC scenario represents delayed but eventually strengthened policy action. Carbon pricing ramp-up assumed from 2030 onward based on Paris Agreement NDC submission trajectories. Revenue-at-risk computed from sector revenue sensitivity to carbon price at EUR/tCO2e levels specified in the scenario.,True
SCN0069,Nationally Determined Contributions,hot_house,BANK04,NGFS_v4,2.5,long_term,2050,9.9,34.4,5.0,"Under hot house world scenarios, physical risk losses represent the dominant long-term resilience challenge. Collateral revaluation risk in flood-exposed mortgage books and agricultural borrower default risk from chronic heat stress are identified as the primary transmission channels. The bank's flood-zone overlay and EPC-based collateral monitoring are resilience mechanisms deployed for the 2050 horizon.",12.7,0.0,False,72.6,1.04,34.0,low,"All banking book exposures across DE, FR, IT, NL, ES",2024,NGFS v4 NDC scenario represents delayed but eventually strengthened policy action. Carbon pricing ramp-up assumed from 2030 onward based on Paris Agreement NDC submission trajectories. Revenue-at-risk computed from sector revenue sensitivity to carbon price at EUR/tCO2e levels specified in the scenario.,True
SCN0070,Current Policies,hot_house,BANK04,NGFS_v4,3.0,short_term,2025,4.4,16.5,4.9,"Under hot house world scenarios, physical risk losses represent the dominant long-term resilience challenge. Collateral revaluation risk in flood-exposed mortgage books and agricultural borrower default risk from chronic heat stress are identified as the primary transmission channels. The bank's flood-zone overlay and EPC-based collateral monitoring are resilience mechanisms deployed for the 2050 horizon.",33.9,0.0,False,171.54,1.07,25.1,low,"All banking book exposures across DE, FR, IT, NL, ES",2024,"NGFS v4 Current Policies (hot house world) scenario used as the adverse baseline. Physical risk parameters sourced from NGFS chronic and acute hazard layers, downscaled to counterparty postcode and collateral location. RCP 8.5 physical risk projections used for 2050 horizon analysis.",True
SCN0071,Current Policies,hot_house,BANK04,NGFS_v4,3.0,medium_term,2030,19.1,17.0,4.4,"Under hot house world scenarios, physical risk losses represent the dominant long-term resilience challenge. Collateral revaluation risk in flood-exposed mortgage books and agricultural borrower default risk from chronic heat stress are identified as the primary transmission channels. The bank's flood-zone overlay and EPC-based collateral monitoring are resilience mechanisms deployed for the 2050 horizon.",22.1,0.0,False,126.4,0.54,15.4,low,"All banking book exposures across DE, FR, IT, NL, ES",2024,"NGFS v4 Current Policies (hot house world) scenario used as the adverse baseline. Physical risk parameters sourced from NGFS chronic and acute hazard layers, downscaled to counterparty postcode and collateral location. RCP 8.5 physical risk projections used for 2050 horizon analysis.",True
SCN0072,Current Policies,hot_house,BANK04,NGFS_v4,3.0,long_term,2050,18.3,35.5,3.9,"Under hot house world scenarios, physical risk losses represent the dominant long-term resilience challenge. Collateral revaluation risk in flood-exposed mortgage books and agricultural borrower default risk from chronic heat stress are identified as the primary transmission channels. The bank's flood-zone overlay and EPC-based collateral monitoring are resilience mechanisms deployed for the 2050 horizon.",10.4,0.0,False,59.5,1.04,24.3,low,"All banking book exposures across DE, FR, IT, NL, ES",2024,"NGFS v4 Current Policies (hot house world) scenario used as the adverse baseline. Physical risk parameters sourced from NGFS chronic and acute hazard layers, downscaled to counterparty postcode and collateral location. RCP 8.5 physical risk projections used for 2050 horizon analysis.",True
SCN0073,Net Zero 2050,orderly,BANK05,NGFS_v4,1.5,short_term,2025,86.5,4.5,13.1,"Under orderly transition scenarios, the portfolio demonstrates adequate resilience. Transition risk losses remain within Pillar 2 capital buffer thresholds. Green loan growth and client engagement on transition plans are expected to progressively reduce high-carbon sector concentration over the medium term.",6.6,93.32,True,130.7,2.14,50.5,high,"All banking book exposures across DE, FR, IT, NL, ES",2024,"NGFS v4 Net Zero 2050 scenario applied to the banking book using a top-down sector-pathway approach. Carbon price assumptions from IEA NZE 2050 trajectory mapped to counterparty NACE sectors. Stranded asset estimates derived from sector-level fossil fuel capex exposure. Analysis scope covers all lending book exposures across DE, FR, IT, NL, ES jurisdictions.",True
SCN0074,Net Zero 2050,orderly,BANK05,NGFS_v4,1.5,medium_term,2030,89.1,6.1,11.5,"Under orderly transition scenarios, the portfolio demonstrates adequate resilience. Transition risk losses remain within Pillar 2 capital buffer thresholds. Green loan growth and client engagement on transition plans are expected to progressively reduce high-carbon sector concentration over the medium term.",30.2,427.02,True,594.12,2.35,56.5,high,"All banking book exposures across DE, FR, IT, NL, ES",2024,"NGFS v4 Net Zero 2050 scenario applied to the banking book using a top-down sector-pathway approach. Carbon price assumptions from IEA NZE 2050 trajectory mapped to counterparty NACE sectors. Stranded asset estimates derived from sector-level fossil fuel capex exposure. Analysis scope covers all lending book exposures across DE, FR, IT, NL, ES jurisdictions.",True
SCN0075,Net Zero 2050,orderly,BANK05,NGFS_v4,1.5,long_term,2050,338.8,10.7,9.3,"Under orderly transition scenarios, the portfolio demonstrates adequate resilience. Transition risk losses remain within Pillar 2 capital buffer thresholds. Green loan growth and client engagement on transition plans are expected to progressively reduce high-carbon sector concentration over the medium term.",22.3,315.31,True,441.6,2.21,85.4,high,"All banking book exposures across DE, FR, IT, NL, ES",2024,"NGFS v4 Net Zero 2050 scenario applied to the banking book using a top-down sector-pathway approach. Carbon price assumptions from IEA NZE 2050 trajectory mapped to counterparty NACE sectors. Stranded asset estimates derived from sector-level fossil fuel capex exposure. Analysis scope covers all lending book exposures across DE, FR, IT, NL, ES jurisdictions.",True
SCN0076,Below 2°C,orderly,BANK05,NGFS_v4,1.8,short_term,2025,109.3,4.9,8.5,"Under orderly transition scenarios, the portfolio demonstrates adequate resilience. Transition risk losses remain within Pillar 2 capital buffer thresholds. Green loan growth and client engagement on transition plans are expected to progressively reduce high-carbon sector concentration over the medium term.",11.4,161.19,False,225.8,2.19,64.1,high,"All banking book exposures across DE, FR, IT, NL, ES",2024,NGFS v4 Below 2°C (orderly) scenario applied using NGFS IAM outputs aligned to a 1.8°C median temperature pathway. Carbon price trajectory from REMIND-MAgPIE model. Financial impact assessed through loan-level probability of default sensitivity to carbon cost pass-through by sector carbon intensity tier.,True
SCN0077,Below 2°C,orderly,BANK05,NGFS_v4,1.8,medium_term,2030,101.7,4.9,14.4,"Under orderly transition scenarios, the portfolio demonstrates adequate resilience. Transition risk losses remain within Pillar 2 capital buffer thresholds. Green loan growth and client engagement on transition plans are expected to progressively reduce high-carbon sector concentration over the medium term.",13.1,185.23,False,259.4,2.19,63.9,high,"All banking book exposures across DE, FR, IT, NL, ES",2024,NGFS v4 Below 2°C (orderly) scenario applied using NGFS IAM outputs aligned to a 1.8°C median temperature pathway. Carbon price trajectory from REMIND-MAgPIE model. Financial impact assessed through loan-level probability of default sensitivity to carbon cost pass-through by sector carbon intensity tier.,True
SCN0078,Below 2°C,orderly,BANK05,NGFS_v4,1.8,long_term,2050,341.5,10.1,10.0,"Under orderly transition scenarios, the portfolio demonstrates adequate resilience. Transition risk losses remain within Pillar 2 capital buffer thresholds. Green loan growth and client engagement on transition plans are expected to progressively reduce high-carbon sector concentration over the medium term.",15.8,223.41,False,312.9,2.18,81.5,high,"All banking book exposures across DE, FR, IT, NL, ES",2024,NGFS v4 Below 2°C (orderly) scenario applied using NGFS IAM outputs aligned to a 1.8°C median temperature pathway. Carbon price trajectory from REMIND-MAgPIE model. Financial impact assessed through loan-level probability of default sensitivity to carbon cost pass-through by sector carbon intensity tier.,True
SCN0079,Nationally Determined Contributions,hot_house,BANK05,NGFS_v4,2.5,short_term,2025,2.8,13.7,4.1,"Under hot house world scenarios, physical risk losses represent the dominant long-term resilience challenge. Collateral revaluation risk in flood-exposed mortgage books and agricultural borrower default risk from chronic heat stress are identified as the primary transmission channels. The bank's flood-zone overlay and EPC-based collateral monitoring are resilience mechanisms deployed for the 2050 horizon.",32.3,456.71,False,594.12,1.19,17.8,low,"All banking book exposures across DE, FR, IT, NL, ES",2024,NGFS v4 NDC scenario represents delayed but eventually strengthened policy action. Carbon pricing ramp-up assumed from 2030 onward based on Paris Agreement NDC submission trajectories. Revenue-at-risk computed from sector revenue sensitivity to carbon price at EUR/tCO2e levels specified in the scenario.,True
SCN0080,Nationally Determined Contributions,hot_house,BANK05,NGFS_v4,2.5,medium_term,2030,11.6,18.9,3.0,"Under hot house world scenarios, physical risk losses represent the dominant long-term resilience challenge. Collateral revaluation risk in flood-exposed mortgage books and agricultural borrower default risk from chronic heat stress are identified as the primary transmission channels. The bank's flood-zone overlay and EPC-based collateral monitoring are resilience mechanisms deployed for the 2050 horizon.",26.5,374.7,False,524.8,0.95,18.4,low,"All banking book exposures across DE, FR, IT, NL, ES",2024,NGFS v4 NDC scenario represents delayed but eventually strengthened policy action. Carbon pricing ramp-up assumed from 2030 onward based on Paris Agreement NDC submission trajectories. Revenue-at-risk computed from sector revenue sensitivity to carbon price at EUR/tCO2e levels specified in the scenario.,True
SCN0081,Nationally Determined Contributions,hot_house,BANK05,NGFS_v4,2.5,long_term,2050,17.5,35.6,5.1,"Under hot house world scenarios, physical risk losses represent the dominant long-term resilience challenge. Collateral revaluation risk in flood-exposed mortgage books and agricultural borrower default risk from chronic heat stress are identified as the primary transmission channels. The bank's flood-zone overlay and EPC-based collateral monitoring are resilience mechanisms deployed for the 2050 horizon.",25.8,364.8,False,510.9,0.86,37.9,low,"All banking book exposures across DE, FR, IT, NL, ES",2024,NGFS v4 NDC scenario represents delayed but eventually strengthened policy action. Carbon pricing ramp-up assumed from 2030 onward based on Paris Agreement NDC submission trajectories. Revenue-at-risk computed from sector revenue sensitivity to carbon price at EUR/tCO2e levels specified in the scenario.,True
SCN0082,Current Policies,hot_house,BANK05,NGFS_v4,3.0,short_term,2025,14.2,17.9,3.0,"Under hot house world scenarios, physical risk losses represent the dominant long-term resilience challenge. Collateral revaluation risk in flood-exposed mortgage books and agricultural borrower default risk from chronic heat stress are identified as the primary transmission channels. The bank's flood-zone overlay and EPC-based collateral monitoring are resilience mechanisms deployed for the 2050 horizon.",12.1,171.09,False,239.6,0.83,20.6,low,"All banking book exposures across DE, FR, IT, NL, ES",2024,"NGFS v4 Current Policies (hot house world) scenario used as the adverse baseline. Physical risk parameters sourced from NGFS chronic and acute hazard layers, downscaled to counterparty postcode and collateral location. RCP 8.5 physical risk projections used for 2050 horizon analysis.",True
SCN0083,Current Policies,hot_house,BANK05,NGFS_v4,3.0,medium_term,2030,11.3,14.7,4.2,"Under hot house world scenarios, physical risk losses represent the dominant long-term resilience challenge. Collateral revaluation risk in flood-exposed mortgage books and agricultural borrower default risk from chronic heat stress are identified as the primary transmission channels. The bank's flood-zone overlay and EPC-based collateral monitoring are resilience mechanisms deployed for the 2050 horizon.",24.3,343.59,False,481.2,0.84,23.3,low,"All banking book exposures across DE, FR, IT, NL, ES",2024,"NGFS v4 Current Policies (hot house world) scenario used as the adverse baseline. Physical risk parameters sourced from NGFS chronic and acute hazard layers, downscaled to counterparty postcode and collateral location. RCP 8.5 physical risk projections used for 2050 horizon analysis.",True
SCN0084,Current Policies,hot_house,BANK05,NGFS_v4,3.0,long_term,2050,10.5,24.5,3.7,"Under hot house world scenarios, physical risk losses represent the dominant long-term resilience challenge. Collateral revaluation risk in flood-exposed mortgage books and agricultural borrower default risk from chronic heat stress are identified as the primary transmission channels. The bank's flood-zone overlay and EPC-based collateral monitoring are resilience mechanisms deployed for the 2050 horizon.",18.9,267.24,False,374.3,0.73,27.5,low,"All banking book exposures across DE, FR, IT, NL, ES",2024,"NGFS v4 Current Policies (hot house world) scenario used as the adverse baseline. Physical risk parameters sourced from NGFS chronic and acute hazard layers, downscaled to counterparty postcode and collateral location. RCP 8.5 physical risk projections used for 2050 horizon analysis.",True
