physical_risk_id,counterparty_id,hazard_type,bank_id,country,acute_risk_score,chronic_risk_score,exposure_amount_meur,assessment_horizon,scenario_basis,high_risk_flag,financial_impact_meur,portfolio_pct,data_source,hazard_category,nace_code
PR000001,CP00001,drought,BANK01,DE,2,5,11.45,2030,RCP_4.5,True,0.84,0.037,ECB_climate_indicators,chronic,F42
PR000002,CP00002,flood,BANK01,AT,2,5,163.84,2050,RCP_2.6,True,18.72,0.526,ECB_climate_indicators,acute,B07
PR000003,CP00003,wildfire,BANK01,ES,4,3,2.7,2050,RCP_4.5,True,0.11,0.009,ECB_climate_indicators,acute,C20
PR000004,CP00003,drought,BANK01,ES,3,5,2.7,2050,RCP_2.6,True,0.14,0.009,ECB_climate_indicators,chronic,C20
PR000005,CP00003,flood,BANK01,ES,3,1,2.7,2050,RCP_4.5,False,0.4,0.009,ECB_climate_indicators,acute,C20
PR000006,CP00004,flood,BANK01,IT,2,3,35.18,2030,RCP_8.5,False,2.92,0.113,ECB_climate_indicators,acute,H49
PR000007,CP00004,wildfire,BANK01,IT,4,3,35.18,2050,RCP_8.5,True,3.49,0.113,ECB_climate_indicators,acute,H49
PR000008,CP00005,flood,BANK01,IE,3,3,212.85,2050,RCP_8.5,False,19.34,0.683,ECB_climate_indicators,acute,A01
PR000009,CP00006,drought,BANK01,DE,3,2,6.4,2030,RCP_4.5,False,0.29,0.021,ECB_climate_indicators,chronic,C10
PR000010,CP00006,windstorm,BANK01,DE,3,4,6.4,2030,RCP_8.5,True,0.24,0.021,ECB_climate_indicators,acute,C10
PR000011,CP00007,flood,BANK01,DE,2,3,59.91,2030,RCP_8.5,False,8.65,0.192,ECB_climate_indicators,acute,C24
PR000012,CP00008,sea_level_rise,BANK01,IT,2,1,168.31,2050,RCP_2.6,False,18.59,0.54,ECB_climate_indicators,chronic,B06
PR000013,CP00008,heatwave,BANK01,IT,3,4,168.31,2050,RCP_2.6,True,8.04,0.54,ECB_climate_indicators,acute,B06
PR000014,CP00008,windstorm,BANK01,IT,4,4,168.31,2030,RCP_4.5,True,7.8,0.54,ECB_climate_indicators,acute,B06
PR000015,CP00009,heatwave,BANK01,DE,3,3,13.67,2050,RCP_2.6,False,0.59,0.044,ECB_climate_indicators,acute,H49
PR000016,CP00009,drought,BANK01,DE,3,2,13.67,2030,RCP_4.5,False,0.95,0.044,ECB_climate_indicators,chronic,H49
PR000017,CP00009,flood,BANK01,DE,2,3,13.67,2030,RCP_8.5,False,1.19,0.044,ECB_climate_indicators,acute,H49
PR000018,CP00010,flood,BANK01,FI,2,3,13.14,2050,RCP_4.5,False,1.15,0.042,ECB_climate_indicators,acute,J58
PR000019,CP00011,wildfire,BANK01,IT,2,3,4.73,2030,RCP_4.5,False,0.32,0.015,ECB_climate_indicators,acute,C11
PR000020,CP00011,drought,BANK01,IT,2,4,4.73,2030,RCP_2.6,True,0.2,0.015,ECB_climate_indicators,chronic,C11
PR000021,CP00012,heatwave,BANK01,NL,2,1,7.99,2050,RCP_2.6,False,0.26,0.026,ECB_climate_indicators,acute,F42
PR000022,CP00012,windstorm,BANK01,NL,1,2,7.99,2030,RCP_2.6,False,0.28,0.026,ECB_climate_indicators,acute,F42
PR000023,CP00012,sea_level_rise,BANK01,NL,2,3,7.99,2030,RCP_4.5,False,0.94,0.026,ECB_climate_indicators,chronic,F42
PR000024,CP00013,flood,BANK01,FR,2,2,478.16,2050,RCP_8.5,False,66.51,1.535,ECB_climate_indicators,acute,C27
PR000025,CP00013,windstorm,BANK01,FR,3,5,478.16,2030,RCP_8.5,True,20.61,1.535,ECB_climate_indicators,acute,C27
PR000026,CP00013,heatwave,BANK01,FR,3,3,478.16,2050,RCP_8.5,False,20.33,1.535,ECB_climate_indicators,acute,C27
PR000027,CP00014,flood,BANK01,IE,2,2,4.05,2030,RCP_8.5,False,0.54,0.013,ECB_climate_indicators,acute,G47
PR000028,CP00015,flood,BANK01,DE,1,2,217.3,2030,RCP_8.5,False,30.44,0.698,ECB_climate_indicators,acute,C13
PR000029,CP00016,wildfire,BANK01,IT,4,4,1438.59,2050,RCP_2.6,True,103.3,4.618,ECB_climate_indicators,acute,F42
PR000030,CP00016,drought,BANK01,IT,5,5,1438.59,2050,RCP_8.5,True,94.07,4.618,ECB_climate_indicators,chronic,F42
PR000031,CP00017,flood,BANK01,NL,3,3,131.76,2030,RCP_4.5,False,12.92,0.423,ECB_climate_indicators,acute,H52
PR000032,CP00017,windstorm,BANK01,NL,3,4,131.76,2030,RCP_8.5,True,5.17,0.423,ECB_climate_indicators,acute,H52
PR000033,CP00017,heatwave,BANK01,NL,4,4,131.76,2030,RCP_2.6,True,4.55,0.423,ECB_climate_indicators,acute,H52
PR000034,CP00018,sea_level_rise,BANK01,PL,1,1,52.51,2030,RCP_2.6,False,5.63,0.169,ECB_climate_indicators,chronic,C20
PR000035,CP00019,heatwave,BANK01,FR,3,4,7.95,2030,RCP_8.5,True,0.36,0.026,ECB_climate_indicators,acute,J62
PR000036,CP00019,windstorm,BANK01,FR,3,2,7.95,2030,RCP_4.5,False,0.26,0.026,ECB_climate_indicators,acute,J62
PR000037,CP00019,drought,BANK01,FR,3,3,7.95,2050,RCP_4.5,False,0.33,0.026,ECB_climate_indicators,chronic,J62
PR000038,CP00020,flood,BANK01,IT,3,3,2083.28,2030,RCP_2.6,False,288.71,6.688,ECB_climate_indicators,acute,B05
PR000039,CP00020,wildfire,BANK01,IT,2,5,2083.28,2050,RCP_8.5,True,178.46,6.688,ECB_climate_indicators,acute,B05
PR000040,CP00021,sea_level_rise,BANK01,BE,2,5,6.66,2030,RCP_8.5,True,0.63,0.021,ECB_climate_indicators,chronic,M71
PR000041,CP00022,drought,BANK01,BE,3,3,10.79,2030,RCP_8.5,False,0.43,0.035,ECB_climate_indicators,chronic,C24
PR000042,CP00022,sea_level_rise,BANK01,BE,3,1,10.79,2030,RCP_8.5,False,1.04,0.035,ECB_climate_indicators,chronic,C24
PR000043,CP00022,wildfire,BANK01,BE,3,4,10.79,2030,RCP_2.6,True,0.83,0.035,ECB_climate_indicators,acute,C24
PR000044,CP00023,heatwave,BANK01,AT,1,4,245.29,2050,RCP_4.5,True,11.53,0.787,ECB_climate_indicators,acute,A01
PR000045,CP00023,windstorm,BANK01,AT,5,3,245.29,2030,RCP_2.6,True,13.45,0.787,ECB_climate_indicators,acute,A01
PR000046,CP00024,sea_level_rise,BANK01,FI,4,2,19.2,2030,RCP_2.6,True,2.22,0.062,ECB_climate_indicators,chronic,L68
PR000047,CP00025,sea_level_rise,BANK01,IT,4,2,4.6,2030,RCP_4.5,True,0.44,0.015,ECB_climate_indicators,chronic,C19
PR000048,CP00025,heatwave,BANK01,IT,2,2,4.6,2050,RCP_8.5,False,0.17,0.015,ECB_climate_indicators,acute,C19
PR000049,CP00025,wildfire,BANK01,IT,4,1,4.6,2050,RCP_8.5,True,0.4,0.015,ECB_climate_indicators,acute,C19
PR000050,CP00026,sea_level_rise,BANK01,NL,3,3,50.53,2030,RCP_2.6,False,3.6,0.162,ECB_climate_indicators,chronic,L68
PR000051,CP00026,wildfire,BANK01,NL,3,3,50.53,2030,RCP_2.6,False,4.47,0.162,ECB_climate_indicators,acute,L68
PR000052,CP00027,sea_level_rise,BANK01,PT,1,3,10.85,2030,RCP_8.5,False,1.24,0.035,ECB_climate_indicators,chronic,J63
PR000053,CP00028,flood,BANK01,DE,2,2,157.64,2050,RCP_8.5,False,19.73,0.506,ECB_climate_indicators,acute,E36
PR000054,CP00029,heatwave,BANK01,DE,5,1,32.88,2030,RCP_4.5,True,0.79,0.106,ECB_climate_indicators,acute,I55
PR000055,CP00029,windstorm,BANK01,DE,1,1,32.88,2050,RCP_2.6,False,1.87,0.106,ECB_climate_indicators,acute,I55
PR000056,CP00029,wildfire,BANK01,DE,1,5,32.88,2030,RCP_4.5,True,1.65,0.106,ECB_climate_indicators,acute,I55
PR000057,CP00030,wildfire,BANK01,NL,5,3,3638.84,2050,RCP_4.5,True,350.68,11.681,ECB_climate_indicators,acute,C29
PR000058,CP00030,windstorm,BANK01,NL,4,5,3638.84,2050,RCP_2.6,True,213.1,11.681,ECB_climate_indicators,acute,C29
PR000059,CP00030,flood,BANK01,NL,3,5,3638.84,2050,RCP_8.5,True,391.15,11.681,ECB_climate_indicators,acute,C29
PR000060,CP00031,sea_level_rise,BANK01,IT,5,2,2727.53,2030,RCP_4.5,True,283.06,8.756,ECB_climate_indicators,chronic,C19
PR000061,CP00032,sea_level_rise,BANK01,FR,3,4,6.54,2030,RCP_2.6,True,0.33,0.021,ECB_climate_indicators,chronic,C25
PR000062,CP00033,windstorm,BANK01,FR,5,2,2.78,2030,RCP_8.5,True,0.17,0.009,ECB_climate_indicators,acute,C23
PR000063,CP00034,sea_level_rise,BANK01,DE,3,2,16.87,2030,RCP_2.6,False,1.31,0.054,ECB_climate_indicators,chronic,B05
PR000064,CP00035,drought,BANK01,FR,2,2,2.24,2050,RCP_8.5,False,0.14,0.007,ECB_climate_indicators,chronic,F43
PR000065,CP00036,wildfire,BANK01,FR,4,2,73.74,2030,RCP_8.5,True,4.22,0.237,ECB_climate_indicators,acute,E36
PR000066,CP00037,flood,BANK01,ES,3,3,42.62,2030,RCP_4.5,False,5.54,0.137,ECB_climate_indicators,acute,B06
PR000067,CP00037,windstorm,BANK01,ES,2,3,42.62,2050,RCP_2.6,False,1.67,0.137,ECB_climate_indicators,acute,B06
PR000068,CP00037,wildfire,BANK01,ES,3,3,42.62,2050,RCP_8.5,False,1.95,0.137,ECB_climate_indicators,acute,B06
PR000069,CP00038,drought,BANK01,BE,3,1,157.34,2050,RCP_2.6,False,9.84,0.505,ECB_climate_indicators,chronic,B05
PR000070,CP00039,wildfire,BANK01,FR,3,4,11.23,2050,RCP_8.5,True,0.66,0.036,ECB_climate_indicators,acute,J62
PR000071,CP00040,drought,BANK01,ES,2,2,1171.52,2050,RCP_4.5,False,55.32,3.761,ECB_climate_indicators,chronic,C19
PR000072,CP00040,wildfire,BANK01,ES,1,2,1171.52,2030,RCP_4.5,False,104.17,3.761,ECB_climate_indicators,acute,C19
PR000073,CP00040,heatwave,BANK01,ES,3,1,1171.52,2030,RCP_8.5,False,25.12,3.761,ECB_climate_indicators,acute,C19
PR000074,CP00041,flood,BANK01,DE,2,4,730.53,2030,RCP_2.6,True,82.51,2.345,ECB_climate_indicators,acute,C30
PR000075,CP00042,heatwave,BANK01,FR,4,2,83.78,2030,RCP_2.6,True,3.53,0.269,ECB_climate_indicators,acute,J58
PR000076,CP00043,flood,BANK01,FR,2,2,1.77,2030,RCP_8.5,False,0.19,0.006,ECB_climate_indicators,acute,K65
PR000077,CP00043,drought,BANK01,FR,4,4,1.77,2050,RCP_2.6,True,0.06,0.006,ECB_climate_indicators,chronic,K65
PR000078,CP00044,sea_level_rise,BANK01,FR,3,3,350.92,2030,RCP_4.5,False,37.47,1.127,ECB_climate_indicators,chronic,I56
PR000079,CP00044,heatwave,BANK01,FR,1,1,350.92,2030,RCP_4.5,False,7.85,1.127,ECB_climate_indicators,acute,I56
PR000080,CP00044,windstorm,BANK01,FR,4,2,350.92,2050,RCP_8.5,True,18.04,1.127,ECB_climate_indicators,acute,I56
PR000081,CP00045,windstorm,BANK01,FR,4,4,17.71,2030,RCP_4.5,True,1.12,0.057,ECB_climate_indicators,acute,H50
PR000082,CP00046,windstorm,BANK01,DE,3,2,14.73,2050,RCP_8.5,False,0.96,0.047,ECB_climate_indicators,acute,H52
PR000083,CP00046,wildfire,BANK01,DE,2,2,14.73,2030,RCP_2.6,False,0.77,0.047,ECB_climate_indicators,acute,H52
PR000084,CP00047,flood,BANK01,PT,5,1,7.86,2050,RCP_8.5,True,0.91,0.025,ECB_climate_indicators,acute,C28
PR000085,CP00047,heatwave,BANK01,PT,4,3,7.86,2050,RCP_8.5,True,0.19,0.025,ECB_climate_indicators,acute,C28
PR000086,CP00048,wildfire,BANK01,DE,1,4,4.38,2030,RCP_8.5,True,0.32,0.014,ECB_climate_indicators,acute,J58
PR000087,CP00048,heatwave,BANK01,DE,2,5,4.38,2030,RCP_8.5,True,0.11,0.014,ECB_climate_indicators,acute,J58
PR000088,CP00048,windstorm,BANK01,DE,3,4,4.38,2050,RCP_8.5,True,0.31,0.014,ECB_climate_indicators,acute,J58
PR000089,CP00049,sea_level_rise,BANK01,FI,3,4,6.51,2030,RCP_4.5,True,0.53,0.021,ECB_climate_indicators,chronic,B07
PR000090,CP00050,heatwave,BANK01,BE,2,2,35.43,2030,RCP_8.5,False,1.59,0.114,ECB_climate_indicators,acute,B06
PR000091,CP00051,drought,BANK01,FR,3,3,26.09,2030,RCP_2.6,False,1.97,0.084,ECB_climate_indicators,chronic,H50
PR000092,CP00051,wildfire,BANK01,FR,4,1,26.09,2030,RCP_4.5,True,2.05,0.084,ECB_climate_indicators,acute,H50
PR000093,CP00051,sea_level_rise,BANK01,FR,2,4,26.09,2050,RCP_8.5,True,1.33,0.084,ECB_climate_indicators,chronic,H50
PR000094,CP00052,sea_level_rise,BANK01,LU,3,1,663.4,2030,RCP_8.5,False,46.96,2.13,ECB_climate_indicators,chronic,C27
PR000095,CP00052,heatwave,BANK01,LU,2,2,663.4,2030,RCP_8.5,False,13.84,2.13,ECB_climate_indicators,acute,C27
PR000096,CP00052,drought,BANK01,LU,2,5,663.4,2030,RCP_4.5,True,37.92,2.13,ECB_climate_indicators,chronic,C27
PR000097,CP00053,flood,BANK01,DE,1,4,2.91,2030,RCP_8.5,True,0.35,0.009,ECB_climate_indicators,acute,Q87
PR000098,CP00053,heatwave,BANK01,DE,3,5,2.91,2030,RCP_4.5,True,0.08,0.009,ECB_climate_indicators,acute,Q87
PR000099,CP00054,flood,BANK01,FI,3,3,25.75,2030,RCP_8.5,False,3.08,0.083,ECB_climate_indicators,acute,J63
PR000100,CP00055,drought,BANK01,IT,3,3,655.4,2030,RCP_2.6,False,31.69,2.104,ECB_climate_indicators,chronic,C30
PR000101,CP00055,flood,BANK01,IT,4,3,655.4,2030,RCP_4.5,True,65.88,2.104,ECB_climate_indicators,acute,C30
PR000102,CP00055,sea_level_rise,BANK01,IT,4,4,655.4,2050,RCP_2.6,True,76.17,2.104,ECB_climate_indicators,chronic,C30
PR000103,CP00056,flood,BANK01,IT,2,2,126.66,2030,RCP_8.5,False,15.87,0.407,ECB_climate_indicators,acute,G45
PR000104,CP00057,wildfire,BANK01,AT,1,5,7.62,2030,RCP_8.5,True,0.67,0.024,ECB_climate_indicators,acute,K64
PR000105,CP00057,heatwave,BANK01,AT,2,4,7.62,2030,RCP_4.5,True,0.27,0.024,ECB_climate_indicators,acute,K64
PR000106,CP00058,windstorm,BANK01,FR,3,1,290.79,2050,RCP_8.5,False,19.26,0.933,ECB_climate_indicators,acute,H50
PR000107,CP00059,drought,BANK01,BE,4,2,1290.09,2030,RCP_8.5,True,52.0,4.141,ECB_climate_indicators,chronic,B05
PR000108,CP00060,wildfire,BANK01,FR,1,1,251.16,2030,RCP_8.5,False,13.95,0.806,ECB_climate_indicators,acute,F42
PR000109,CP00061,windstorm,BANK01,LU,1,3,47.02,2050,RCP_4.5,False,1.68,0.151,ECB_climate_indicators,acute,B07
PR000110,CP00061,wildfire,BANK01,LU,5,3,47.02,2050,RCP_2.6,True,2.66,0.151,ECB_climate_indicators,acute,B07
PR000111,CP00062,wildfire,BANK01,FR,1,3,1.85,2030,RCP_8.5,False,0.18,0.006,ECB_climate_indicators,acute,E38
PR000112,CP00063,drought,BANK01,DE,2,2,25.11,2050,RCP_8.5,False,1.32,0.081,ECB_climate_indicators,chronic,P85
PR000113,CP00064,sea_level_rise,BANK01,IE,3,2,1295.96,2050,RCP_8.5,False,139.12,4.16,ECB_climate_indicators,chronic,B07
PR000114,CP00065,windstorm,BANK01,FR,2,2,4.29,2050,RCP_8.5,False,0.16,0.014,ECB_climate_indicators,acute,M70
PR000115,CP00066,heatwave,BANK01,DE,3,4,348.38,2030,RCP_8.5,True,15.37,1.118,ECB_climate_indicators,acute,J63
PR000116,CP00066,drought,BANK01,DE,3,4,348.38,2030,RCP_4.5,True,22.77,1.118,ECB_climate_indicators,chronic,J63
PR000117,CP00066,sea_level_rise,BANK01,DE,2,1,348.38,2050,RCP_8.5,False,35.78,1.118,ECB_climate_indicators,chronic,J63
PR000118,CP00067,drought,BANK01,AT,4,4,12.95,2030,RCP_8.5,True,0.8,0.042,ECB_climate_indicators,chronic,F43
PR000119,CP00067,flood,BANK01,AT,3,1,12.95,2030,RCP_4.5,False,1.76,0.042,ECB_climate_indicators,acute,F43
PR000120,CP00067,wildfire,BANK01,AT,3,3,12.95,2050,RCP_8.5,False,1.21,0.042,ECB_climate_indicators,acute,F43
PR000121,CP00068,sea_level_rise,BANK01,FI,3,2,1151.39,2030,RCP_2.6,False,126.15,3.696,ECB_climate_indicators,chronic,B07
PR000122,CP00068,heatwave,BANK01,FI,3,5,1151.39,2030,RCP_2.6,True,43.51,3.696,ECB_climate_indicators,acute,B07
PR000123,CP00068,drought,BANK01,FI,5,3,1151.39,2030,RCP_2.6,True,78.8,3.696,ECB_climate_indicators,chronic,B07
PR000124,CP00069,flood,BANK01,PT,1,2,1392.98,2030,RCP_2.6,False,117.37,4.472,ECB_climate_indicators,acute,C10
PR000125,CP00069,heatwave,BANK01,PT,3,1,1392.98,2050,RCP_2.6,False,34.4,4.472,ECB_climate_indicators,acute,C10
PR000126,CP00069,windstorm,BANK01,PT,3,3,1392.98,2050,RCP_8.5,False,50.79,4.472,ECB_climate_indicators,acute,C10
PR000127,CP00070,heatwave,BANK01,FI,4,5,884.44,2050,RCP_8.5,True,18.68,2.839,ECB_climate_indicators,acute,H51
PR000128,CP00070,flood,BANK01,FI,2,4,884.44,2050,RCP_2.6,True,112.21,2.839,ECB_climate_indicators,acute,H51
PR000129,CP00071,wildfire,BANK01,PT,2,5,6.58,2050,RCP_4.5,True,0.65,0.021,ECB_climate_indicators,acute,F43
PR000130,CP00072,flood,BANK01,FR,1,2,2937.14,2030,RCP_8.5,False,375.9,9.429,ECB_climate_indicators,acute,P85
PR000131,CP00072,sea_level_rise,BANK01,FR,3,3,2937.14,2050,RCP_2.6,False,303.74,9.429,ECB_climate_indicators,chronic,P85
PR000132,CP00073,drought,BANK01,IE,3,3,64.38,2050,RCP_8.5,False,2.7,0.207,ECB_climate_indicators,chronic,C10
PR000133,CP00074,sea_level_rise,BANK01,NL,2,4,23.84,2030,RCP_4.5,True,1.57,0.077,ECB_climate_indicators,chronic,C13
PR000134,CP00074,flood,BANK01,NL,1,3,23.84,2050,RCP_4.5,False,2.74,0.077,ECB_climate_indicators,acute,C13
PR000135,CP00074,drought,BANK01,NL,2,3,23.84,2050,RCP_8.5,False,1.09,0.077,ECB_climate_indicators,chronic,C13
PR000136,CP00075,heatwave,BANK01,IE,3,1,232.76,2030,RCP_2.6,False,9.97,0.747,ECB_climate_indicators,acute,C29
PR000137,CP00075,sea_level_rise,BANK01,IE,3,4,232.76,2030,RCP_4.5,True,16.38,0.747,ECB_climate_indicators,chronic,C29
PR000138,CP00076,wildfire,BANK01,DE,3,2,76.56,2030,RCP_4.5,False,5.52,0.246,ECB_climate_indicators,acute,C11
PR000139,CP00077,wildfire,BANK01,FI,2,2,80.29,2050,RCP_8.5,False,5.31,0.258,ECB_climate_indicators,acute,B07
PR000140,CP00077,flood,BANK01,FI,2,3,80.29,2030,RCP_2.6,False,10.76,0.258,ECB_climate_indicators,acute,B07
PR000141,CP00077,heatwave,BANK01,FI,2,4,80.29,2030,RCP_2.6,True,1.62,0.258,ECB_climate_indicators,acute,B07
PR000142,CP00078,flood,BANK01,IT,3,4,0.8,2030,RCP_4.5,True,0.1,0.003,ECB_climate_indicators,acute,C13
PR000143,CP00078,sea_level_rise,BANK01,IT,3,4,0.8,2050,RCP_2.6,True,0.04,0.003,ECB_climate_indicators,chronic,C13
PR000144,CP00078,wildfire,BANK01,IT,3,3,0.8,2030,RCP_4.5,False,0.05,0.003,ECB_climate_indicators,acute,C13
PR000145,CP00079,drought,BANK01,FI,3,4,111.45,2030,RCP_8.5,True,5.94,0.358,ECB_climate_indicators,chronic,F43
PR000146,CP00080,wildfire,BANK01,FR,5,3,663.67,2030,RCP_8.5,True,57.74,2.131,ECB_climate_indicators,acute,H51
PR000147,CP00080,windstorm,BANK01,FR,2,4,663.67,2050,RCP_2.6,True,27.79,2.131,ECB_climate_indicators,acute,H51
PR000148,CP00080,drought,BANK01,FR,3,4,663.67,2050,RCP_4.5,True,31.93,2.131,ECB_climate_indicators,chronic,H51
PR000149,CP00081,heatwave,BANK01,FR,2,2,65.45,2030,RCP_8.5,False,1.85,0.21,ECB_climate_indicators,acute,C25
PR000150,CP00082,drought,BANK01,BE,1,4,15.27,2050,RCP_4.5,True,0.6,0.049,ECB_climate_indicators,chronic,H52
PR000151,CP00083,windstorm,BANK01,PT,2,3,301.74,2030,RCP_4.5,False,12.31,0.969,ECB_climate_indicators,acute,C10
PR000152,CP00083,drought,BANK01,PT,1,4,301.74,2050,RCP_4.5,True,19.7,0.969,ECB_climate_indicators,chronic,C10
PR000153,CP00084,windstorm,BANK01,DE,5,1,2102.44,2050,RCP_4.5,True,125.17,6.749,ECB_climate_indicators,acute,B08
PR000154,CP00084,flood,BANK01,DE,3,2,2102.44,2030,RCP_8.5,False,283.69,6.749,ECB_climate_indicators,acute,B08
PR000155,CP00085,drought,BANK01,BE,1,3,5.91,2030,RCP_8.5,False,0.24,0.019,ECB_climate_indicators,chronic,C22
PR000156,CP00085,wildfire,BANK01,BE,2,3,5.91,2030,RCP_4.5,False,0.27,0.019,ECB_climate_indicators,acute,C22
PR000157,CP00086,wildfire,BANK01,FR,2,3,362.93,2030,RCP_4.5,False,31.72,1.165,ECB_climate_indicators,acute,C13
PR000158,CP00086,drought,BANK01,FR,1,3,362.93,2030,RCP_2.6,False,21.11,1.165,ECB_climate_indicators,chronic,C13
PR000159,CP00087,windstorm,BANK01,IT,3,4,4.57,2030,RCP_4.5,True,0.23,0.015,ECB_climate_indicators,acute,B07
PR000160,CP00087,heatwave,BANK01,IT,4,2,4.57,2030,RCP_2.6,True,0.17,0.015,ECB_climate_indicators,acute,B07
PR000161,CP00088,wildfire,BANK01,NL,2,1,685.53,2030,RCP_8.5,False,65.72,2.201,ECB_climate_indicators,acute,C27
PR000162,CP00089,sea_level_rise,BANK01,PL,5,3,121.17,2030,RCP_4.5,True,12.11,0.389,ECB_climate_indicators,chronic,F43
PR000163,CP00090,sea_level_rise,BANK01,FI,5,3,26.84,2030,RCP_2.6,True,1.67,0.086,ECB_climate_indicators,chronic,G45
PR000164,CP00091,flood,BANK02,AT,2,3,37.41,2050,RCP_4.5,False,3.48,0.19,ECB_climate_indicators,acute,K64
PR000165,CP00092,drought,BANK02,FR,3,3,282.06,2050,RCP_4.5,False,13.63,1.436,ECB_climate_indicators,chronic,G47
PR000166,CP00092,wildfire,BANK02,FR,3,2,282.06,2030,RCP_2.6,False,15.25,1.436,ECB_climate_indicators,acute,G47
PR000167,CP00093,flood,BANK02,IT,2,1,9.15,2050,RCP_4.5,False,0.91,0.047,ECB_climate_indicators,acute,B06
PR000168,CP00093,sea_level_rise,BANK02,IT,4,3,9.15,2030,RCP_4.5,True,0.59,0.047,ECB_climate_indicators,chronic,B06
PR000169,CP00094,windstorm,BANK02,FR,3,4,7.73,2030,RCP_4.5,True,0.5,0.039,ECB_climate_indicators,acute,B06
PR000170,CP00094,drought,BANK02,FR,2,4,7.73,2050,RCP_4.5,True,0.59,0.039,ECB_climate_indicators,chronic,B06
PR000171,CP00094,wildfire,BANK02,FR,2,2,7.73,2050,RCP_4.5,False,0.64,0.039,ECB_climate_indicators,acute,B06
PR000172,CP00095,windstorm,BANK02,IT,4,2,91.79,2050,RCP_4.5,True,4.8,0.467,ECB_climate_indicators,acute,B05
PR000173,CP00096,sea_level_rise,BANK02,IE,3,4,1465.9,2030,RCP_4.5,True,91.44,7.464,ECB_climate_indicators,chronic,C13
PR000174,CP00097,drought,BANK02,DE,2,1,36.56,2030,RCP_4.5,False,2.69,0.186,ECB_climate_indicators,chronic,C13
PR000175,CP00097,flood,BANK02,DE,2,2,36.56,2030,RCP_2.6,False,3.76,0.186,ECB_climate_indicators,acute,C13
PR000176,CP00097,sea_level_rise,BANK02,DE,3,3,36.56,2050,RCP_4.5,False,4.26,0.186,ECB_climate_indicators,chronic,C13
PR000177,CP00098,wildfire,BANK02,PT,2,3,158.73,2030,RCP_2.6,False,6.92,0.808,ECB_climate_indicators,acute,K64
PR000178,CP00098,flood,BANK02,PT,4,2,158.73,2030,RCP_4.5,True,21.47,0.808,ECB_climate_indicators,acute,K64
PR000179,CP00098,windstorm,BANK02,PT,3,3,158.73,2050,RCP_8.5,False,6.2,0.808,ECB_climate_indicators,acute,K64
PR000180,CP00099,windstorm,BANK02,FR,3,3,33.08,2030,RCP_4.5,False,1.48,0.168,ECB_climate_indicators,acute,C28
PR000181,CP00100,sea_level_rise,BANK02,IT,3,5,1.62,2050,RCP_2.6,True,0.15,0.008,ECB_climate_indicators,chronic,F43
PR000182,CP00101,flood,BANK02,NL,5,3,1468.15,2030,RCP_2.6,True,165.53,7.476,ECB_climate_indicators,acute,Q86
PR000183,CP00102,heatwave,BANK02,DE,3,3,31.2,2030,RCP_8.5,False,0.77,0.159,ECB_climate_indicators,acute,F42
PR000184,CP00102,sea_level_rise,BANK02,DE,3,4,31.2,2030,RCP_8.5,True,2.96,0.159,ECB_climate_indicators,chronic,F42
PR000185,CP00102,flood,BANK02,DE,2,2,31.2,2050,RCP_8.5,False,3.15,0.159,ECB_climate_indicators,acute,F42
PR000186,CP00103,windstorm,BANK02,ES,2,3,11.9,2050,RCP_4.5,False,0.48,0.061,ECB_climate_indicators,acute,H51
PR000187,CP00104,wildfire,BANK02,PT,3,2,2.1,2030,RCP_4.5,False,0.12,0.011,ECB_climate_indicators,acute,H52
PR000188,CP00105,windstorm,BANK02,DE,2,2,1995.11,2050,RCP_8.5,False,91.36,10.159,ECB_climate_indicators,acute,H52
PR000189,CP00105,sea_level_rise,BANK02,DE,2,5,1995.11,2030,RCP_8.5,True,110.1,10.159,ECB_climate_indicators,chronic,H52
PR000190,CP00105,drought,BANK02,DE,2,3,1995.11,2050,RCP_4.5,False,139.06,10.159,ECB_climate_indicators,chronic,H52
PR000191,CP00106,sea_level_rise,BANK02,DE,4,3,16.4,2030,RCP_4.5,True,1.38,0.084,ECB_climate_indicators,chronic,A02
PR000192,CP00106,heatwave,BANK02,DE,4,4,16.4,2030,RCP_8.5,True,0.63,0.084,ECB_climate_indicators,acute,A02
PR000193,CP00106,windstorm,BANK02,DE,3,4,16.4,2030,RCP_8.5,True,0.56,0.084,ECB_climate_indicators,acute,A02
PR000194,CP00107,sea_level_rise,BANK02,DE,2,4,41.6,2050,RCP_8.5,True,3.8,0.212,ECB_climate_indicators,chronic,C17
PR000195,CP00107,drought,BANK02,DE,3,3,41.6,2050,RCP_2.6,False,1.64,0.212,ECB_climate_indicators,chronic,C17
PR000196,CP00108,drought,BANK02,IT,4,2,75.17,2030,RCP_4.5,True,4.44,0.383,ECB_climate_indicators,chronic,C24
PR000197,CP00108,windstorm,BANK02,IT,1,4,75.17,2050,RCP_4.5,True,3.86,0.383,ECB_climate_indicators,acute,C24
PR000198,CP00108,heatwave,BANK02,IT,2,2,75.17,2050,RCP_2.6,False,3.24,0.383,ECB_climate_indicators,acute,C24
PR000199,CP00109,heatwave,BANK02,PL,4,3,2.07,2030,RCP_2.6,True,0.08,0.011,ECB_climate_indicators,acute,G45
PR000200,CP00109,sea_level_rise,BANK02,PL,3,5,2.07,2030,RCP_2.6,True,0.15,0.011,ECB_climate_indicators,chronic,G45
PR000201,CP00109,windstorm,BANK02,PL,4,4,2.07,2050,RCP_8.5,True,0.1,0.011,ECB_climate_indicators,acute,G45
PR000202,CP00110,drought,BANK02,LU,3,3,10.6,2050,RCP_2.6,False,0.76,0.054,ECB_climate_indicators,chronic,E36
PR000203,CP00111,heatwave,BANK02,BE,3,3,180.4,2050,RCP_2.6,False,4.34,0.919,ECB_climate_indicators,acute,B06
PR000204,CP00111,wildfire,BANK02,BE,4,3,180.4,2030,RCP_2.6,True,8.23,0.919,ECB_climate_indicators,acute,B06
PR000205,CP00111,drought,BANK02,BE,4,3,180.4,2030,RCP_2.6,True,11.73,0.919,ECB_climate_indicators,chronic,B06
PR000206,CP00112,windstorm,BANK02,IE,2,4,223.13,2050,RCP_2.6,True,14.38,1.136,ECB_climate_indicators,acute,H49
PR000207,CP00113,drought,BANK02,IT,3,4,25.3,2050,RCP_4.5,True,1.85,0.129,ECB_climate_indicators,chronic,C22
PR000208,CP00113,wildfire,BANK02,IT,3,2,25.3,2050,RCP_4.5,False,1.42,0.129,ECB_climate_indicators,acute,C22
PR000209,CP00113,flood,BANK02,IT,5,4,25.3,2050,RCP_2.6,True,3.46,0.129,ECB_climate_indicators,acute,C22
PR000210,CP00114,sea_level_rise,BANK02,ES,4,2,53.21,2050,RCP_2.6,True,4.48,0.271,ECB_climate_indicators,chronic,C22
PR000211,CP00114,heatwave,BANK02,ES,3,4,53.21,2030,RCP_4.5,True,1.45,0.271,ECB_climate_indicators,acute,C22
PR000212,CP00114,windstorm,BANK02,ES,4,1,53.21,2050,RCP_4.5,True,3.0,0.271,ECB_climate_indicators,acute,C22
PR000213,CP00115,sea_level_rise,BANK02,BE,3,4,26.71,2030,RCP_4.5,True,1.91,0.136,ECB_climate_indicators,chronic,G46
PR000214,CP00115,wildfire,BANK02,BE,2,2,26.71,2050,RCP_2.6,False,1.89,0.136,ECB_climate_indicators,acute,G46
PR000215,CP00115,drought,BANK02,BE,3,3,26.71,2050,RCP_2.6,False,0.89,0.136,ECB_climate_indicators,chronic,G46
PR000216,CP00116,wildfire,BANK02,IE,2,4,66.68,2030,RCP_4.5,True,2.74,0.34,ECB_climate_indicators,acute,C24
PR000217,CP00116,windstorm,BANK02,IE,2,4,66.68,2050,RCP_2.6,True,4.34,0.34,ECB_climate_indicators,acute,C24
PR000218,CP00116,drought,BANK02,IE,3,3,66.68,2050,RCP_4.5,False,3.39,0.34,ECB_climate_indicators,chronic,C24
PR000219,CP00117,sea_level_rise,BANK02,IT,3,5,5.12,2050,RCP_4.5,True,0.38,0.026,ECB_climate_indicators,chronic,E38
PR000220,CP00118,flood,BANK02,FR,4,2,28.12,2030,RCP_2.6,True,2.29,0.143,ECB_climate_indicators,acute,J63
PR000221,CP00118,drought,BANK02,FR,5,5,28.12,2050,RCP_4.5,True,1.79,0.143,ECB_climate_indicators,chronic,J63
PR000222,CP00118,heatwave,BANK02,FR,3,5,28.12,2030,RCP_2.6,True,0.57,0.143,ECB_climate_indicators,acute,J63
PR000223,CP00119,heatwave,BANK02,ES,1,3,15.32,2030,RCP_8.5,False,0.74,0.078,ECB_climate_indicators,acute,C10
PR000224,CP00120,drought,BANK02,IT,2,2,422.22,2030,RCP_4.5,False,18.04,2.15,ECB_climate_indicators,chronic,I56
PR000225,CP00120,wildfire,BANK02,IT,2,2,422.22,2050,RCP_2.6,False,38.64,2.15,ECB_climate_indicators,acute,I56
PR000226,CP00120,heatwave,BANK02,IT,2,2,422.22,2050,RCP_8.5,False,11.99,2.15,ECB_climate_indicators,acute,I56
PR000227,CP00121,drought,BANK02,FR,1,4,19.31,2030,RCP_2.6,True,1.28,0.098,ECB_climate_indicators,chronic,C29
PR000228,CP00121,heatwave,BANK02,FR,2,5,19.31,2030,RCP_8.5,True,0.83,0.098,ECB_climate_indicators,acute,C29
PR000229,CP00121,flood,BANK02,FR,2,1,19.31,2030,RCP_8.5,False,2.64,0.098,ECB_climate_indicators,acute,C29
PR000230,CP00122,wildfire,BANK02,BE,2,2,68.6,2050,RCP_2.6,False,4.06,0.349,ECB_climate_indicators,acute,H52
PR000231,CP00122,windstorm,BANK02,BE,3,3,68.6,2050,RCP_8.5,False,2.69,0.349,ECB_climate_indicators,acute,H52
PR000232,CP00123,sea_level_rise,BANK02,IT,2,3,14.84,2050,RCP_2.6,False,1.17,0.076,ECB_climate_indicators,chronic,D35
PR000233,CP00123,heatwave,BANK02,IT,4,3,14.84,2030,RCP_4.5,True,0.64,0.076,ECB_climate_indicators,acute,D35
PR000234,CP00123,drought,BANK02,IT,1,5,14.84,2050,RCP_4.5,True,0.47,0.076,ECB_climate_indicators,chronic,D35
PR000235,CP00124,drought,BANK02,NL,5,3,23.96,2030,RCP_8.5,True,1.41,0.122,ECB_climate_indicators,chronic,C27
PR000236,CP00124,heatwave,BANK02,NL,4,2,23.96,2030,RCP_2.6,True,0.63,0.122,ECB_climate_indicators,acute,C27
PR000237,CP00124,flood,BANK02,NL,3,2,23.96,2030,RCP_8.5,False,2.98,0.122,ECB_climate_indicators,acute,C27
PR000238,CP00125,wildfire,BANK02,ES,3,3,13.49,2030,RCP_4.5,False,1.03,0.069,ECB_climate_indicators,acute,C10
PR000239,CP00125,sea_level_rise,BANK02,ES,3,4,13.49,2030,RCP_8.5,True,1.12,0.069,ECB_climate_indicators,chronic,C10
PR000240,CP00125,windstorm,BANK02,ES,3,2,13.49,2050,RCP_2.6,False,0.72,0.069,ECB_climate_indicators,acute,C10
PR000241,CP00126,wildfire,BANK02,DE,2,1,95.21,2030,RCP_8.5,False,3.82,0.485,ECB_climate_indicators,acute,C19
PR000242,CP00127,heatwave,BANK02,FR,3,2,134.77,2030,RCP_4.5,False,4.3,0.686,ECB_climate_indicators,acute,H52
PR000243,CP00128,sea_level_rise,BANK02,IT,3,3,19.08,2030,RCP_2.6,False,1.52,0.097,ECB_climate_indicators,chronic,G46
PR000244,CP00128,windstorm,BANK02,IT,3,2,19.08,2050,RCP_4.5,False,1.01,0.097,ECB_climate_indicators,acute,G46
PR000245,CP00128,drought,BANK02,IT,3,1,19.08,2030,RCP_8.5,False,0.87,0.097,ECB_climate_indicators,chronic,G46
PR000246,CP00129,windstorm,BANK02,FR,1,3,1721.38,2050,RCP_2.6,False,108.04,8.765,ECB_climate_indicators,acute,C30
PR000247,CP00129,drought,BANK02,FR,3,2,1721.38,2030,RCP_8.5,False,131.2,8.765,ECB_climate_indicators,chronic,C30
PR000248,CP00129,wildfire,BANK02,FR,3,5,1721.38,2030,RCP_8.5,True,131.29,8.765,ECB_climate_indicators,acute,C30
PR000249,CP00130,drought,BANK02,AT,2,3,12.08,2030,RCP_4.5,False,0.77,0.062,ECB_climate_indicators,chronic,F42
PR000250,CP00130,windstorm,BANK02,AT,5,2,12.08,2030,RCP_2.6,True,0.78,0.062,ECB_climate_indicators,acute,F42
PR000251,CP00130,heatwave,BANK02,AT,3,5,12.08,2050,RCP_8.5,True,0.52,0.062,ECB_climate_indicators,acute,F42
PR000252,CP00131,windstorm,BANK02,ES,3,2,6.2,2030,RCP_4.5,False,0.3,0.032,ECB_climate_indicators,acute,C27
PR000253,CP00131,sea_level_rise,BANK02,ES,4,5,6.2,2030,RCP_2.6,True,0.63,0.032,ECB_climate_indicators,chronic,C27
PR000254,CP00131,wildfire,BANK02,ES,1,5,6.2,2050,RCP_4.5,True,0.36,0.032,ECB_climate_indicators,acute,C27
PR000255,CP00132,drought,BANK02,PT,5,2,36.89,2050,RCP_8.5,True,1.76,0.188,ECB_climate_indicators,chronic,C27
PR000256,CP00132,heatwave,BANK02,PT,1,2,36.89,2030,RCP_2.6,False,1.32,0.188,ECB_climate_indicators,acute,C27
PR000257,CP00132,sea_level_rise,BANK02,PT,1,2,36.89,2050,RCP_4.5,False,2.03,0.188,ECB_climate_indicators,chronic,C27
PR000258,CP00133,wildfire,BANK02,FR,2,4,872.72,2030,RCP_8.5,True,60.5,4.444,ECB_climate_indicators,acute,H49
PR000259,CP00133,drought,BANK02,FR,3,2,872.72,2050,RCP_2.6,False,46.16,4.444,ECB_climate_indicators,chronic,H49
PR000260,CP00134,heatwave,BANK02,IE,2,2,237.5,2030,RCP_8.5,False,10.44,1.209,ECB_climate_indicators,acute,B07
PR000261,CP00134,flood,BANK02,IE,3,3,237.5,2030,RCP_4.5,False,29.0,1.209,ECB_climate_indicators,acute,B07
PR000262,CP00135,windstorm,BANK02,LU,5,3,13.63,2030,RCP_2.6,True,0.54,0.069,ECB_climate_indicators,acute,C13
PR000263,CP00135,drought,BANK02,LU,2,4,13.63,2030,RCP_2.6,True,0.98,0.069,ECB_climate_indicators,chronic,C13
PR000264,CP00136,drought,BANK02,BE,5,2,209.39,2050,RCP_2.6,True,9.61,1.066,ECB_climate_indicators,chronic,H51
PR000265,CP00136,sea_level_rise,BANK02,BE,3,2,209.39,2050,RCP_8.5,False,14.84,1.066,ECB_climate_indicators,chronic,H51
PR000266,CP00137,wildfire,BANK02,FR,1,5,5.58,2030,RCP_4.5,True,0.44,0.028,ECB_climate_indicators,acute,F41
PR000267,CP00137,windstorm,BANK02,FR,2,4,5.58,2030,RCP_4.5,True,0.31,0.028,ECB_climate_indicators,acute,F41
PR000268,CP00138,sea_level_rise,BANK02,DE,5,4,75.12,2030,RCP_2.6,True,4.73,0.383,ECB_climate_indicators,chronic,B05
PR000269,CP00139,sea_level_rise,BANK02,IT,3,2,11.34,2030,RCP_2.6,False,1.35,0.058,ECB_climate_indicators,chronic,A02
PR000270,CP00139,heatwave,BANK02,IT,4,1,11.34,2050,RCP_8.5,True,0.48,0.058,ECB_climate_indicators,acute,A02
PR000271,CP00139,flood,BANK02,IT,1,3,11.34,2050,RCP_2.6,False,1.36,0.058,ECB_climate_indicators,acute,A02
PR000272,CP00140,heatwave,BANK02,LU,2,1,1013.84,2030,RCP_8.5,False,22.85,5.162,ECB_climate_indicators,acute,H49
PR000273,CP00140,sea_level_rise,BANK02,LU,3,4,1013.84,2050,RCP_2.6,True,53.96,5.162,ECB_climate_indicators,chronic,H49
PR000274,CP00141,sea_level_rise,BANK02,NL,2,2,240.38,2050,RCP_8.5,False,25.38,1.224,ECB_climate_indicators,chronic,C22
PR000275,CP00142,heatwave,BANK02,IE,2,3,61.76,2030,RCP_2.6,False,1.76,0.314,ECB_climate_indicators,acute,B05
PR000276,CP00142,sea_level_rise,BANK02,IE,2,4,61.76,2030,RCP_4.5,True,3.21,0.314,ECB_climate_indicators,chronic,B05
PR000277,CP00142,wildfire,BANK02,IE,3,2,61.76,2050,RCP_8.5,False,5.14,0.314,ECB_climate_indicators,acute,B05
PR000278,CP00143,drought,BANK02,BE,3,5,155.84,2030,RCP_2.6,True,7.42,0.794,ECB_climate_indicators,chronic,B07
PR000279,CP00143,wildfire,BANK02,BE,3,1,155.84,2050,RCP_8.5,False,8.57,0.794,ECB_climate_indicators,acute,B07
PR000280,CP00144,wildfire,BANK02,NL,4,2,1175.32,2050,RCP_2.6,True,100.45,5.985,ECB_climate_indicators,acute,C25
PR000281,CP00144,heatwave,BANK02,NL,1,4,1175.32,2050,RCP_4.5,True,27.75,5.985,ECB_climate_indicators,acute,C25
PR000282,CP00145,drought,BANK02,PL,3,3,448.33,2030,RCP_2.6,False,29.22,2.283,ECB_climate_indicators,chronic,B06
PR000283,CP00145,sea_level_rise,BANK02,PL,2,2,448.33,2030,RCP_8.5,False,39.03,2.283,ECB_climate_indicators,chronic,B06
PR000284,CP00146,windstorm,BANK02,FR,3,4,2.26,2030,RCP_2.6,True,0.12,0.012,ECB_climate_indicators,acute,F43
PR000285,CP00147,heatwave,BANK02,ES,3,3,20.9,2030,RCP_4.5,False,0.61,0.106,ECB_climate_indicators,acute,C29
PR000286,CP00147,windstorm,BANK02,ES,3,3,20.9,2050,RCP_4.5,False,1.37,0.106,ECB_climate_indicators,acute,C29
PR000287,CP00148,flood,BANK02,ES,2,2,3.92,2050,RCP_8.5,False,0.47,0.02,ECB_climate_indicators,acute,F42
PR000288,CP00148,sea_level_rise,BANK02,ES,3,4,3.92,2030,RCP_4.5,True,0.35,0.02,ECB_climate_indicators,chronic,F42
PR000289,CP00149,flood,BANK02,DE,3,3,5.49,2050,RCP_8.5,False,0.49,0.028,ECB_climate_indicators,acute,H51
PR000290,CP00149,wildfire,BANK02,DE,3,3,5.49,2050,RCP_4.5,False,0.3,0.028,ECB_climate_indicators,acute,H51
PR000291,CP00149,heatwave,BANK02,DE,4,3,5.49,2030,RCP_4.5,True,0.15,0.028,ECB_climate_indicators,acute,H51
PR000292,CP00150,flood,BANK02,LU,3,1,1295.87,2030,RCP_2.6,False,122.52,6.599,ECB_climate_indicators,acute,D35
PR000293,CP00150,sea_level_rise,BANK02,LU,5,3,1295.87,2030,RCP_2.6,True,111.33,6.599,ECB_climate_indicators,chronic,D35
PR000294,CP00150,wildfire,BANK02,LU,5,4,1295.87,2050,RCP_4.5,True,70.7,6.599,ECB_climate_indicators,acute,D35
PR000295,CP00151,heatwave,BANK02,DE,3,4,580.06,2030,RCP_4.5,True,13.11,2.954,ECB_climate_indicators,acute,C23
PR000296,CP00151,flood,BANK02,DE,2,2,580.06,2030,RCP_2.6,False,86.3,2.954,ECB_climate_indicators,acute,C23
PR000297,CP00152,drought,BANK02,NL,4,3,59.7,2030,RCP_4.5,True,2.77,0.304,ECB_climate_indicators,chronic,F42
PR000298,CP00153,sea_level_rise,BANK02,ES,3,2,27.92,2030,RCP_8.5,False,2.98,0.142,ECB_climate_indicators,chronic,F41
PR000299,CP00154,flood,BANK02,LU,5,3,61.4,2030,RCP_2.6,True,8.75,0.313,ECB_climate_indicators,acute,C30
PR000300,CP00154,heatwave,BANK02,LU,1,2,61.4,2030,RCP_2.6,False,2.71,0.313,ECB_climate_indicators,acute,C30
PR000301,CP00155,wildfire,BANK02,BE,4,4,730.62,2030,RCP_4.5,True,63.0,3.72,ECB_climate_indicators,acute,A02
PR000302,CP00155,sea_level_rise,BANK02,BE,4,3,730.62,2050,RCP_4.5,True,57.17,3.72,ECB_climate_indicators,chronic,A02
PR000303,CP00155,windstorm,BANK02,BE,2,1,730.62,2030,RCP_2.6,False,25.43,3.72,ECB_climate_indicators,acute,A02
PR000304,CP00156,wildfire,BANK02,DE,2,5,1269.41,2050,RCP_2.6,True,68.04,6.464,ECB_climate_indicators,acute,C30
PR000305,CP00156,windstorm,BANK02,DE,1,2,1269.41,2050,RCP_8.5,False,82.77,6.464,ECB_climate_indicators,acute,C30
PR000306,CP00156,sea_level_rise,BANK02,DE,1,3,1269.41,2030,RCP_4.5,False,131.07,6.464,ECB_climate_indicators,chronic,C30
PR000307,CP00157,flood,BANK02,FR,1,4,772.58,2050,RCP_8.5,True,73.88,3.934,ECB_climate_indicators,acute,F42
PR000308,CP00157,windstorm,BANK02,FR,3,4,772.58,2030,RCP_2.6,True,52.89,3.934,ECB_climate_indicators,acute,F42
PR000309,CP00157,drought,BANK02,FR,5,3,772.58,2050,RCP_2.6,True,53.53,3.934,ECB_climate_indicators,chronic,F42
PR000310,CP00158,wildfire,BANK02,PL,3,4,1.88,2030,RCP_2.6,True,0.17,0.01,ECB_climate_indicators,acute,G46
PR000311,CP00158,drought,BANK02,PL,2,2,1.88,2030,RCP_8.5,False,0.08,0.01,ECB_climate_indicators,chronic,G46
PR000312,CP00158,flood,BANK02,PL,4,1,1.88,2050,RCP_2.6,True,0.25,0.01,ECB_climate_indicators,acute,G46
PR000313,CP00159,heatwave,BANK02,NL,1,3,448.83,2050,RCP_8.5,False,21.21,2.285,ECB_climate_indicators,acute,C19
PR000314,CP00160,heatwave,BANK02,IT,2,2,846.76,2050,RCP_2.6,False,39.18,4.312,ECB_climate_indicators,acute,I56
PR000315,CP00160,wildfire,BANK02,IT,1,3,846.76,2050,RCP_2.6,False,34.45,4.312,ECB_climate_indicators,acute,I56
PR000316,CP00160,windstorm,BANK02,IT,1,2,846.76,2050,RCP_8.5,False,42.22,4.312,ECB_climate_indicators,acute,I56
PR000317,CP00161,drought,BANK03,PT,3,3,78.75,2050,RCP_8.5,False,4.64,0.327,ECB_climate_indicators,chronic,J58
PR000318,CP00161,windstorm,BANK03,PT,5,4,78.75,2030,RCP_4.5,True,5.39,0.327,ECB_climate_indicators,acute,J58
PR000319,CP00162,heatwave,BANK03,IT,4,2,98.11,2050,RCP_8.5,True,4.44,0.407,ECB_climate_indicators,acute,H50
PR000320,CP00163,flood,BANK03,PL,2,4,5.98,2030,RCP_8.5,True,0.89,0.025,ECB_climate_indicators,acute,M70
PR000321,CP00163,drought,BANK03,PL,3,5,5.98,2030,RCP_2.6,True,0.42,0.025,ECB_climate_indicators,chronic,M70
PR000322,CP00163,wildfire,BANK03,PL,4,3,5.98,2050,RCP_2.6,True,0.45,0.025,ECB_climate_indicators,acute,M70
PR000323,CP00164,windstorm,BANK03,DE,3,2,276.39,2030,RCP_4.5,False,10.01,1.147,ECB_climate_indicators,acute,J63
PR000324,CP00164,heatwave,BANK03,DE,4,3,276.39,2030,RCP_2.6,True,7.84,1.147,ECB_climate_indicators,acute,J63
PR000325,CP00164,drought,BANK03,DE,2,3,276.39,2050,RCP_4.5,False,14.54,1.147,ECB_climate_indicators,chronic,J63
PR000326,CP00165,wildfire,BANK03,IE,4,3,113.84,2030,RCP_2.6,True,9.41,0.473,ECB_climate_indicators,acute,Q87
PR000327,CP00166,wildfire,BANK03,NL,3,3,161.9,2050,RCP_8.5,False,8.12,0.672,ECB_climate_indicators,acute,F43
PR000328,CP00167,wildfire,BANK03,DE,2,2,0.96,2050,RCP_2.6,False,0.07,0.004,ECB_climate_indicators,acute,N78
PR000329,CP00167,drought,BANK03,DE,2,4,0.96,2030,RCP_8.5,True,0.05,0.004,ECB_climate_indicators,chronic,N78
PR000330,CP00167,sea_level_rise,BANK03,DE,2,1,0.96,2030,RCP_2.6,False,0.08,0.004,ECB_climate_indicators,chronic,N78
PR000331,CP00168,flood,BANK03,IE,1,3,6.89,2050,RCP_4.5,False,0.57,0.029,ECB_climate_indicators,acute,C17
PR000332,CP00168,drought,BANK03,IE,1,3,6.89,2030,RCP_4.5,False,0.41,0.029,ECB_climate_indicators,chronic,C17
PR000333,CP00169,wildfire,BANK03,PT,5,4,1156.44,2050,RCP_8.5,True,110.88,4.801,ECB_climate_indicators,acute,G45
PR000334,CP00169,flood,BANK03,PT,2,3,1156.44,2050,RCP_2.6,False,162.39,4.801,ECB_climate_indicators,acute,G45
PR000335,CP00170,windstorm,BANK03,FI,1,2,80.57,2030,RCP_8.5,False,3.76,0.334,ECB_climate_indicators,acute,I56
PR000336,CP00170,sea_level_rise,BANK03,FI,4,3,80.57,2030,RCP_2.6,True,4.71,0.334,ECB_climate_indicators,chronic,I56
PR000337,CP00171,sea_level_rise,BANK03,BE,2,4,1832.21,2030,RCP_2.6,True,125.33,7.606,ECB_climate_indicators,chronic,B08
PR000338,CP00171,flood,BANK03,BE,3,2,1832.21,2050,RCP_2.6,False,173.07,7.606,ECB_climate_indicators,acute,B08
PR000339,CP00172,windstorm,BANK03,AT,1,2,296.45,2030,RCP_4.5,False,12.39,1.231,ECB_climate_indicators,acute,Q87
PR000340,CP00172,wildfire,BANK03,AT,1,3,296.45,2050,RCP_4.5,False,26.36,1.231,ECB_climate_indicators,acute,Q87
PR000341,CP00173,drought,BANK03,DE,1,3,753.42,2050,RCP_4.5,False,24.2,3.128,ECB_climate_indicators,chronic,N78
PR000342,CP00174,heatwave,BANK03,IT,4,1,113.71,2030,RCP_4.5,True,3.25,0.472,ECB_climate_indicators,acute,C22
PR000343,CP00174,flood,BANK03,IT,3,3,113.71,2050,RCP_8.5,False,9.79,0.472,ECB_climate_indicators,acute,C22
PR000344,CP00175,wildfire,BANK03,BE,4,2,11.09,2030,RCP_8.5,True,0.93,0.046,ECB_climate_indicators,acute,M70
PR000345,CP00176,drought,BANK03,BE,3,3,78.9,2050,RCP_8.5,False,5.57,0.328,ECB_climate_indicators,chronic,C13
PR000346,CP00176,sea_level_rise,BANK03,BE,3,2,78.9,2050,RCP_8.5,False,5.9,0.328,ECB_climate_indicators,chronic,C13
PR000347,CP00176,heatwave,BANK03,BE,3,4,78.9,2050,RCP_8.5,True,3.78,0.328,ECB_climate_indicators,acute,C13
PR000348,CP00177,wildfire,BANK03,IT,2,3,53.62,2030,RCP_2.6,False,4.66,0.223,ECB_climate_indicators,acute,F42
PR000349,CP00178,windstorm,BANK03,PL,4,5,32.44,2030,RCP_2.6,True,0.98,0.135,ECB_climate_indicators,acute,C27
PR000350,CP00178,drought,BANK03,PL,4,3,32.44,2050,RCP_2.6,True,1.55,0.135,ECB_climate_indicators,chronic,C27
PR000351,CP00178,sea_level_rise,BANK03,PL,2,4,32.44,2050,RCP_4.5,True,2.57,0.135,ECB_climate_indicators,chronic,C27
PR000352,CP00179,sea_level_rise,BANK03,DE,3,4,53.01,2030,RCP_8.5,True,2.9,0.22,ECB_climate_indicators,chronic,M70
PR000353,CP00179,windstorm,BANK03,DE,2,4,53.01,2050,RCP_8.5,True,3.49,0.22,ECB_climate_indicators,acute,M70
PR000354,CP00179,wildfire,BANK03,DE,3,2,53.01,2050,RCP_4.5,False,3.12,0.22,ECB_climate_indicators,acute,M70
PR000355,CP00180,flood,BANK03,IT,2,1,2836.44,2050,RCP_4.5,False,353.49,11.775,ECB_climate_indicators,acute,Q87
PR000356,CP00180,windstorm,BANK03,IT,4,2,2836.44,2050,RCP_8.5,True,166.65,11.775,ECB_climate_indicators,acute,Q87
PR000357,CP00181,sea_level_rise,BANK03,IE,3,1,1025.22,2030,RCP_4.5,False,97.25,4.256,ECB_climate_indicators,chronic,M70
PR000358,CP00181,wildfire,BANK03,IE,3,5,1025.22,2050,RCP_4.5,True,93.75,4.256,ECB_climate_indicators,acute,M70
PR000359,CP00182,sea_level_rise,BANK03,IT,3,4,571.67,2050,RCP_4.5,True,34.04,2.373,ECB_climate_indicators,chronic,N78
PR000360,CP00182,heatwave,BANK03,IT,1,2,571.67,2050,RCP_4.5,False,11.63,2.373,ECB_climate_indicators,acute,N78
PR000361,CP00183,wildfire,BANK03,FR,4,3,480.67,2050,RCP_8.5,True,47.7,1.995,ECB_climate_indicators,acute,C11
PR000362,CP00184,wildfire,BANK03,FI,4,1,142.74,2050,RCP_8.5,True,10.01,0.593,ECB_climate_indicators,acute,I56
PR000363,CP00184,drought,BANK03,FI,2,2,142.74,2030,RCP_8.5,False,6.95,0.593,ECB_climate_indicators,chronic,I56
PR000364,CP00185,windstorm,BANK03,DE,2,3,1721.91,2050,RCP_2.6,False,118.24,7.148,ECB_climate_indicators,acute,C30
PR000365,CP00186,wildfire,BANK03,NL,3,1,247.29,2050,RCP_8.5,False,19.01,1.027,ECB_climate_indicators,acute,C24
PR000366,CP00186,heatwave,BANK03,NL,3,5,247.29,2030,RCP_2.6,True,9.22,1.027,ECB_climate_indicators,acute,C24
PR000367,CP00187,wildfire,BANK03,LU,2,5,1867.91,2030,RCP_8.5,True,127.58,7.754,ECB_climate_indicators,acute,C10
PR000368,CP00187,heatwave,BANK03,LU,5,2,1867.91,2050,RCP_2.6,True,80.49,7.754,ECB_climate_indicators,acute,C10
PR000369,CP00188,sea_level_rise,BANK03,DE,1,4,797.59,2030,RCP_4.5,True,83.79,3.311,ECB_climate_indicators,chronic,C29
PR000370,CP00188,wildfire,BANK03,DE,4,1,797.59,2050,RCP_2.6,True,32.04,3.311,ECB_climate_indicators,acute,C29
PR000371,CP00188,windstorm,BANK03,DE,3,5,797.59,2050,RCP_8.5,True,49.1,3.311,ECB_climate_indicators,acute,C29
PR000372,CP00189,drought,BANK03,BE,2,3,15.91,2050,RCP_8.5,False,0.61,0.066,ECB_climate_indicators,chronic,G46
PR000373,CP00189,flood,BANK03,BE,2,2,15.91,2030,RCP_4.5,False,1.41,0.066,ECB_climate_indicators,acute,G46
PR000374,CP00190,windstorm,BANK03,IE,2,5,1.38,2050,RCP_2.6,True,0.06,0.006,ECB_climate_indicators,acute,C30
PR000375,CP00190,sea_level_rise,BANK03,IE,2,2,1.38,2050,RCP_4.5,False,0.15,0.006,ECB_climate_indicators,chronic,C30
PR000376,CP00190,heatwave,BANK03,IE,5,4,1.38,2030,RCP_8.5,True,0.05,0.006,ECB_climate_indicators,acute,C30
PR000377,CP00191,windstorm,BANK03,AT,2,3,14.63,2050,RCP_4.5,False,0.56,0.061,ECB_climate_indicators,acute,C30
PR000378,CP00191,heatwave,BANK03,AT,4,4,14.63,2030,RCP_8.5,True,0.6,0.061,ECB_climate_indicators,acute,C30
PR000379,CP00191,flood,BANK03,AT,3,2,14.63,2050,RCP_4.5,False,1.56,0.061,ECB_climate_indicators,acute,C30
PR000380,CP00192,sea_level_rise,BANK03,DE,4,4,17.45,2030,RCP_4.5,True,1.94,0.072,ECB_climate_indicators,chronic,P85
PR000381,CP00192,heatwave,BANK03,DE,2,2,17.45,2050,RCP_4.5,False,0.69,0.072,ECB_climate_indicators,acute,P85
PR000382,CP00192,drought,BANK03,DE,4,4,17.45,2050,RCP_4.5,True,1.04,0.072,ECB_climate_indicators,chronic,P85
PR000383,CP00193,heatwave,BANK03,IT,3,2,125.52,2030,RCP_4.5,False,5.12,0.521,ECB_climate_indicators,acute,P85
PR000384,CP00193,wildfire,BANK03,IT,3,3,125.52,2050,RCP_8.5,False,12.07,0.521,ECB_climate_indicators,acute,P85
PR000385,CP00193,drought,BANK03,IT,3,2,125.52,2050,RCP_4.5,False,4.78,0.521,ECB_climate_indicators,chronic,P85
PR000386,CP00194,windstorm,BANK03,IT,1,2,38.47,2050,RCP_4.5,False,2.22,0.16,ECB_climate_indicators,acute,N78
PR000387,CP00194,flood,BANK03,IT,3,1,38.47,2050,RCP_2.6,False,5.5,0.16,ECB_climate_indicators,acute,N78
PR000388,CP00195,drought,BANK03,ES,2,3,2.1,2050,RCP_4.5,False,0.16,0.009,ECB_climate_indicators,chronic,C27
PR000389,CP00195,wildfire,BANK03,ES,1,4,2.1,2030,RCP_4.5,True,0.11,0.009,ECB_climate_indicators,acute,C27
PR000390,CP00195,flood,BANK03,ES,5,2,2.1,2050,RCP_2.6,True,0.17,0.009,ECB_climate_indicators,acute,C27
PR000391,CP00196,windstorm,BANK03,IT,2,3,1877.65,2030,RCP_2.6,False,110.39,7.795,ECB_climate_indicators,acute,E36
PR000392,CP00196,drought,BANK03,IT,3,3,1877.65,2030,RCP_4.5,False,86.96,7.795,ECB_climate_indicators,chronic,E36
PR000393,CP00197,flood,BANK03,FR,1,3,59.87,2050,RCP_8.5,False,6.8,0.249,ECB_climate_indicators,acute,J62
PR000394,CP00198,wildfire,BANK03,LU,4,4,8.19,2030,RCP_4.5,True,0.51,0.034,ECB_climate_indicators,acute,I56
PR000395,CP00198,drought,BANK03,LU,2,3,8.19,2050,RCP_4.5,False,0.41,0.034,ECB_climate_indicators,chronic,I56
PR000396,CP00198,windstorm,BANK03,LU,3,5,8.19,2050,RCP_2.6,True,0.31,0.034,ECB_climate_indicators,acute,I56
PR000397,CP00199,drought,BANK03,LU,4,4,1367.47,2030,RCP_8.5,True,96.46,5.677,ECB_climate_indicators,chronic,F41
PR000398,CP00199,sea_level_rise,BANK03,LU,2,3,1367.47,2030,RCP_4.5,False,78.18,5.677,ECB_climate_indicators,chronic,F41
PR000399,CP00199,wildfire,BANK03,LU,2,4,1367.47,2050,RCP_4.5,True,78.79,5.677,ECB_climate_indicators,acute,F41
PR000400,CP00200,windstorm,BANK03,BE,3,1,4.9,2050,RCP_8.5,False,0.34,0.02,ECB_climate_indicators,acute,N78
PR000401,CP00200,drought,BANK03,BE,3,5,4.9,2050,RCP_8.5,True,0.19,0.02,ECB_climate_indicators,chronic,N78
PR000402,CP00200,heatwave,BANK03,BE,1,1,4.9,2050,RCP_2.6,False,0.15,0.02,ECB_climate_indicators,acute,N78
PR000403,CP00201,windstorm,BANK03,PT,1,5,1.54,2030,RCP_2.6,True,0.07,0.006,ECB_climate_indicators,acute,P85
PR000404,CP00202,drought,BANK03,DE,3,1,514.18,2050,RCP_8.5,False,36.53,2.135,ECB_climate_indicators,chronic,I55
PR000405,CP00202,heatwave,BANK03,DE,3,5,514.18,2050,RCP_4.5,True,17.86,2.135,ECB_climate_indicators,acute,I55
PR000406,CP00203,drought,BANK03,PT,3,3,47.71,2050,RCP_2.6,False,2.9,0.198,ECB_climate_indicators,chronic,C11
PR000407,CP00203,windstorm,BANK03,PT,3,4,47.71,2050,RCP_4.5,True,2.35,0.198,ECB_climate_indicators,acute,C11
PR000408,CP00203,wildfire,BANK03,PT,5,2,47.71,2050,RCP_2.6,True,2.03,0.198,ECB_climate_indicators,acute,C11
PR000409,CP00204,sea_level_rise,BANK03,FR,4,4,966.12,2030,RCP_2.6,True,78.29,4.011,ECB_climate_indicators,chronic,C28
PR000410,CP00204,windstorm,BANK03,FR,4,2,966.12,2030,RCP_4.5,True,63.09,4.011,ECB_climate_indicators,acute,C28
PR000411,CP00204,drought,BANK03,FR,4,1,966.12,2030,RCP_2.6,True,62.2,4.011,ECB_climate_indicators,chronic,C28
PR000412,CP00205,flood,BANK03,NL,3,4,633.57,2030,RCP_4.5,True,88.47,2.63,ECB_climate_indicators,acute,Q87
PR000413,CP00206,drought,BANK03,IE,5,2,1.68,2050,RCP_8.5,True,0.1,0.007,ECB_climate_indicators,chronic,A02
PR000414,CP00206,sea_level_rise,BANK03,IE,3,4,1.68,2030,RCP_2.6,True,0.1,0.007,ECB_climate_indicators,chronic,A02
PR000415,CP00206,windstorm,BANK03,IE,2,4,1.68,2050,RCP_2.6,True,0.11,0.007,ECB_climate_indicators,acute,A02
PR000416,CP00207,heatwave,BANK03,DE,3,4,7.07,2030,RCP_4.5,True,0.27,0.029,ECB_climate_indicators,acute,C25
PR000417,CP00207,flood,BANK03,DE,2,3,7.07,2030,RCP_2.6,False,0.62,0.029,ECB_climate_indicators,acute,C25
PR000418,CP00208,flood,BANK03,IE,3,3,78.18,2050,RCP_2.6,False,8.84,0.325,ECB_climate_indicators,acute,F42
PR000419,CP00209,drought,BANK03,NL,5,5,214.29,2030,RCP_8.5,True,13.34,0.89,ECB_climate_indicators,chronic,C13
PR000420,CP00209,flood,BANK03,NL,2,4,214.29,2030,RCP_2.6,True,19.87,0.89,ECB_climate_indicators,acute,C13
PR000421,CP00210,sea_level_rise,BANK03,PL,4,3,5.25,2050,RCP_8.5,True,0.46,0.022,ECB_climate_indicators,chronic,F42
PR000422,CP00211,wildfire,BANK03,DE,4,3,99.57,2050,RCP_2.6,True,8.14,0.413,ECB_climate_indicators,acute,E38
PR000423,CP00211,flood,BANK03,DE,3,2,99.57,2030,RCP_2.6,False,11.73,0.413,ECB_climate_indicators,acute,E38
PR000424,CP00212,windstorm,BANK03,DE,2,2,20.63,2050,RCP_2.6,False,0.69,0.086,ECB_climate_indicators,acute,I56
PR000425,CP00212,drought,BANK03,DE,1,2,20.63,2050,RCP_4.5,False,1.59,0.086,ECB_climate_indicators,chronic,I56
PR000426,CP00213,windstorm,BANK03,IT,3,4,175.28,2030,RCP_2.6,True,6.15,0.728,ECB_climate_indicators,acute,J58
PR000427,CP00213,sea_level_rise,BANK03,IT,2,2,175.28,2030,RCP_2.6,False,21.02,0.728,ECB_climate_indicators,chronic,J58
PR000428,CP00213,drought,BANK03,IT,4,5,175.28,2050,RCP_8.5,True,8.41,0.728,ECB_climate_indicators,chronic,J58
PR000429,CP00214,sea_level_rise,BANK03,BE,2,2,1126.91,2050,RCP_2.6,False,94.57,4.678,ECB_climate_indicators,chronic,C20
PR000430,CP00214,drought,BANK03,BE,3,1,1126.91,2030,RCP_2.6,False,37.98,4.678,ECB_climate_indicators,chronic,C20
PR000431,CP00214,windstorm,BANK03,BE,5,5,1126.91,2030,RCP_8.5,True,75.21,4.678,ECB_climate_indicators,acute,C20
PR000432,CP00215,windstorm,BANK03,ES,3,5,849.02,2030,RCP_4.5,True,48.99,3.525,ECB_climate_indicators,acute,M70
PR000433,CP00215,sea_level_rise,BANK03,ES,1,4,849.02,2050,RCP_4.5,True,77.7,3.525,ECB_climate_indicators,chronic,M70
PR000434,CP00216,drought,BANK03,DE,4,3,40.82,2030,RCP_2.6,True,1.66,0.169,ECB_climate_indicators,chronic,E38
PR000435,CP00216,flood,BANK03,DE,1,3,40.82,2030,RCP_2.6,False,5.64,0.169,ECB_climate_indicators,acute,E38
PR000436,CP00216,sea_level_rise,BANK03,DE,2,2,40.82,2050,RCP_8.5,False,4.27,0.169,ECB_climate_indicators,chronic,E38
PR000437,CP00217,drought,BANK03,BE,4,3,38.18,2030,RCP_8.5,True,1.29,0.158,ECB_climate_indicators,chronic,Q86
PR000438,CP00218,windstorm,BANK03,DE,3,3,685.55,2030,RCP_2.6,False,24.21,2.846,ECB_climate_indicators,acute,C19
PR000439,CP00218,flood,BANK03,DE,3,3,685.55,2030,RCP_2.6,False,94.83,2.846,ECB_climate_indicators,acute,C19
PR000440,CP00218,drought,BANK03,DE,4,2,685.55,2030,RCP_8.5,True,21.22,2.846,ECB_climate_indicators,chronic,C19
PR000441,CP00219,flood,BANK03,NL,1,2,152.12,2030,RCP_8.5,False,12.21,0.631,ECB_climate_indicators,acute,Q86
PR000442,CP00219,windstorm,BANK03,NL,3,1,152.12,2050,RCP_2.6,False,4.57,0.631,ECB_climate_indicators,acute,Q86
PR000443,CP00220,sea_level_rise,BANK03,LU,3,4,1.35,2030,RCP_8.5,True,0.11,0.006,ECB_climate_indicators,chronic,E38
PR000444,CP00220,wildfire,BANK03,LU,2,1,1.35,2030,RCP_4.5,False,0.12,0.006,ECB_climate_indicators,acute,E38
PR000445,CP00220,drought,BANK03,LU,3,2,1.35,2050,RCP_8.5,False,0.09,0.006,ECB_climate_indicators,chronic,E38
PR000446,CP00221,wildfire,BANK04,NL,2,4,4.82,2050,RCP_4.5,True,0.36,0.054,ECB_climate_indicators,acute,G46
PR000447,CP00221,heatwave,BANK04,NL,2,4,4.82,2030,RCP_8.5,True,0.15,0.054,ECB_climate_indicators,acute,G46
PR000448,CP00221,windstorm,BANK04,NL,2,1,4.82,2030,RCP_2.6,False,0.26,0.054,ECB_climate_indicators,acute,G46
PR000449,CP00222,heatwave,BANK04,IT,1,5,67.72,2050,RCP_4.5,True,1.59,0.762,ECB_climate_indicators,acute,N78
PR000450,CP00222,sea_level_rise,BANK04,IT,1,4,67.72,2030,RCP_2.6,True,3.62,0.762,ECB_climate_indicators,chronic,N78
PR000451,CP00222,wildfire,BANK04,IT,2,4,67.72,2030,RCP_8.5,True,4.35,0.762,ECB_climate_indicators,acute,N78
PR000452,CP00223,heatwave,BANK04,PT,3,3,2004.13,2050,RCP_8.5,False,96.39,22.542,ECB_climate_indicators,acute,M71
PR000453,CP00223,drought,BANK04,PT,1,2,2004.13,2030,RCP_8.5,False,93.35,22.542,ECB_climate_indicators,chronic,M71
PR000454,CP00224,heatwave,BANK04,NL,2,3,165.1,2030,RCP_4.5,False,3.7,1.857,ECB_climate_indicators,acute,J63
PR000455,CP00224,flood,BANK04,NL,3,3,165.1,2030,RCP_8.5,False,21.05,1.857,ECB_climate_indicators,acute,J63
PR000456,CP00224,sea_level_rise,BANK04,NL,4,3,165.1,2030,RCP_2.6,True,18.1,1.857,ECB_climate_indicators,chronic,J63
PR000457,CP00225,heatwave,BANK04,IT,1,3,26.4,2030,RCP_4.5,False,0.79,0.297,ECB_climate_indicators,acute,L68
PR000458,CP00225,flood,BANK04,IT,2,2,26.4,2030,RCP_8.5,False,2.54,0.297,ECB_climate_indicators,acute,L68
PR000459,CP00226,drought,BANK04,BE,4,3,1.31,2030,RCP_2.6,True,0.1,0.015,ECB_climate_indicators,chronic,E36
PR000460,CP00226,wildfire,BANK04,BE,2,2,1.31,2050,RCP_4.5,False,0.09,0.015,ECB_climate_indicators,acute,E36
PR000461,CP00227,flood,BANK04,NL,1,1,33.72,2050,RCP_8.5,False,4.18,0.379,ECB_climate_indicators,acute,C27
PR000462,CP00227,heatwave,BANK04,NL,5,3,33.72,2030,RCP_2.6,True,1.36,0.379,ECB_climate_indicators,acute,C27
PR000463,CP00227,wildfire,BANK04,NL,2,3,33.72,2050,RCP_4.5,False,2.1,0.379,ECB_climate_indicators,acute,C27
PR000464,CP00228,flood,BANK04,AT,3,5,310.52,2030,RCP_4.5,True,29.08,3.493,ECB_climate_indicators,acute,G46
PR000465,CP00228,drought,BANK04,AT,3,2,310.52,2030,RCP_2.6,False,23.36,3.493,ECB_climate_indicators,chronic,G46
PR000466,CP00229,sea_level_rise,BANK04,AT,3,3,2.94,2050,RCP_8.5,False,0.33,0.033,ECB_climate_indicators,chronic,E36
PR000467,CP00230,flood,BANK04,ES,2,5,54.64,2030,RCP_4.5,True,6.89,0.615,ECB_climate_indicators,acute,K65
PR000468,CP00230,sea_level_rise,BANK04,ES,4,2,54.64,2030,RCP_4.5,True,5.33,0.615,ECB_climate_indicators,chronic,K65
PR000469,CP00231,heatwave,BANK04,IT,4,4,0.99,2050,RCP_2.6,True,0.02,0.011,ECB_climate_indicators,acute,J62
PR000470,CP00232,wildfire,BANK04,BE,3,4,7.35,2030,RCP_8.5,True,0.33,0.083,ECB_climate_indicators,acute,J62
PR000471,CP00232,drought,BANK04,BE,2,3,7.35,2030,RCP_8.5,False,0.54,0.083,ECB_climate_indicators,chronic,J62
PR000472,CP00233,flood,BANK04,FR,5,1,1060.43,2050,RCP_2.6,True,136.49,11.928,ECB_climate_indicators,acute,C22
PR000473,CP00233,drought,BANK04,FR,2,2,1060.43,2050,RCP_4.5,False,60.95,11.928,ECB_climate_indicators,chronic,C22
PR000474,CP00234,heatwave,BANK04,DE,5,2,97.24,2030,RCP_8.5,True,2.26,1.094,ECB_climate_indicators,acute,G45
PR000475,CP00235,drought,BANK04,NL,3,3,86.76,2050,RCP_8.5,False,4.52,0.976,ECB_climate_indicators,chronic,H49
PR000476,CP00235,flood,BANK04,NL,2,3,86.76,2050,RCP_8.5,False,9.23,0.976,ECB_climate_indicators,acute,H49
PR000477,CP00236,drought,BANK04,DE,4,4,1064.46,2030,RCP_8.5,True,73.32,11.973,ECB_climate_indicators,chronic,C13
PR000478,CP00237,windstorm,BANK04,BE,2,3,6.73,2030,RCP_2.6,False,0.36,0.076,ECB_climate_indicators,acute,G47
PR000479,CP00238,drought,BANK04,LU,3,2,69.77,2030,RCP_2.6,False,5.11,0.785,ECB_climate_indicators,chronic,E38
PR000480,CP00238,heatwave,BANK04,LU,3,4,69.77,2050,RCP_4.5,True,1.92,0.785,ECB_climate_indicators,acute,E38
PR000481,CP00238,flood,BANK04,LU,1,5,69.77,2050,RCP_2.6,True,8.09,0.785,ECB_climate_indicators,acute,E38
PR000482,CP00239,flood,BANK04,PT,1,2,5.01,2030,RCP_2.6,False,0.63,0.056,ECB_climate_indicators,acute,C27
PR000483,CP00239,heatwave,BANK04,PT,3,1,5.01,2030,RCP_2.6,False,0.17,0.056,ECB_climate_indicators,acute,C27
PR000484,CP00240,heatwave,BANK04,FI,4,5,227.0,2030,RCP_4.5,True,9.8,2.553,ECB_climate_indicators,acute,C27
PR000485,CP00240,windstorm,BANK04,FI,3,3,227.0,2030,RCP_8.5,False,11.89,2.553,ECB_climate_indicators,acute,C27
PR000486,CP00240,flood,BANK04,FI,4,4,227.0,2030,RCP_4.5,True,19.89,2.553,ECB_climate_indicators,acute,C27
PR000487,CP00241,flood,BANK04,DE,3,4,150.0,2030,RCP_2.6,True,17.68,1.687,ECB_climate_indicators,acute,J62
PR000488,CP00242,drought,BANK04,PL,4,1,103.26,2050,RCP_2.6,True,4.25,1.161,ECB_climate_indicators,chronic,G46
PR000489,CP00243,sea_level_rise,BANK04,NL,4,3,213.69,2050,RCP_2.6,True,12.35,2.404,ECB_climate_indicators,chronic,F42
PR000490,CP00243,windstorm,BANK04,NL,2,5,213.69,2030,RCP_4.5,True,8.82,2.404,ECB_climate_indicators,acute,F42
PR000491,CP00243,drought,BANK04,NL,1,2,213.69,2050,RCP_8.5,False,10.52,2.404,ECB_climate_indicators,chronic,F42
PR000492,CP00244,sea_level_rise,BANK04,ES,3,1,61.13,2050,RCP_8.5,False,5.51,0.688,ECB_climate_indicators,chronic,K65
PR000493,CP00244,flood,BANK04,ES,3,3,61.13,2050,RCP_2.6,False,7.27,0.688,ECB_climate_indicators,acute,K65
PR000494,CP00245,drought,BANK04,BE,3,3,105.1,2050,RCP_2.6,False,4.09,1.182,ECB_climate_indicators,chronic,J63
PR000495,CP00245,windstorm,BANK04,BE,2,4,105.1,2030,RCP_2.6,True,5.89,1.182,ECB_climate_indicators,acute,J63
PR000496,CP00245,flood,BANK04,BE,5,2,105.1,2050,RCP_2.6,True,12.31,1.182,ECB_climate_indicators,acute,J63
PR000497,CP00246,flood,BANK04,ES,4,3,120.91,2050,RCP_4.5,True,10.39,1.36,ECB_climate_indicators,acute,J58
PR000498,CP00247,windstorm,BANK04,IT,4,3,78.99,2050,RCP_2.6,True,4.63,0.888,ECB_climate_indicators,acute,J62
PR000499,CP00247,wildfire,BANK04,IT,3,2,78.99,2050,RCP_2.6,False,5.41,0.888,ECB_climate_indicators,acute,J62
PR000500,CP00247,flood,BANK04,IT,2,4,78.99,2050,RCP_4.5,True,10.97,0.888,ECB_climate_indicators,acute,J62
PR000501,CP00248,flood,BANK04,BE,3,3,997.99,2030,RCP_4.5,False,96.61,11.225,ECB_climate_indicators,acute,I56
PR000502,CP00249,flood,BANK04,NL,4,3,780.42,2050,RCP_8.5,True,114.36,8.778,ECB_climate_indicators,acute,J58
PR000503,CP00250,heatwave,BANK04,FR,2,4,349.78,2050,RCP_4.5,True,16.3,3.934,ECB_climate_indicators,acute,J63
PR000504,CP00250,flood,BANK04,FR,3,3,349.78,2030,RCP_8.5,False,29.56,3.934,ECB_climate_indicators,acute,J63
PR000505,CP00251,drought,BANK04,FI,2,4,41.88,2050,RCP_4.5,True,2.87,0.471,ECB_climate_indicators,chronic,C28
PR000506,CP00251,heatwave,BANK04,FI,2,3,41.88,2030,RCP_8.5,False,1.77,0.471,ECB_climate_indicators,acute,C28
PR000507,CP00251,wildfire,BANK04,FI,3,3,41.88,2030,RCP_4.5,False,2.46,0.471,ECB_climate_indicators,acute,C28
PR000508,CP00252,heatwave,BANK04,DE,2,3,393.81,2030,RCP_2.6,False,19.68,4.43,ECB_climate_indicators,acute,K65
PR000509,CP00253,flood,BANK04,IT,1,3,9.91,2050,RCP_4.5,False,0.87,0.111,ECB_climate_indicators,acute,E38
PR000510,CP00253,drought,BANK04,IT,4,2,9.91,2030,RCP_2.6,True,0.32,0.111,ECB_climate_indicators,chronic,E38
PR000511,CP00253,heatwave,BANK04,IT,3,3,9.91,2050,RCP_8.5,False,0.3,0.111,ECB_climate_indicators,acute,E38
PR000512,CP00254,flood,BANK04,DE,3,4,71.37,2030,RCP_4.5,True,8.57,0.803,ECB_climate_indicators,acute,L68
PR000513,CP00254,drought,BANK04,DE,1,2,71.37,2050,RCP_4.5,False,4.57,0.803,ECB_climate_indicators,chronic,L68
PR000514,CP00254,wildfire,BANK04,DE,1,3,71.37,2050,RCP_8.5,False,6.23,0.803,ECB_climate_indicators,acute,L68
PR000515,CP00255,heatwave,BANK04,FR,3,3,115.3,2050,RCP_2.6,False,5.11,1.297,ECB_climate_indicators,acute,L68
PR000516,CP00256,flood,BANK05,DE,3,4,89.84,2050,RCP_2.6,True,10.96,0.918,ECB_climate_indicators,acute,B06
PR000517,CP00256,windstorm,BANK05,DE,5,2,89.84,2050,RCP_4.5,True,4.15,0.918,ECB_climate_indicators,acute,B06
PR000518,CP00256,drought,BANK05,DE,1,2,89.84,2050,RCP_8.5,False,6.09,0.918,ECB_climate_indicators,chronic,B06
PR000519,CP00257,wildfire,BANK05,IT,3,1,69.93,2050,RCP_4.5,False,3.56,0.715,ECB_climate_indicators,acute,E38
PR000520,CP00257,drought,BANK05,IT,2,3,69.93,2030,RCP_2.6,False,4.25,0.715,ECB_climate_indicators,chronic,E38
PR000521,CP00257,heatwave,BANK05,IT,3,5,69.93,2050,RCP_8.5,True,2.22,0.715,ECB_climate_indicators,acute,E38
PR000522,CP00258,windstorm,BANK05,IT,2,2,8.68,2050,RCP_8.5,False,0.36,0.089,ECB_climate_indicators,acute,C29
PR000523,CP00258,wildfire,BANK05,IT,3,5,8.68,2030,RCP_2.6,True,0.86,0.089,ECB_climate_indicators,acute,C29
PR000524,CP00258,flood,BANK05,IT,2,2,8.68,2030,RCP_4.5,False,1.04,0.089,ECB_climate_indicators,acute,C29
PR000525,CP00259,flood,BANK05,LU,3,3,5.9,2030,RCP_8.5,False,0.5,0.06,ECB_climate_indicators,acute,Q87
PR000526,CP00259,drought,BANK05,LU,5,4,5.9,2050,RCP_4.5,True,0.43,0.06,ECB_climate_indicators,chronic,Q87
PR000527,CP00260,flood,BANK05,IT,2,5,1.7,2050,RCP_2.6,True,0.23,0.017,ECB_climate_indicators,acute,C23
PR000528,CP00261,sea_level_rise,BANK05,FR,1,4,9.22,2050,RCP_8.5,True,0.96,0.094,ECB_climate_indicators,chronic,H51
PR000529,CP00261,windstorm,BANK05,FR,3,2,9.22,2050,RCP_4.5,False,0.57,0.094,ECB_climate_indicators,acute,H51
PR000530,CP00261,wildfire,BANK05,FR,2,2,9.22,2030,RCP_8.5,False,0.76,0.094,ECB_climate_indicators,acute,H51
PR000531,CP00262,flood,BANK05,ES,5,3,153.24,2050,RCP_4.5,True,19.03,1.566,ECB_climate_indicators,acute,H50
PR000532,CP00262,heatwave,BANK05,ES,3,3,153.24,2050,RCP_2.6,False,4.7,1.566,ECB_climate_indicators,acute,H50
PR000533,CP00263,drought,BANK05,IE,5,3,8.09,2050,RCP_2.6,True,0.46,0.083,ECB_climate_indicators,chronic,C20
PR000534,CP00263,sea_level_rise,BANK05,IE,2,2,8.09,2030,RCP_4.5,False,0.58,0.083,ECB_climate_indicators,chronic,C20
PR000535,CP00264,heatwave,BANK05,BE,1,3,133.75,2050,RCP_2.6,False,4.84,1.367,ECB_climate_indicators,acute,B07
PR000536,CP00264,flood,BANK05,BE,1,2,133.75,2030,RCP_8.5,False,19.82,1.367,ECB_climate_indicators,acute,B07
PR000537,CP00264,sea_level_rise,BANK05,BE,1,2,133.75,2030,RCP_4.5,False,14.33,1.367,ECB_climate_indicators,chronic,B07
PR000538,CP00265,windstorm,BANK05,BE,3,4,7.56,2030,RCP_8.5,True,0.42,0.077,ECB_climate_indicators,acute,C24
PR000539,CP00265,wildfire,BANK05,BE,3,2,7.56,2030,RCP_2.6,False,0.59,0.077,ECB_climate_indicators,acute,C24
PR000540,CP00266,drought,BANK05,IE,4,2,17.4,2050,RCP_8.5,True,0.91,0.178,ECB_climate_indicators,chronic,F43
PR000541,CP00266,flood,BANK05,IE,2,1,17.4,2050,RCP_8.5,False,2.52,0.178,ECB_climate_indicators,acute,F43
PR000542,CP00266,sea_level_rise,BANK05,IE,2,3,17.4,2050,RCP_8.5,False,1.1,0.178,ECB_climate_indicators,chronic,F43
PR000543,CP00267,sea_level_rise,BANK05,FI,4,1,16.91,2050,RCP_4.5,True,1.63,0.173,ECB_climate_indicators,chronic,H50
PR000544,CP00268,wildfire,BANK05,ES,1,4,10.02,2050,RCP_8.5,True,0.41,0.102,ECB_climate_indicators,acute,Q86
PR000545,CP00269,wildfire,BANK05,FR,2,2,11.92,2050,RCP_4.5,False,0.96,0.122,ECB_climate_indicators,acute,C24
PR000546,CP00269,flood,BANK05,FR,3,5,11.92,2030,RCP_2.6,True,1.58,0.122,ECB_climate_indicators,acute,C24
PR000547,CP00270,drought,BANK05,BE,5,4,1696.78,2030,RCP_4.5,True,105.58,17.343,ECB_climate_indicators,chronic,C17
PR000548,CP00270,flood,BANK05,BE,1,4,1696.78,2030,RCP_4.5,True,228.23,17.343,ECB_climate_indicators,acute,C17
PR000549,CP00271,sea_level_rise,BANK05,DE,1,3,2.08,2030,RCP_2.6,False,0.2,0.021,ECB_climate_indicators,chronic,C11
PR000550,CP00271,heatwave,BANK05,DE,1,4,2.08,2030,RCP_2.6,True,0.1,0.021,ECB_climate_indicators,acute,C11
PR000551,CP00271,flood,BANK05,DE,2,1,2.08,2030,RCP_4.5,False,0.27,0.021,ECB_climate_indicators,acute,C11
PR000552,CP00272,sea_level_rise,BANK05,FR,3,4,98.68,2050,RCP_8.5,True,5.52,1.009,ECB_climate_indicators,chronic,J63
PR000553,CP00272,flood,BANK05,FR,1,2,98.68,2030,RCP_2.6,False,10.67,1.009,ECB_climate_indicators,acute,J63
PR000554,CP00272,wildfire,BANK05,FR,5,2,98.68,2050,RCP_4.5,True,7.3,1.009,ECB_climate_indicators,acute,J63
PR000555,CP00273,windstorm,BANK05,FI,5,3,1124.84,2050,RCP_2.6,True,70.9,11.497,ECB_climate_indicators,acute,H52
PR000556,CP00273,drought,BANK05,FI,2,3,1124.84,2050,RCP_4.5,False,88.43,11.497,ECB_climate_indicators,chronic,H52
PR000557,CP00273,sea_level_rise,BANK05,FI,3,3,1124.84,2050,RCP_4.5,False,119.4,11.497,ECB_climate_indicators,chronic,H52
PR000558,CP00274,drought,BANK05,PL,2,2,16.49,2030,RCP_2.6,False,0.86,0.169,ECB_climate_indicators,chronic,C17
PR000559,CP00275,windstorm,BANK05,BE,1,3,543.35,2050,RCP_8.5,False,21.84,5.554,ECB_climate_indicators,acute,I56
PR000560,CP00276,heatwave,BANK05,PT,2,3,520.51,2050,RCP_2.6,False,21.42,5.32,ECB_climate_indicators,acute,H51
PR000561,CP00276,windstorm,BANK05,PT,3,4,520.51,2030,RCP_2.6,True,36.13,5.32,ECB_climate_indicators,acute,H51
PR000562,CP00277,sea_level_rise,BANK05,FR,1,1,6.92,2030,RCP_2.6,False,0.35,0.071,ECB_climate_indicators,chronic,A01
PR000563,CP00277,flood,BANK05,FR,3,2,6.92,2050,RCP_8.5,False,0.59,0.071,ECB_climate_indicators,acute,A01
PR000564,CP00277,wildfire,BANK05,FR,3,2,6.92,2050,RCP_8.5,False,0.43,0.071,ECB_climate_indicators,acute,A01
PR000565,CP00278,wildfire,BANK05,DE,2,3,17.99,2050,RCP_8.5,False,1.62,0.184,ECB_climate_indicators,acute,C11
PR000566,CP00278,flood,BANK05,DE,2,1,17.99,2030,RCP_8.5,False,1.44,0.184,ECB_climate_indicators,acute,C11
PR000567,CP00278,windstorm,BANK05,DE,2,3,17.99,2050,RCP_2.6,False,1.24,0.184,ECB_climate_indicators,acute,C11
PR000568,CP00279,windstorm,BANK05,BE,1,2,80.09,2030,RCP_4.5,False,2.68,0.819,ECB_climate_indicators,acute,C17
PR000569,CP00279,wildfire,BANK05,BE,2,2,80.09,2030,RCP_2.6,False,5.76,0.819,ECB_climate_indicators,acute,C17
PR000570,CP00280,windstorm,BANK05,DE,3,4,13.3,2050,RCP_4.5,True,0.56,0.136,ECB_climate_indicators,acute,C27
PR000571,CP00281,flood,BANK05,DE,3,2,9.55,2030,RCP_8.5,False,1.38,0.098,ECB_climate_indicators,acute,C19
PR000572,CP00281,windstorm,BANK05,DE,5,5,9.55,2030,RCP_4.5,True,0.6,0.098,ECB_climate_indicators,acute,C19
PR000573,CP00282,sea_level_rise,BANK05,DE,2,3,3213.65,2050,RCP_2.6,False,329.32,32.848,ECB_climate_indicators,chronic,C30
PR000574,CP00283,flood,BANK05,ES,4,3,1.89,2050,RCP_2.6,True,0.27,0.019,ECB_climate_indicators,acute,H50
PR000575,CP00283,sea_level_rise,BANK05,ES,1,5,1.89,2050,RCP_4.5,True,0.14,0.019,ECB_climate_indicators,chronic,H50
PR000576,CP00284,flood,BANK05,PL,2,3,5.04,2050,RCP_8.5,False,0.57,0.052,ECB_climate_indicators,acute,C29
PR000577,CP00284,sea_level_rise,BANK05,PL,2,4,5.04,2050,RCP_8.5,True,0.42,0.052,ECB_climate_indicators,chronic,C29
PR000578,CP00285,sea_level_rise,BANK05,FR,2,3,142.74,2030,RCP_2.6,False,11.07,1.459,ECB_climate_indicators,chronic,A02
PR000579,CP00285,drought,BANK05,FR,2,1,142.74,2030,RCP_8.5,False,7.85,1.459,ECB_climate_indicators,chronic,A02
PR000580,CP00285,windstorm,BANK05,FR,2,2,142.74,2030,RCP_4.5,False,9.57,1.459,ECB_climate_indicators,acute,A02
PR000581,CP00286,windstorm,BANK05,DE,1,1,165.95,2050,RCP_2.6,False,5.37,1.696,ECB_climate_indicators,acute,C20
PR000582,CP00287,windstorm,BANK05,PL,1,2,38.02,2030,RCP_4.5,False,1.36,0.389,ECB_climate_indicators,acute,E36
PR000583,CP00287,wildfire,BANK05,PL,1,2,38.02,2050,RCP_2.6,False,1.7,0.389,ECB_climate_indicators,acute,E36
PR000584,CP00287,heatwave,BANK05,PL,2,2,38.02,2030,RCP_4.5,False,1.5,0.389,ECB_climate_indicators,acute,E36
PR000585,CP00288,windstorm,BANK05,IE,3,3,34.19,2050,RCP_4.5,False,1.83,0.349,ECB_climate_indicators,acute,A02
PR000586,CP00289,sea_level_rise,BANK05,FI,2,3,18.06,2030,RCP_4.5,False,1.09,0.185,ECB_climate_indicators,chronic,H50
PR000587,CP00289,drought,BANK05,FI,1,1,18.06,2050,RCP_2.6,False,1.22,0.185,ECB_climate_indicators,chronic,H50
PR000588,CP00289,heatwave,BANK05,FI,2,1,18.06,2030,RCP_4.5,False,0.69,0.185,ECB_climate_indicators,acute,H50
PR000589,CP00290,flood,BANK05,NL,3,3,19.19,2050,RCP_2.6,False,2.32,0.196,ECB_climate_indicators,acute,Q86
PR000590,CP00290,sea_level_rise,BANK05,NL,3,4,19.19,2050,RCP_2.6,True,1.8,0.196,ECB_climate_indicators,chronic,Q86
PR000591,CP00290,drought,BANK05,NL,2,2,19.19,2030,RCP_4.5,False,0.66,0.196,ECB_climate_indicators,chronic,Q86
PR000592,CP00291,windstorm,BANK05,FI,3,2,2.96,2050,RCP_2.6,False,0.12,0.03,ECB_climate_indicators,acute,C19
PR000593,CP00291,sea_level_rise,BANK05,FI,5,2,2.96,2030,RCP_4.5,True,0.34,0.03,ECB_climate_indicators,chronic,C19
PR000594,CP00292,sea_level_rise,BANK05,IT,3,4,737.96,2030,RCP_2.6,True,38.92,7.543,ECB_climate_indicators,chronic,B06
PR000595,CP00293,sea_level_rise,BANK05,FR,3,3,229.94,2050,RCP_8.5,False,16.62,2.35,ECB_climate_indicators,chronic,C20
PR000596,CP00293,wildfire,BANK05,FR,1,5,229.94,2050,RCP_8.5,True,21.28,2.35,ECB_climate_indicators,acute,C20
PR000597,CP00293,drought,BANK05,FR,2,4,229.94,2030,RCP_8.5,True,15.34,2.35,ECB_climate_indicators,chronic,C20
PR000598,CP00294,drought,BANK05,AT,2,3,4.24,2050,RCP_8.5,False,0.31,0.043,ECB_climate_indicators,chronic,H52
PR000599,CP00294,sea_level_rise,BANK05,AT,3,2,4.24,2050,RCP_2.6,False,0.29,0.043,ECB_climate_indicators,chronic,H52
PR000600,CP00294,heatwave,BANK05,AT,3,1,4.24,2050,RCP_2.6,False,0.2,0.043,ECB_climate_indicators,acute,H52
PR000601,CP00295,wildfire,BANK05,IT,2,2,5.32,2050,RCP_8.5,False,0.27,0.054,ECB_climate_indicators,acute,B07
PR000602,CP00295,sea_level_rise,BANK05,IT,3,2,5.32,2050,RCP_4.5,False,0.63,0.054,ECB_climate_indicators,chronic,B07
PR000603,CP00295,windstorm,BANK05,IT,2,1,5.32,2050,RCP_4.5,False,0.32,0.054,ECB_climate_indicators,acute,B07
PR000604,CP00296,windstorm,BANK05,NL,4,3,42.34,2050,RCP_4.5,True,2.3,0.433,ECB_climate_indicators,acute,C20
PR000605,CP00296,sea_level_rise,BANK05,NL,3,5,42.34,2030,RCP_4.5,True,4.22,0.433,ECB_climate_indicators,chronic,C20
PR000606,CP00297,sea_level_rise,BANK05,AT,2,2,434.58,2030,RCP_2.6,False,33.92,4.442,ECB_climate_indicators,chronic,D35
PR000607,CP00298,wildfire,BANK05,LU,2,3,2.82,2030,RCP_2.6,False,0.14,0.029,ECB_climate_indicators,acute,P85
PR000608,CP00298,windstorm,BANK05,LU,5,2,2.82,2050,RCP_2.6,True,0.15,0.029,ECB_climate_indicators,acute,P85
PR000609,CP00299,windstorm,BANK05,AT,2,3,4.16,2050,RCP_8.5,False,0.19,0.043,ECB_climate_indicators,acute,C10
PR000610,CP00300,wildfire,BANK05,IE,1,4,5.61,2030,RCP_2.6,True,0.38,0.057,ECB_climate_indicators,acute,C27
