vehicle_id,bank_id,fuel_type,annual_fuel_consumption_l,reporting_year,scope1_tco2e_2024,scope1_tco2e_2024_clean,vehicle_type,registration_year,annual_km_2024,annual_electricity_consumption_kwh,emission_factor_source,emissions_g_co2_per_km,annual_km_2022,annual_km_2023,scope1_check,scope1_delta_pct,scope1_recalc,delta_pct,scope1_fuel_path,delta_fuel_path,scope1_tco2e_2024_original
VEH0001,BANK01,hybrid,1823.0,2018,4.86741,4.86741,executive,2018,32020,0.0,DEFRA_fleet_average,99,31500,31244,3.16998,53.5467100738806,3.16998,0.0002054484940547,4.88564,0.3733390098329078,4.8674
VEH0002,BANK01,petrol,1380.2,2021,3.685134,3.685134,suv,2021,17433,0.0,DEFRA_fleet_average,171,16194,17569,2.981043,23.61780759284585,2.981043,0.0009226343925622,3.1882620000000004,15.583349172684033,3.6851
VEH0003,BANK01,petrol,1005.0,2019,2.68335,2.68335,sedan,2019,17170,0.0,manufacturer_declared,149,16122,18197,2.55833,4.8848272115012445,2.55833,0.0018633771848054,2.32155,15.582261850918558,2.6833
VEH0004,BANK01,electric,0.0,2018,0.0,0.0,compact,2018,23590,4246.2,DEFRA_fleet_average,3,21704,24671,0.07077,0.0423908435777903,0.07077,100.0,0.0,,0.0708
VEH0005,BANK01,petrol,1823.6,2018,4.869012,4.869012,van,2018,29833,0.0,DEFRA_fleet_average,141,30301,29798,4.206453,15.75072870183026,4.206453,0.0002464571780632,4.212516,15.58413071902872,4.869
VEH0006,BANK01,electric,0.0,2022,0.0,0.0,suv,2022,10646,1916.3,manufacturer_declared,2,10690,10491,0.021292,0.0375727972947635,0.021292,100.0,0.0,,0.0213
VEH0007,BANK01,diesel,1524.8,2019,4.071216,4.071216,sedan,2019,19475,0.0,NEDC,131,18696,20241,2.551225,59.57824182500564,2.551225,0.0003930045195414,0.0,,4.0712
VEH0008,BANK01,hybrid,702.2,2024,1.874874,1.874874,compact,2024,9240,0.0,DEFRA_fleet_average,102,9801,9246,0.94248,98.93260334436803,0.94248,0.001386740626171,1.881896,0.3717527429783698,1.8749
VEH0009,BANK01,petrol,2987.5,2023,7.976625,7.976625,executive,2023,33989,0.0,manufacturer_declared,162,32225,35121,5.506218,44.86531408672887,5.506218,0.0003134167439753,6.901125,15.584053324639097,7.9766
VEH0010,BANK01,diesel,1270.6,2019,3.392502,3.392502,suv,2019,16942,0.0,manufacturer_declared,180,16524,17319,3.04956,11.245556736053723,3.04956,5.8953574055577504e-05,0.0,,3.3925
VEH0011,BANK01,diesel,1229.3,2019,3.282231,3.282231,compact,2019,15511,0.0,NEDC,178,16565,15744,2.760958,18.87902677259125,2.760958,0.0009444884528636,0.0,,3.2822
VEH0012,BANK01,diesel,1154.5,2019,3.082515,3.082515,executive,2019,21704,0.0,WLTP,168,21157,21954,3.646272,15.4616002316887,3.646272,0.0004866180048621,0.0,,3.0825
VEH0013,BANK01,electric,0.0,2021,0.0,0.0,sedan,2021,20430,3677.4,manufacturer_declared,0,21685,21303,0.0,,0.0,,0.0,,0.0
VEH0014,BANK01,diesel,2025.6,2023,5.408352,5.408352,van,2023,28579,0.0,WLTP,142,27887,28265,4.058218,33.270317168767185,4.058218,0.0008875083203996,0.0,,5.4084
VEH0015,BANK01,electric,0.0,2019,0.0,0.0,van,2019,33889,6100.0,WLTP,4,31552,32935,0.135556,0.0324589099707784,0.135556,100.0,0.0,,0.1356
VEH0016,BANK01,hybrid,2096.2,2018,5.596854,5.596854,suv,2018,23610,0.0,DEFRA_fleet_average,91,24878,24011,2.14851,160.5014638051487,2.14851,0.0008218835426633,5.617816,0.3723155048153894,5.5969
VEH0017,BANK01,diesel,979.3,2022,2.614731,2.614731,sedan,2022,14374,0.0,manufacturer_declared,165,13651,14162,2.37171,10.24535040118732,2.37171,0.0011856044670475,0.0,,2.6147
VEH0018,BANK01,diesel,1684.9,2024,4.498683,4.498683,suv,2024,28404,0.0,WLTP,160,28906,26779,4.54464,1.010861146317417,4.54464,0.0003778869451308,0.0,,4.4987
VEH0019,BANK01,diesel,2069.3,2020,5.525031,5.525031,suv,2020,23608,0.0,NEDC,169,22127,24301,3.989752,38.47978520970727,3.989752,0.0005610859728487,0.0,,5.525
VEH0020,BANK01,hybrid,1145.1,2023,3.057417,3.057417,compact,2023,13239,0.0,DEFRA_fleet_average,90,12445,14023,1.19151,156.59876962845462,1.19151,0.0005560279976501,3.068868,0.3736882785444096,3.0574
VEH0021,BANK01,diesel,590.2,2019,1.575834,1.575834,executive,2019,8878,0.0,DEFRA_fleet_average,174,9065,9198,1.544772,2.0085812016271696,1.544772,0.0021576342175318,0.0,,1.5758
VEH0022,BANK01,petrol,937.2,2018,2.502324,2.502324,suv,2018,12939,0.0,DEFRA_fleet_average,143,13535,12965,1.850277,35.239210129077975,1.850277,0.0009591176118069,2.1649320000000003,15.583307004561789,2.5023
VEH0023,BANK01,petrol,1003.4,2022,2.679078,2.679078,executive,2022,11972,0.0,DEFRA_fleet_average,150,12314,11841,1.7958,49.18699186991869,1.7958,0.0008211712888644,2.317854,15.585364738244964,2.6791
VEH0024,BANK01,electric,0.0,2022,0.0,0.0,van,2022,29075,5233.5,NEDC,2,28978,29250,0.05815,0.085984522785901,0.05815,100.0,0.0,,0.0582
VEH0025,BANK01,diesel,783.4,2024,2.091678,2.091678,van,2024,10470,0.0,WLTP,143,9993,10079,1.49721,39.70652079534601,1.49721,0.001051776067312,0.0,,2.0917
VEH0026,BANK01,hybrid,1256.0,2021,3.35352,3.35352,sedan,2021,19494,0.0,DEFRA_fleet_average,96,21013,18976,1.871424,79.19509421702404,1.871424,0.0005963918294358,3.36608,0.3737284913014621,3.3535
VEH0027,BANK01,hybrid,604.5,2022,1.614015,1.614015,executive,2022,8450,0.0,DEFRA_fleet_average,86,7939,8433,0.7267,122.0999036741434,0.7267,0.0009293680297321,1.6200600000000005,0.374060219991863,1.614
VEH0028,BANK01,hybrid,514.6,2020,1.373982,1.373982,compact,2020,10196,0.0,WLTP,108,9827,9806,1.101168,24.776600845647547,1.101168,0.0013100436681276,1.379128,0.3718291558144002,1.374
VEH0029,BANK01,electric,0.0,2021,0.0,0.0,sedan,2021,8787,1581.7,WLTP,5,8517,8749,0.043935,0.0796631387276665,0.043935,100.0,0.0,,0.0439
VEH0030,BANK01,petrol,1580.7,2023,4.220469,4.220469,executive,2023,19454,0.0,DEFRA_fleet_average,171,19302,19943,3.326634,26.869983292421125,3.326634,0.0007345101291501,3.651417,15.585264569891631,4.2205
VEH0031,BANK01,diesel,2183.9,2022,5.831013,5.831013,van,2022,27257,0.0,DEFRA_fleet_average,130,27961,26074,3.54341,64.55899825309518,3.54341,0.0002229463213711,0.0,,5.831
VEH0032,BANK01,diesel,915.3,2021,2.443851,2.443851,suv,2021,13766,0.0,NEDC,158,13729,13382,2.175028,12.361771894430785,2.175028,0.0020049920209578,0.0,,2.4439
VEH0033,BANK01,diesel,1324.0,2020,3.53508,3.53508,compact,2020,24439,0.0,DEFRA_fleet_average,141,25834,25698,3.445899,2.5886133052651887,3.445899,0.0005657548584235,0.0,,3.5351
VEH0034,BANK01,electric,0.0,2024,0.0,0.0,van,2024,9289,1672.0,DEFRA_fleet_average,2,9739,8840,0.018578,0.1184196361287421,0.018578,100.0,0.0,,0.0186
VEH0035,BANK01,electric,0.0,2018,0.0,0.0,van,2018,33081,5954.6,DEFRA_fleet_average,1,30990,32918,0.033081,0.0574347812943931,0.033081,100.0,0.0,,0.0331
VEH0036,BANK01,petrol,1088.1,2021,2.905227,2.905227,sedan,2021,12791,0.0,NEDC,198,12395,13219,2.532618,14.711338227873291,2.532618,0.0009293680297473,2.513511,15.583341389793,2.9052
VEH0037,BANK01,diesel,791.8,2020,2.114106,2.114106,executive,2020,14592,0.0,NEDC,168,13898,15364,2.451456,13.761454417293226,2.451456,0.0002838087129251,0.0,,2.1141
VEH0038,BANK01,hybrid,1537.1,2018,4.104057,4.104057,van,2018,22717,0.0,DEFRA_fleet_average,104,24231,23213,2.362568,73.71351851036668,2.362568,0.0010477327550447,4.119428,0.37209049411715,4.1041
VEH0039,BANK01,hybrid,1727.2,2022,4.611624,4.611624,executive,2022,21745,0.0,manufacturer_declared,101,20698,22852,2.196245,109.97657365184668,2.196245,0.0005204267499306,4.628896000000001,0.3736528105189847,4.6116
VEH0040,BANK01,hybrid,1548.8,2021,4.135296,4.135296,van,2021,25462,0.0,DEFRA_fleet_average,108,24389,24317,2.749896,50.38023256152232,2.749896,9.672816965325209e-05,4.150784000000001,0.3730379610213569,4.1353
VEH0041,BANK01,diesel,2615.5,2021,6.983385,6.983385,compact,2021,34576,0.0,manufacturer_declared,171,33483,35247,5.912496,18.112553479951607,5.912496,0.0002147950854803,0.0,,6.9834
VEH0042,BANK01,electric,0.0,2019,0.0,0.0,executive,2019,22666,4079.9,DEFRA_fleet_average,2,21023,21932,0.045332,0.0705903114797434,0.045332,100.0,0.0,,0.0453
VEH0043,BANK01,petrol,786.5,2021,2.099955,2.099955,compact,2021,15098,0.0,manufacturer_declared,179,14124,15453,2.702542,22.29537968327597,2.702542,0.0021428571428606,1.816815,15.58689244639658,2.1
VEH0044,BANK01,electric,0.0,2020,0.0,0.0,van,2020,22128,3983.0,manufacturer_declared,2,23733,21809,0.044256,0.0994215473608152,0.044256,100.0,0.0,,0.0443
VEH0045,BANK01,petrol,813.8,2022,2.172846,2.172846,compact,2022,16088,0.0,manufacturer_declared,149,16564,15643,2.397112,9.357593637677333,2.397112,0.0021170839469701,1.879878,15.581968617112391,2.1728
VEH0046,BANK01,diesel,1741.6,2021,4.650072,4.650072,suv,2021,27306,0.0,WLTP,170,27753,26314,4.64202,0.1740621539760822,4.64202,0.0006021375884467,0.0,,4.6501
VEH0047,BANK01,hybrid,2322.1,2021,6.200007,6.200007,suv,2021,27002,0.0,NEDC,91,25592,27981,2.457182,152.32156185418907,2.457182,0.0001129032258079,6.223228,0.3732468101763198,6.2
VEH0048,BANK01,hybrid,2971.2,2023,7.933104,7.933104,suv,2023,33474,0.0,WLTP,104,35293,33329,3.481296,127.8777788501753,3.481296,5.04216510640117e-05,7.962816,0.3731845618434548,7.9331
VEH0049,BANK01,petrol,1860.5,2018,4.967535,4.967535,compact,2018,33438,0.0,manufacturer_declared,153,35949,33147,5.116014,2.9029240342188194,5.116014,0.0007045797684864,4.297755,15.583601205745785,4.9675
VEH0050,BANK01,diesel,1165.5,2018,3.111885,3.111885,sedan,2018,16164,0.0,DEFRA_fleet_average,139,17169,16899,2.246796,38.50389621487666,2.246796,0.000482020630479,0.0,,3.1119
VEH0051,BANK01,diesel,1257.2,2018,3.356724,3.356724,executive,2018,19433,0.0,NEDC,166,18219,19689,3.225878,4.055392051404307,3.225878,0.0007149879345727,0.0,,3.3567
VEH0052,BANK01,diesel,1042.0,2018,2.78214,2.78214,compact,2018,20725,0.0,WLTP,179,20616,20314,3.709775,25.0062335316832,3.709775,0.0014377628410287,0.0,,2.7821
VEH0053,BANK01,petrol,1597.1,2019,4.264257,4.264257,executive,2019,24092,0.0,manufacturer_declared,140,22980,23189,3.37288,26.42904580062144,3.37288,0.0010083718312661,3.689301,15.585581116856568,4.2643
VEH0054,BANK01,petrol,1211.6,2018,3.234972,3.234972,van,2018,14625,0.0,manufacturer_declared,153,14191,14697,2.237625,44.57292888665437,2.237625,0.000865533230291,2.798796,15.585416014600566,3.235
VEH0055,BANK01,electric,0.0,2022,0.0,0.0,suv,2022,14194,2554.9,DEFRA_fleet_average,5,14823,13540,0.07097,0.0422713822741839,0.07097,100.0,0.0,,0.071
VEH0056,BANK01,petrol,1240.7,2023,3.312669,3.312669,executive,2023,16747,0.0,WLTP,199,16451,16705,3.332653,0.5987121971594435,3.332653,0.0009357925559178,2.8660170000000003,15.585497224894327,3.3127
VEH0057,BANK01,hybrid,1662.4,2024,4.438608,4.438608,compact,2024,32129,0.0,DEFRA_fleet_average,105,32354,32014,3.373545,31.570795706000663,3.373545,0.0001802370116755,4.4552320000000005,0.3733138925200847,4.4386
VEH0058,BANK01,diesel,670.6,2024,1.790502,1.790502,van,2024,11254,0.0,DEFRA_fleet_average,154,11975,11461,1.733116,3.311030536905774,1.733116,0.0001117006422819,0.0,,1.7905
VEH0059,BANK01,hybrid,2536.0,2018,6.77112,6.77112,executive,2018,32027,0.0,DEFRA_fleet_average,81,30765,30926,2.594187,161.01048228211766,2.594187,0.0002953729822352,6.796480000000001,0.3734285983332706,6.7711
VEH0060,BANK01,petrol,975.8,2022,2.605386,2.605386,compact,2022,14454,0.0,DEFRA_fleet_average,200,15004,14761,2.8908,9.872699598727,2.8908,0.0005373455131548,2.254098,15.58503667542405,2.6054
VEH0061,BANK01,petrol,1080.4,2023,2.884668,2.884668,executive,2023,15810,0.0,manufacturer_declared,194,17051,16041,3.06714,5.948212341138655,3.06714,0.0011093007938444,2.495724,15.5856977774786,2.8847
VEH0062,BANK01,diesel,1935.4,2024,5.167518,5.167518,compact,2024,31195,0.0,manufacturer_declared,160,33098,30791,4.9912,3.532216701394461,4.9912,0.0003483309143657,0.0,,5.1675
VEH0063,BANK01,diesel,1583.6,2018,4.228212,4.228212,compact,2018,22323,0.0,NEDC,162,20597,21514,3.616326,16.91976884827309,3.616326,0.0002838087129251,0.0,,4.2282
VEH0064,BANK01,diesel,709.3,2019,1.893831,1.893831,van,2019,10197,0.0,NEDC,149,9963,9943,1.519353,24.645161460174165,1.519353,0.0016369204773531,0.0,,1.8938
VEH0065,BANK01,diesel,809.9,2022,2.162433,2.162433,executive,2022,11566,0.0,WLTP,146,12039,11509,1.688636,28.056016808832684,1.688636,0.0015260821309735,0.0,,2.1624
VEH0066,BANK01,diesel,2014.1,2018,5.377647,5.377647,suv,2018,26741,0.0,DEFRA_fleet_average,173,26010,26679,4.626193,16.24244816418166,4.626193,0.000873995834563,0.0,,5.3776
VEH0067,BANK01,diesel,2831.8,2024,7.560906,7.560906,executive,2024,34247,0.0,WLTP,167,36159,34135,5.719249,32.200923582799085,5.719249,7.935563226534525e-05,0.0,,7.5609
VEH0068,BANK01,diesel,701.9,2023,1.874073,1.874073,compact,2023,8468,0.0,DEFRA_fleet_average,131,8396,8630,1.109308,68.94316096160851,1.109308,0.0014406915319352,0.0,,1.8741
VEH0069,BANK01,diesel,1055.1,2022,2.817117,2.817117,van,2022,17485,0.0,NEDC,130,16775,17005,2.27305,23.934801258221327,2.27305,0.0006034574562548,0.0,,2.8171
VEH0070,BANK01,hybrid,1982.4,2020,5.293008,5.293008,sedan,2020,23826,0.0,NEDC,94,22662,23455,2.239644,136.33220279651584,2.239644,0.0001511430190861,5.312832,0.3732849071832136,5.293
VEH0071,BANK01,petrol,1473.1,2021,3.933177,3.933177,compact,2021,29296,0.0,WLTP,200,28530,30312,5.8592,32.87138175860186,5.8592,0.0005847655852654,3.402861,15.585091486252308,3.9332
VEH0072,BANK01,diesel,1777.3,2018,4.745391,4.745391,sedan,2018,26898,0.0,NEDC,144,27771,27669,3.873312,22.515304731454638,3.873312,0.0001896573523911,0.0,,4.7454
VEH0073,BANK01,hybrid,1748.8,2024,4.669296,4.669296,compact,2024,21129,0.0,WLTP,91,19919,22002,1.922739,142.84627294708224,1.922739,8.566594563791003e-05,4.686784,0.3730489819885128,4.6693
VEH0074,BANK01,electric,0.0,2021,0.0,0.0,compact,2021,31579,5684.2,NEDC,3,31053,31571,0.094737,0.0390554904630665,0.094737,100.0,0.0,,0.0947
VEH0075,BANK01,diesel,1329.9,2019,3.550833,3.550833,van,2019,26420,0.0,NEDC,132,24760,26709,3.48744,1.81680545041636,3.48744,0.0009293680297321,0.0,,3.5508
VEH0076,BANK01,petrol,1718.8,2020,4.589196,4.589196,compact,2020,27205,0.0,manufacturer_declared,181,28977,26210,4.924105,6.801337501941977,4.924105,8.716116097949388e-05,3.970428,15.584516329221934,4.5892
VEH0077,BANK01,diesel,751.7,2022,2.007039,2.007039,van,2022,10032,0.0,manufacturer_declared,153,10581,10532,1.534896,30.75804484473216,1.534896,0.0019431988041693,0.0,,2.007
VEH0078,BANK01,petrol,1678.5,2019,4.481595,4.481595,compact,2019,24425,0.0,manufacturer_declared,177,25153,23632,4.323225,3.6633531680632023,4.323225,0.0001115672973895,3.877335,15.58454453896814,4.4816
VEH0079,BANK01,diesel,1725.8,2023,4.607886,4.607886,sedan,2023,22127,0.0,manufacturer_declared,130,21761,21262,2.87651,60.19064769460213,2.87651,0.0003038260378953,0.0,,4.6079
VEH0080,BANK01,diesel,970.0,2024,2.5899,2.5899,executive,2024,13576,0.0,WLTP,168,13641,14046,2.280768,13.553855543395906,2.280768,0.0,0.0,,2.5899
VEH0081,BANK01,hybrid,1769.5,2018,4.724565,4.724565,van,2018,33726,0.0,DEFRA_fleet_average,100,31549,35132,3.3726,40.087766115163376,3.3726,0.0007408034542514,4.74226,0.3723962836284858,4.7246
VEH0082,BANK01,hybrid,875.0,2018,2.33625,2.33625,executive,2018,14624,0.0,NEDC,89,14314,13776,1.301536,79.50329456887862,1.301536,0.0021401361126517,2.345,0.3710021321961685,2.3363
VEH0083,BANK01,hybrid,1117.6,2022,2.983992,2.983992,sedan,2022,14356,0.0,DEFRA_fleet_average,88,14581,14169,1.263328,136.20152486131866,1.263328,0.0002680965147381,2.995168,0.3728672314875181,2.984
VEH0084,BANK01,electric,0.0,2018,0.0,0.0,sedan,2018,10588,1905.8,NEDC,1,9833,10281,0.010588,0.1133358519078188,0.010588,100.0,0.0,,0.0106
VEH0085,BANK01,hybrid,1480.1,2020,3.951867,3.951867,van,2020,21123,0.0,manufacturer_declared,88,20080,21880,1.858824,112.60216136654142,1.858824,0.0008350413725087,3.966668,0.3723023958647437,3.9519
VEH0086,BANK01,diesel,694.6,2020,1.854582,1.854582,van,2020,12372,0.0,WLTP,153,12199,13048,1.892916,2.024178568938084,1.892916,0.0009705596894248,0.0,,1.8546
VEH0087,BANK01,diesel,1880.5,2021,5.020935,5.020935,executive,2021,21502,0.0,NEDC,142,22792,21883,3.053284,64.44261326493049,3.053284,0.0006970861797598,0.0,,5.0209
VEH0088,BANK01,diesel,1624.7,2021,4.337949,4.337949,sedan,2021,18399,0.0,WLTP,143,17370,18398,2.631057,64.87290089116276,2.631057,0.0011295788284594,0.0,,4.3379
VEH0089,BANK01,hybrid,1870.4,2023,4.993968,4.993968,sedan,2023,31351,0.0,WLTP,100,30590,31124,3.1351,59.29316449236068,3.1351,0.0006407689227078,5.012672,0.372495946273773,4.994
VEH0090,BANK01,diesel,1982.5,2023,5.293275,5.293275,suv,2023,22156,0.0,NEDC,169,21276,22053,3.744364,41.3671320416498,3.744364,0.0004722951655855,0.0,,5.2933
VEH0091,BANK01,hybrid,1504.3,2021,4.016481,4.016481,executive,2021,19645,0.0,NEDC,102,19898,18733,2.00379,100.44515642856786,2.00379,0.0004730486742186,4.031524,0.3726630425615814,4.0165
VEH0092,BANK01,diesel,1454.2,2018,3.882714,3.882714,compact,2018,18715,0.0,NEDC,139,19766,17668,2.601385,49.25510833652073,2.601385,0.0003605738274958,0.0,,3.8827
VEH0093,BANK01,petrol,2115.7,2019,5.648919,5.648919,compact,2019,34942,0.0,NEDC,147,33760,33169,5.136474,9.97622104190541,5.136474,0.0003363486696523,4.887267,15.584026819079064,5.6489
VEH0094,BANK01,diesel,1260.4,2022,3.365268,3.365268,suv,2022,21792,0.0,WLTP,160,21479,22830,3.48672,3.482355910425847,3.48672,0.0009508810507245,0.0,,3.3653
VEH0095,BANK01,hybrid,1055.1,2022,2.817117,2.817117,compact,2022,12501,0.0,manufacturer_declared,109,11718,13124,1.362609,106.74309358003651,1.362609,0.0006034574562548,2.827668,0.3737355304795376,2.8171
VEH0096,BANK01,hybrid,1035.5,2021,2.764785,2.764785,compact,2021,14266,0.0,NEDC,110,13905,13916,1.56926,76.18495341753437,1.56926,0.0005425347222338,2.7751400000000004,0.3725938150868149,2.7648
VEH0097,BANK01,hybrid,652.7,2024,1.742709,1.742709,compact,2024,12296,0.0,manufacturer_declared,82,11562,12800,1.008272,72.84026532522968,1.008272,0.0005164400068943,1.7492360000000002,0.3736488386930247,1.7427
VEH0098,BANK01,hybrid,1591.5,2024,4.249305,4.249305,suv,2024,31602,0.0,manufacturer_declared,105,30320,32224,3.31821,28.06000825746411,3.31821,0.0001176664391737,4.26522,0.3732515556055813,4.2493
VEH0099,BANK01,petrol,1031.1,2024,2.753037,2.753037,sedan,2024,12214,0.0,manufacturer_declared,150,11835,12667,1.8321,50.26472354129141,1.8321,0.001343988376311,2.381841,15.582862164183084,2.753
VEH0100,BANK01,diesel,1389.8,2023,3.710766,3.710766,van,2023,16978,0.0,DEFRA_fleet_average,170,18106,17573,2.88626,28.56776589773616,2.88626,0.0009162444755812,0.0,,3.7108
VEH0101,BANK01,diesel,1114.2,2019,2.974914,2.974914,suv,2019,21666,0.0,DEFRA_fleet_average,147,22657,22409,3.184902,6.593672269978801,3.184902,0.0004706040539238,0.0,,2.9749
VEH0102,BANK01,diesel,1985.6,2022,5.301552,5.301552,suv,2022,33951,0.0,NEDC,170,32607,33455,5.77167,8.144436532234183,5.77167,0.0009053870529576,0.0,,5.3016
VEH0103,BANK01,petrol,781.7,2021,2.087139,2.087139,suv,2021,14180,0.0,WLTP,149,15240,13360,2.11282,1.2173303925559291,2.11282,0.0018686215322755,1.805727,15.58225578949641,2.0871
VEH0104,BANK01,diesel,1095.6,2023,2.925252,2.925252,sedan,2023,15701,0.0,WLTP,130,14803,15693,2.04113,43.31767207380226,2.04113,0.0016408573479659,0.0,,2.9253
VEH0105,BANK01,diesel,532.2,2019,1.420974,1.420974,van,2019,10147,0.0,NEDC,148,10714,10554,1.501756,5.377438145744052,1.501756,0.0018296973962055,0.0,,1.421
VEH0106,BANK01,hybrid,1184.5,2021,3.162615,3.162615,sedan,2021,19354,0.0,manufacturer_declared,89,18050,19084,1.722506,83.60458541218432,1.722506,0.0004742933029886,3.17446,0.3736068496689195,3.1626
VEH0107,BANK01,diesel,839.1,2022,2.240397,2.240397,suv,2022,16085,0.0,NEDC,177,15352,15855,2.847045,21.30788238331322,2.847045,0.000133904659881,0.0,,2.2404
VEH0108,BANK01,petrol,535.0,2020,1.42845,1.42845,suv,2020,8800,0.0,manufacturer_declared,190,9080,8714,1.672,14.569377990430624,1.672,0.0035004200504134,1.23585,15.580369785977243,1.4284
VEH0109,BANK01,diesel,452.0,2021,1.20684,1.20684,compact,2021,8394,0.0,DEFRA_fleet_average,169,8958,7970,1.418586,14.92937333372808,1.418586,0.0033145508783408,0.0,,1.2068
VEH0110,BANK01,petrol,2455.3,2019,6.555651,6.555651,suv,2019,30592,0.0,DEFRA_fleet_average,161,31264,30742,4.925312,33.10222783856129,4.925312,0.0007474411580722,5.671743,15.58527951636736,6.5557
VEH0111,BANK01,petrol,1344.0,2020,3.58848,3.58848,van,2020,22292,0.0,DEFRA_fleet_average,154,21909,22271,3.432968,4.530540337107715,3.432968,0.0005573359342256,3.10464,15.585059781488352,3.5885
VEH0112,BANK01,diesel,1482.0,2020,3.95694,3.95694,suv,2020,23591,0.0,NEDC,152,24518,23082,3.585832,10.348170243335444,3.585832,0.0010108923652308,0.0,,3.9569
VEH0113,BANK01,petrol,932.2,2021,2.488974,2.488974,compact,2021,13889,0.0,NEDC,169,14036,14458,2.347241,6.039388371283561,2.347241,0.0010445962233861,2.153382,15.585622987468073,2.489
VEH0114,BANK01,diesel,2897.5,2023,7.736325,7.736325,executive,2023,34169,0.0,NEDC,143,32871,35525,4.886167,58.330650589715816,4.886167,0.0003231518943156,0.0,,7.7363
VEH0115,BANK01,petrol,657.0,2020,1.75419,1.75419,sedan,2020,12549,0.0,manufacturer_declared,185,13170,12710,2.321565,24.438902206054973,2.321565,0.0005700604264089,1.51767,15.585074489184072,1.7542
VEH0116,BANK01,petrol,1501.3,2022,4.008471,4.008471,suv,2022,28859,0.0,WLTP,156,30202,28421,4.502004,10.961873867726474,4.502004,0.0007234626418763,3.468003,15.585251800531886,4.0085
VEH0117,BANK01,diesel,1607.6,2022,4.292292,4.292292,van,2022,28087,0.0,WLTP,164,29548,26579,4.606268,6.81610362228164,4.606268,0.0001863802623355,0.0,,4.2923
VEH0118,BANK01,diesel,2588.9,2018,6.912363,6.912363,executive,2018,31096,0.0,manufacturer_declared,143,33421,30612,4.446728,55.44913023688428,4.446728,0.0005352699496534,0.0,,6.9124
VEH0119,BANK01,petrol,1683.4,2023,4.494678,4.494678,sedan,2023,22743,0.0,WLTP,142,23834,23134,3.229506,39.1760845157123,3.229506,0.0004894653703144,3.888654,15.584981332872497,4.4947
VEH0120,BANK01,diesel,1820.9,2020,4.861803,4.861803,van,2020,26591,0.0,DEFRA_fleet_average,145,27156,26291,3.855695,26.093998617629243,3.855695,6.170554116622103e-05,0.0,,4.8618
VEH0121,BANK01,electric,0.0,2021,0.0,0.0,sedan,2021,33879,6098.2,DEFRA_fleet_average,2,32513,33667,0.067758,0.0619853006287085,0.067758,100.0,0.0,,0.0678
VEH0122,BANK01,electric,0.0,2022,0.0,0.0,van,2022,20831,3749.6,WLTP,1,19774,20919,0.020831,0.1488166674667552,0.020831,100.0,0.0,,0.0208
VEH0123,BANK01,diesel,1208.9,2020,3.227763,3.227763,compact,2020,14212,0.0,NEDC,146,14105,14131,2.074952,55.56022500761462,2.074952,0.0011462915917913,0.0,,3.2278
VEH0124,BANK01,diesel,2660.5,2024,7.103535,7.103535,executive,2024,32534,0.0,WLTP,140,31398,32656,4.55476,55.957723348760425,4.55476,0.0004927148588662,0.0,,7.1035
VEH0125,BANK01,petrol,1719.6,2023,4.591332,4.591332,sedan,2023,32908,0.0,WLTP,150,31024,33975,4.9362,6.987156111988979,4.9362,0.0006969703569802,3.972276,15.583610000916362,4.5913
VEH0126,BANK01,petrol,1320.6,2019,3.526002,3.526002,executive,2019,21040,0.0,WLTP,196,20592,20680,4.12384,14.497167688368137,4.12384,5.672149745546104e-05,3.050586,15.584350023241443,3.526
VEH0127,BANK01,petrol,1735.6,2020,4.634052,4.634052,executive,2020,22615,0.0,manufacturer_declared,180,23402,21447,4.0707,13.840371434888338,4.0707,0.0010357998316931,4.009236,15.585612819998635,4.6341
VEH0128,BANK01,diesel,1326.0,2019,3.54042,3.54042,van,2019,25708,0.0,WLTP,142,27217,24952,3.650536,3.016981615850379,3.650536,0.0005649079200127,0.0,,3.5404
VEH0129,BANK01,diesel,1946.0,2023,5.19582,5.19582,suv,2023,21860,0.0,manufacturer_declared,172,22386,21670,3.75992,38.18911040660439,3.75992,0.0003849262866186,0.0,,5.1958
VEH0130,BANK01,diesel,1447.3,2020,3.864291,3.864291,compact,2020,23592,0.0,WLTP,171,23814,24469,4.034232,4.212251551224624,4.034232,0.0002329011722673,0.0,,3.8643
VEH0131,BANK01,diesel,1988.9,2021,5.310363,5.310363,van,2021,26112,0.0,WLTP,140,25877,24851,3.65568,45.264355742296914,3.65568,0.0006967460078307,0.0,,5.3104
VEH0132,BANK01,diesel,1184.7,2019,3.163149,3.163149,suv,2019,15097,0.0,DEFRA_fleet_average,170,15551,15469,2.56649,23.246145513912,2.56649,0.0015491132117286,0.0,,3.1631
VEH0133,BANK01,hybrid,2533.2,2024,6.763644,6.763644,compact,2024,29959,0.0,manufacturer_declared,100,28971,31259,2.9959,125.7618745619013,2.9959,0.0006505411319405,6.788976,0.3737824378816425,6.7636
VEH0134,BANK01,diesel,1177.0,2020,3.14259,3.14259,suv,2020,21461,0.0,NEDC,177,20402,21013,3.798597,17.269455011942572,3.798597,0.0003182078533577,0.0,,3.1426
VEH0135,BANK01,diesel,1890.2,2020,5.046834,5.046834,executive,2020,34791,0.0,NEDC,134,35480,34204,4.661994,8.254107577144033,4.661994,0.0006736942220698,0.0,,5.0468
VEH0136,BANK01,hybrid,1708.8,2023,4.562496,4.562496,van,2023,20668,0.0,manufacturer_declared,92,20038,21605,1.901456,139.94770323373243,1.901456,8.767123286949991e-05,4.579584,0.373046984180215,4.5625
VEH0137,BANK01,diesel,1750.2,2018,4.673034,4.673034,sedan,2018,21495,0.0,NEDC,180,21498,20517,3.8691,20.77744178232664,3.8691,0.0007275839931588,0.0,,4.673
VEH0138,BANK01,petrol,1855.0,2019,4.95285,4.95285,van,2019,32377,0.0,manufacturer_declared,154,30962,31116,4.986058,0.6670199183403003,4.986058,0.0010095299628469,4.28505,15.583248736887548,4.9528
VEH0139,BANK01,hybrid,1454.4,2018,3.883248,3.883248,suv,2018,28887,0.0,DEFRA_fleet_average,88,30415,30104,2.542056,52.75823978700704,2.542056,0.0012360939431409,3.897792,0.3743657947884438,3.8832
VEH0140,BANK01,diesel,1155.7,2020,3.085719,3.085719,van,2020,16702,0.0,DEFRA_fleet_average,176,15511,17539,2.939552,4.971778012431832,2.939552,0.0006157435914052,0.0,,3.0857
VEH0141,BANK01,petrol,1585.4,2019,4.233018,4.233018,suv,2019,22849,0.0,manufacturer_declared,186,21051,22993,4.249914,0.397984523922149,4.249914,0.0004252303331145,3.662274000000001,15.58392408651016,4.233
VEH0142,BANK01,diesel,1154.6,2019,3.082782,3.082782,van,2019,22078,0.0,manufacturer_declared,139,21529,21688,3.068842,0.4548295415664976,3.068842,0.0005838847800796,0.0,,3.0828
VEH0143,BANK01,petrol,870.6,2019,2.324502,2.324502,compact,2019,15231,0.0,WLTP,174,15161,15451,2.650194,12.289439942887196,2.650194,8.604000859692264e-05,2.011086,15.584316135660028,2.3245
VEH0144,BANK01,petrol,1169.2,2023,3.121764,3.121764,van,2023,14563,0.0,manufacturer_declared,179,14260,14550,2.606777,19.757079335900222,2.606777,0.0011531808571882,2.7008520000000003,15.585748497140887,3.1218
VEH0145,BANK01,diesel,870.8,2023,2.325036,2.325036,executive,2023,13445,0.0,manufacturer_declared,139,12386,13394,1.868855,24.407725585987155,1.868855,0.0015483870967614,0.0,,2.325
VEH0146,BANK01,diesel,1922.9,2019,5.134143,5.134143,compact,2019,26604,0.0,NEDC,149,24652,25356,3.963996,29.51829416578625,3.963996,0.000837537250926,0.0,,5.1341
VEH0147,BANK01,diesel,2030.4,2019,5.421168,5.421168,van,2019,27387,0.0,NEDC,172,25586,27271,4.710564,15.086006686248188,4.710564,0.0005902752158199,0.0,,5.4212
VEH0148,BANK01,electric,0.0,2024,0.0,0.0,van,2024,29601,5328.2,WLTP,3,28384,28528,0.088803,0.0033782642478328,0.088803,100.0,0.0,,0.0888
VEH0149,BANK01,petrol,542.5,2022,1.448475,1.448475,compact,2022,9648,0.0,DEFRA_fleet_average,179,9395,9507,1.726992,16.125841926308876,1.726992,0.0017259233689983,1.253175,15.586410517286092,1.4485
VEH0150,BANK01,diesel,1218.2,2019,3.252594,3.252594,executive,2019,18112,0.0,NEDC,168,19235,19147,3.042816,6.894403079252902,3.042816,0.0001844678103655,0.0,,3.2526
VEH0151,BANK01,petrol,1203.1,2022,3.212277,3.212277,suv,2022,18135,0.0,WLTP,176,18725,18679,3.19176,0.6435320951449984,3.19176,0.00071599788314,2.779161,15.585243172309903,3.2123
VEH0152,BANK01,diesel,541.4,2020,1.445538,1.445538,executive,2020,8537,0.0,manufacturer_declared,176,7892,8117,1.502512,3.794445568487976,1.502512,0.002628848149428,0.0,,1.4455
VEH0153,BANK01,diesel,1540.4,2021,4.112868,4.112868,suv,2021,23621,0.0,manufacturer_declared,166,23879,24220,3.921086,4.891859041092186,3.921086,0.0007780398259143,0.0,,4.1129
VEH0154,BANK01,hybrid,1006.3,2021,2.686821,2.686821,van,2021,12677,0.0,DEFRA_fleet_average,86,12284,12742,1.090222,146.44521941402758,1.090222,0.0007815989281029,2.696884,0.3739130047862638,2.6868
VEH0155,BANK01,diesel,2610.1,2022,6.968967,6.968967,compact,2022,31522,0.0,DEFRA_fleet_average,149,30346,31772,4.696778,48.37831381427864,4.696778,0.0004735256134333,0.0,,6.969
VEH0156,BANK01,petrol,1732.1,2021,4.624707,4.624707,van,2021,30348,0.0,DEFRA_fleet_average,143,32019,29165,4.339764,6.565702651111906,4.339764,0.0001513611693751,4.001151,15.58424063475734,4.6247
VEH0157,BANK01,hybrid,1070.3,2021,2.857701,2.857701,compact,2021,16238,0.0,manufacturer_declared,87,16948,16118,1.412706,102.28554278101744,1.412706,3.4993176335506806e-05,2.868404,0.3731691909507882,2.8577
VEH0158,BANK01,diesel,2291.6,2018,6.118572,6.118572,compact,2018,31883,0.0,NEDC,168,32236,31395,5.356344,14.230900778590764,5.356344,0.0004576210244087,0.0,,6.1186
VEH0159,BANK01,electric,0.0,2021,0.0,0.0,executive,2021,34665,6239.7,WLTP,4,34382,34793,0.13866,0.0288475407471401,0.13866,100.0,0.0,,0.1387
VEH0160,BANK01,hybrid,1426.2,2019,3.807954,3.807954,executive,2019,23429,0.0,NEDC,96,23647,22510,2.249184,69.30584603127177,2.249184,0.0012079831932712,3.822216000000001,0.3719308380269632,3.808
VEH0161,BANK01,diesel,856.2,2020,2.286054,2.286054,executive,2020,16054,0.0,NEDC,178,17044,15376,2.857612,19.999636059758995,2.857612,0.0020121604479142,0.0,,2.2861
VEH0162,BANK01,electric,0.0,2019,0.0,0.0,sedan,2019,34214,6158.5,WLTP,4,32332,34926,0.136856,0.0321505816332411,0.136856,100.0,0.0,,0.1369
VEH0163,BANK01,petrol,1959.3,2023,5.231331,5.231331,suv,2023,25702,0.0,NEDC,194,25668,24471,4.986188,4.915819459675403,4.986188,0.0005925869286772,4.525983,15.583730650336069,5.2313
VEH0164,BANK01,hybrid,953.7,2022,2.546379,2.546379,compact,2022,11974,0.0,manufacturer_declared,87,11019,11732,1.041738,144.43766090898094,1.041738,0.0008246936852132,2.5559160000000003,0.3723127051123777,2.5464
VEH0165,BANK01,diesel,2583.2,2021,6.897144,6.897144,suv,2021,29148,0.0,WLTP,138,30488,29034,4.022424,71.46626014562364,4.022424,0.000637949283031,0.0,,6.8971
VEH0166,BANK01,petrol,2791.3,2018,7.452771,7.452771,sedan,2018,34445,0.0,WLTP,179,33728,32743,6.165655,20.876046421669717,6.165655,0.0003891155002094,6.447903,15.58486534304253,7.4528
VEH0167,BANK01,hybrid,566.0,2019,1.51122,1.51122,compact,2019,10515,0.0,NEDC,109,10295,10224,1.146135,31.851832463017026,1.146135,0.0013234515616668,1.51688,0.3744528242181258,1.5112
VEH0168,BANK01,hybrid,702.9,2022,1.876743,1.876743,suv,2022,13022,0.0,DEFRA_fleet_average,80,13178,12796,1.04176,80.14705882352942,1.04176,0.0022912559279594,1.883772,0.375416982522311,1.8767
VEH0169,BANK01,diesel,2786.6,2023,7.440222,7.440222,compact,2023,34662,0.0,DEFRA_fleet_average,145,32331,36699,5.02599,48.03451658280258,5.02599,0.0002956909760545,0.0,,7.4402
VEH0170,BANK01,diesel,1460.0,2019,3.8982,3.8982,executive,2019,27452,0.0,WLTP,130,27418,27775,3.56876,9.231217565765135,3.56876,0.0,0.0,,3.8982
VEH0171,BANK01,petrol,1580.5,2021,4.219935,4.219935,compact,2021,27490,0.0,WLTP,147,27547,28021,4.04103,4.426346748230027,4.04103,0.0008294035403789,3.650955,15.583456931131726,4.2199
VEH0172,BANK01,hybrid,657.7,2018,1.756059,1.756059,suv,2018,8595,0.0,NEDC,99,8243,8994,0.850905,106.38026571708946,0.850905,0.0023347189795545,1.762636,0.3708082667096381,1.7561
VEH0173,BANK01,petrol,2405.6,2018,6.422952,6.422952,sedan,2018,30855,0.0,NEDC,165,28488,30978,5.091075,26.16195990041396,5.091075,0.0007473143390877,5.556935999999999,15.58527936978221,6.423
VEH0174,BANK01,petrol,2116.2,2021,5.650254,5.650254,sedan,2021,32532,0.0,DEFRA_fleet_average,180,30797,33058,5.85576,3.508682049810792,5.85576,0.0008141160646217,4.888421999999999,15.5853565833719,5.6503
VEH0175,BANK01,diesel,1049.9,2022,2.803233,2.803233,van,2022,17634,0.0,WLTP,141,18746,18683,2.486394,12.741584801121611,2.486394,0.0011772260274033,0.0,,2.8032
VEH0176,BANK01,electric,0.0,2018,0.0,0.0,van,2018,11726,2110.7,manufacturer_declared,4,11084,11054,0.046904,0.0085280573085536,0.046904,100.0,0.0,,0.0469
VEH0177,BANK01,diesel,1940.0,2018,5.1798,5.1798,sedan,2018,28277,0.0,WLTP,157,30316,29046,4.439489,16.675590366368745,4.439489,0.0,0.0,,5.1798
VEH0178,BANK01,petrol,464.6,2021,1.240482,1.240482,suv,2021,8353,0.0,WLTP,175,8298,8414,1.461775,15.13741854936636,1.461775,0.0014510278113544,1.073226,15.586092770767754,1.2405
VEH0179,BANK01,electric,0.0,2019,0.0,0.0,executive,2019,9526,1714.7,NEDC,0,9891,9892,0.0,,0.0,,0.0,,0.0
VEH0180,BANK01,petrol,1942.3,2020,5.185941,5.185941,suv,2020,25868,0.0,WLTP,173,27925,26197,4.475164,15.881786678655793,4.475164,0.0007906052951177,4.486713,15.583501775130262,5.1859
VEH0181,BANK02,petrol,1034.4,2021,2.761848,2.761848,sedan,2021,13496,0.0,NEDC,193,12728,13459,2.604728,6.030264964326404,2.604728,0.001737996958507,2.3894640000000003,15.582406765701418,2.7618
VEH0182,BANK02,diesel,1171.5,2020,3.127905,3.127905,suv,2020,15035,0.0,DEFRA_fleet_average,175,14792,14802,2.631125,18.88070692194404,2.631125,0.0001598516576698,0.0,,3.1279
VEH0183,BANK02,petrol,1325.2,2023,3.538284,3.538284,suv,2023,19478,0.0,WLTP,187,19960,18691,3.642386,2.857632332213009,3.642386,0.0004521945567084,3.061212,15.584938253214748,3.5383
VEH0184,BANK02,diesel,728.5,2019,1.945095,1.945095,sedan,2019,13374,0.0,WLTP,132,13651,12847,1.765368,10.180993424600423,1.765368,0.0002570561924853,0.0,,1.9451
VEH0185,BANK02,diesel,786.9,2023,2.101023,2.101023,executive,2023,13427,0.0,WLTP,148,12713,13948,1.987196,5.726863379354629,1.987196,0.0010947168015281,0.0,,2.101
VEH0186,BANK02,hybrid,2208.3,2021,5.896161,5.896161,sedan,2021,32553,0.0,manufacturer_declared,101,33575,31408,3.287853,79.33283513587743,3.287853,0.0006614429632665,5.9182440000000005,0.372475349106934,5.8962
VEH0187,BANK02,diesel,2568.0,2021,6.85656,6.85656,executive,2021,32312,0.0,WLTP,180,31588,33380,5.81616,17.888778850650606,5.81616,0.0005833795175489,0.0,,6.8566
VEH0188,BANK02,electric,0.0,2022,0.0,0.0,suv,2022,18914,3404.5,WLTP,0,17900,19866,0.0,,0.0,,0.0,,0.0
VEH0189,BANK02,diesel,1139.0,2024,3.04113,3.04113,suv,2024,22497,0.0,manufacturer_declared,157,22448,22995,3.532029,13.899347938536176,3.532029,0.0009864851533903,0.0,,3.0411
VEH0190,BANK02,diesel,1802.8,2019,4.813476,4.813476,van,2019,23837,0.0,NEDC,135,24470,23070,3.217995,49.58071718570104,3.217995,0.000498597694,0.0,,4.8135
VEH0191,BANK02,diesel,1025.4,2022,2.737818,2.737818,sedan,2022,14467,0.0,WLTP,180,14107,14680,2.60406,5.135826363447846,2.60406,0.0006574621959183,0.0,,2.7378
VEH0192,BANK02,hybrid,1422.7,2024,3.798609,3.798609,van,2024,22659,0.0,NEDC,101,22002,21352,2.288559,65.98217480956359,2.288559,0.0002369293950383,3.812836,0.3733703731290923,3.7986
VEH0193,BANK02,petrol,1190.5,2021,3.178635,3.178635,compact,2021,17542,0.0,manufacturer_declared,150,17894,18463,2.6313,20.799604758104355,2.6313,0.0011011136978546,2.750055,15.5831428825969,3.1786
VEH0194,BANK02,diesel,1185.8,2021,3.166086,3.166086,executive,2021,22813,0.0,WLTP,157,22615,21779,3.581641,11.60197239198456,3.581641,0.0004421843908967,0.0,,3.1661
VEH0195,BANK02,diesel,1785.2,2021,4.766484,4.766484,compact,2021,29312,0.0,DEFRA_fleet_average,131,30104,27768,3.839872,24.131741891396366,3.839872,0.0003356760725809,0.0,,4.7665
VEH0196,BANK02,diesel,1228.8,2020,3.280896,3.280896,van,2020,15611,0.0,NEDC,162,15671,14731,2.528982,29.73204237910748,2.528982,0.00012191776647,0.0,,3.2809
VEH0197,BANK02,diesel,994.2,2023,2.654514,2.654514,compact,2023,13472,0.0,manufacturer_declared,158,14396,13474,2.128576,24.70778586247333,2.128576,0.0005274062911936,0.0,,2.6545
VEH0198,BANK02,diesel,2222.9,2018,5.935143,5.935143,sedan,2018,26504,0.0,manufacturer_declared,141,26028,27362,3.737064,58.81718910888334,3.737064,0.0007245033782041,0.0,,5.9351
VEH0199,BANK02,petrol,649.5,2024,1.734165,1.734165,sedan,2024,11536,0.0,NEDC,140,12299,12193,1.61504,7.37814543293045,1.61504,0.0020182216584019,1.500345,15.58674838120565,1.7342
VEH0200,BANK02,hybrid,1088.1,2018,2.905227,2.905227,executive,2018,20561,0.0,DEFRA_fleet_average,80,20150,19742,1.64488,76.6207869267059,1.64488,0.0009293680297473,2.916108,0.3740602199918569,2.9052
VEH0201,BANK02,petrol,1121.8,2021,2.995206,2.995206,sedan,2021,17923,0.0,WLTP,141,17734,17933,2.527143,18.521191717287067,2.527143,0.0002003205128188,2.591358,15.584184045585369,2.9952
VEH0202,BANK02,diesel,1261.2,2023,3.367404,3.367404,sedan,2023,23552,0.0,WLTP,147,23824,23170,3.462144,2.736570171546878,3.462144,0.0001187860070117,0.0,,3.3674
VEH0203,BANK02,diesel,2333.4,2022,6.230178,6.230178,compact,2022,34607,0.0,NEDC,152,35803,35899,5.260264,18.43892245712382,5.260264,0.0003531186799705,0.0,,6.2302
VEH0204,BANK02,petrol,2533.6,2019,6.764712,6.764712,sedan,2019,29540,0.0,NEDC,152,31540,29666,4.49008,50.65878558956635,4.49008,0.0001773914585998,5.852616,15.584210547898584,6.7647
VEH0205,BANK02,hybrid,2006.0,2018,5.35602,5.35602,executive,2018,32191,0.0,manufacturer_declared,106,34532,32238,3.412246,56.964064138400325,3.412246,0.0003734129947746,5.37608,0.3735063466317483,5.356
VEH0206,BANK02,diesel,1884.1,2018,5.030547,5.030547,executive,2018,25773,0.0,NEDC,145,24052,27238,3.737085,34.61026441731991,3.737085,0.0009343007653384,0.0,,5.0305
VEH0207,BANK02,electric,0.0,2023,0.0,0.0,van,2023,34900,6282.0,NEDC,0,36956,35051,0.0,,0.0,,0.0,,0.0
VEH0208,BANK02,diesel,1826.4,2022,4.876488,4.876488,sedan,2022,21634,0.0,DEFRA_fleet_average,158,21940,22891,3.418172,42.6639736092859,3.418172,0.0002460781298041,0.0,,4.8765
VEH0209,BANK02,diesel,811.6,2018,2.166972,2.166972,compact,2018,11159,0.0,DEFRA_fleet_average,131,10566,11489,1.461829,48.238952709242994,1.461829,0.0012921089063182,0.0,,2.167
VEH0210,BANK02,hybrid,919.5,2024,2.455065,2.455065,compact,2024,10460,0.0,WLTP,93,10016,10112,0.97278,152.3797775447686,0.97278,0.0014256038450575,2.4642600000000003,0.3717140236825862,2.4551
VEH0211,BANK02,hybrid,1495.3,2022,3.992451,3.992451,suv,2022,29806,0.0,NEDC,84,28849,30241,2.503704,59.46373852500136,2.503704,0.0012273011897354,4.007404,0.3719115916438679,3.9925
VEH0212,BANK02,petrol,1288.7,2024,3.440829,3.440829,executive,2024,22814,0.0,WLTP,154,21816,23432,3.513356,2.065147966787313,3.513356,0.0008428272494785,2.976897000000001,15.583441415675422,3.4408
VEH0213,BANK02,petrol,2380.5,2018,6.355935,6.355935,suv,2018,31872,0.0,DEFRA_fleet_average,195,34363,30949,6.21504,2.2664375450520025,6.21504,0.0005506694567183,5.498955,15.583779099847163,6.3559
VEH0214,BANK02,diesel,1845.7,2022,4.928019,4.928019,van,2022,25436,0.0,NEDC,141,25231,25109,3.586476,37.40507395002782,3.586476,0.0003855519480517,0.0,,4.928
VEH0215,BANK02,petrol,2149.6,2021,5.739432,5.739432,suv,2021,24346,0.0,NEDC,185,24229,22992,4.50401,27.42866911929591,4.50401,0.0005575495696419,4.965576,15.58377114759696,5.7394
VEH0216,BANK02,petrol,1435.8,2023,3.833586,3.833586,compact,2023,19123,0.0,WLTP,180,20072,18498,3.44214,11.372576362379217,3.44214,0.0003651919866491,3.316698,15.58483769098062,3.8336
VEH0217,BANK02,diesel,1053.4,2022,2.812578,2.812578,executive,2022,15952,0.0,manufacturer_declared,169,16705,15420,2.695888,4.3292599692568885,2.695888,0.0007821944108799,0.0,,2.8126
VEH0218,BANK02,diesel,1291.6,2020,3.448572,3.448572,compact,2020,18103,0.0,NEDC,163,17802,17676,2.950789,16.87043702548708,2.950789,0.0008119236791717,0.0,,3.4486
VEH0219,BANK02,diesel,2072.2,2020,5.532774,5.532774,suv,2020,26259,0.0,DEFRA_fleet_average,167,25432,27022,4.385253,26.16831913688904,4.385253,0.0004699248120315,0.0,,5.5328
VEH0220,BANK02,diesel,1143.6,2018,3.053412,3.053412,executive,2018,15856,0.0,manufacturer_declared,175,14612,15668,2.7748,10.04036326942482,2.7748,0.0003930045195487,0.0,,3.0534
VEH0221,BANK02,petrol,2029.8,2021,5.419566,5.419566,suv,2021,33855,0.0,manufacturer_declared,165,31239,33770,5.586075,2.980178390014458,5.586075,0.0006273525721512,4.688838,15.58514071076886,5.4196
VEH0222,BANK02,electric,0.0,2023,0.0,0.0,compact,2023,8097,1457.5,NEDC,1,7857,7950,0.008097,0.0370507595405647,0.008097,100.0,0.0,,0.0081
VEH0223,BANK02,diesel,840.7,2024,2.244669,2.244669,van,2024,16055,0.0,manufacturer_declared,142,15520,15914,2.27981,1.5400406174198715,2.27981,0.0013810308727176,0.0,,2.2447
VEH0224,BANK02,diesel,2609.9,2020,6.968433,6.968433,suv,2020,30600,0.0,DEFRA_fleet_average,155,30431,30308,4.743,46.91967109424414,4.743,0.0004735663853993,0.0,,6.9684
VEH0225,BANK02,electric,0.0,2024,0.0,0.0,suv,2024,21144,3805.9,DEFRA_fleet_average,1,22605,21623,0.021144,0.208096859629204,0.021144,100.0,0.0,,0.0211
VEH0226,BANK02,hybrid,737.9,2021,1.970193,1.970193,van,2021,14388,0.0,DEFRA_fleet_average,93,15109,14840,1.338084,47.2403825170916,1.338084,0.0003552938787873,1.977572,0.3727803589452195,1.9702
VEH0227,BANK02,diesel,720.3,2019,1.923201,1.923201,van,2019,11840,0.0,manufacturer_declared,175,11234,11773,2.072,7.181467181467182,2.072,5.199667220870077e-05,0.0,,1.9232
VEH0228,BANK02,diesel,1994.6,2020,5.325582,5.325582,van,2020,23308,0.0,WLTP,136,21445,22642,3.169888,68.00593585640881,3.169888,0.0003379900856213,0.0,,5.3256
VEH0229,BANK02,diesel,1441.1,2024,3.847737,3.847737,suv,2024,17464,0.0,DEFRA_fleet_average,171,16671,17505,2.986344,28.84316073432934,2.986344,0.0009616134313964,0.0,,3.8477
VEH0230,BANK02,petrol,1695.6,2021,4.527252,4.527252,van,2021,28495,0.0,DEFRA_fleet_average,159,28275,28471,4.530705,0.0751538667823193,4.530705,0.001060234576911,3.916836,15.58564106334808,4.5273
VEH0231,BANK02,diesel,709.5,2021,1.894365,1.894365,sedan,2021,11645,0.0,DEFRA_fleet_average,169,11481,11714,1.968005,3.740081961173875,1.968005,0.001847550675676,0.0,,1.8944
VEH0232,BANK02,petrol,1693.5,2020,4.521645,4.521645,compact,2020,29647,0.0,manufacturer_declared,197,29705,30536,5.840459,22.581427247413256,5.840459,0.0009952229299379,3.911985,15.583265273256425,4.5216
VEH0233,BANK02,petrol,1314.9,2020,3.510783,3.510783,suv,2020,22448,0.0,WLTP,151,23271,21215,3.389648,3.574176433659186,3.389648,0.0004842201207746,3.0374190000000003,15.584975270122422,3.5108
VEH0234,BANK02,hybrid,1109.7,2024,2.962899,2.962899,executive,2024,20276,0.0,manufacturer_declared,96,19257,19655,1.946496,52.21711218517788,1.946496,3.3750717192469835e-05,2.973996,0.3731007035651768,2.9629
VEH0235,BANK02,diesel,2235.3,2020,5.968251,5.968251,sedan,2020,34526,0.0,NEDC,150,32624,34891,5.1789,15.242619088995744,5.1789,0.0008210043060795,0.0,,5.9683
VEH0236,BANK02,electric,0.0,2022,0.0,0.0,compact,2022,17108,3079.4,DEFRA_fleet_average,0,18385,17479,0.0,,0.0,,0.0,,0.0
VEH0237,BANK02,diesel,1636.3,2024,4.368921,4.368921,compact,2024,19128,0.0,manufacturer_declared,133,20507,18022,2.544024,71.73187045405233,2.544024,0.0004806701915876,0.0,,4.3689
VEH0238,BANK02,diesel,491.7,2018,1.312839,1.312839,executive,2018,8842,0.0,WLTP,134,8921,9127,1.184828,10.800892619013052,1.184828,0.0029707495429709,0.0,,1.3128
VEH0239,BANK02,diesel,2444.8,2022,6.527616,6.527616,compact,2022,32339,0.0,manufacturer_declared,145,30235,33028,4.689155,39.20631755614816,4.689155,0.0002451130584052,0.0,,6.5276
VEH0240,BANK02,hybrid,1111.5,2024,2.967705,2.967705,sedan,2024,14736,0.0,NEDC,110,13967,14796,1.62096,83.0828644753726,1.62096,0.0001684806415828,2.97882,0.3733021800578908,2.9677
VEH0241,BANK02,electric,0.0,2021,0.0,0.0,executive,2021,21786,3921.5,WLTP,5,20693,21125,0.10893,0.0275406224180687,0.10893,100.0,0.0,,0.1089
VEH0242,BANK02,diesel,2282.7,2019,6.094809,6.094809,compact,2019,28534,0.0,WLTP,168,30661,28442,4.793712,27.14155543762329,4.793712,0.0001476668635473,0.0,,6.0948
VEH0243,BANK02,electric,0.0,2022,0.0,0.0,sedan,2022,34180,6152.4,manufacturer_declared,4,31544,33933,0.13672,0.0146284376828701,0.13672,100.0,0.0,,0.1367
VEH0244,BANK02,electric,0.0,2020,0.0,0.0,compact,2020,9211,1658.0,WLTP,4,9278,8895,0.036844,0.1194224297036216,0.036844,100.0,0.0,,0.0368
VEH0245,BANK02,diesel,1636.8,2020,4.370256,4.370256,sedan,2020,22344,0.0,WLTP,147,22898,22224,3.284568,33.055549466474744,3.284568,0.0010067958721353,0.0,,4.3703
VEH0246,BANK02,diesel,2120.1,2018,5.660667,5.660667,suv,2018,31827,0.0,manufacturer_declared,138,29291,31719,4.392126,28.882914561194283,4.392126,0.000582966770897,0.0,,5.6607
VEH0247,BANK02,diesel,2069.3,2022,5.525031,5.525031,suv,2022,23748,0.0,manufacturer_declared,141,25394,22369,3.348468,65.0008302304218,3.348468,0.0005610859728487,0.0,,5.525
VEH0248,BANK02,petrol,1342.9,2018,3.585543,3.585543,suv,2018,15432,0.0,DEFRA_fleet_average,195,15917,15833,3.00924,19.14968563491114,3.00924,0.0011992748570574,3.102099,15.58302942620465,3.5855
VEH0249,BANK02,diesel,2008.7,2022,5.363229,5.363229,executive,2022,32495,0.0,DEFRA_fleet_average,146,34792,32004,4.74427,13.045842669156682,4.74427,0.0005407219570333,0.0,,5.3632
VEH0250,BANK02,diesel,1690.8,2022,4.514436,4.514436,executive,2022,20475,0.0,NEDC,178,18973,20024,3.64455,23.867144091863192,3.64455,0.0007974481658626,0.0,,4.5144
VEH0251,BANK02,hybrid,1014.8,2018,2.709516,2.709516,sedan,2018,13371,0.0,WLTP,96,13192,13466,1.283616,111.08337696008772,1.283616,0.0005905148551399,2.7196640000000003,0.3737226363256823,2.7095
VEH0252,BANK02,diesel,1243.5,2018,3.320145,3.320145,compact,2018,16434,0.0,DEFRA_fleet_average,138,16482,17121,2.267892,46.395860120323206,2.267892,0.0013553808620244,0.0,,3.3201
VEH0253,BANK02,diesel,2005.6,2018,5.354952,5.354952,compact,2018,25473,0.0,WLTP,175,27001,25245,4.457775,20.12719349899896,4.457775,0.0008963585434265,0.0,,5.355
VEH0254,BANK02,diesel,1571.2,2023,4.195104,4.195104,executive,2023,18553,0.0,DEFRA_fleet_average,175,18946,19435,3.246775,29.20821430496416,3.246775,9.534933612240312e-05,0.0,,4.1951
VEH0255,BANK02,diesel,1916.8,2024,5.117856,5.117856,suv,2024,22313,0.0,NEDC,174,21873,21584,3.882462,31.82099399813829,3.882462,0.0008597276226564,0.0,,5.1179
VEH0256,BANK02,petrol,971.4,2020,2.593638,2.593638,sedan,2020,15524,0.0,DEFRA_fleet_average,150,16530,15026,2.3286,11.380228463454442,2.3286,0.0014651449722386,2.2439340000000003,15.5827221299735,2.5936
VEH0257,BANK02,petrol,2416.1,2024,6.450987,6.450987,executive,2024,29014,0.0,NEDC,192,30332,27922,5.570688,15.802572321408055,5.570688,0.0002015191443193,5.581191,15.584648509610227,6.451
VEH0258,BANK02,diesel,2045.7,2018,5.462019,5.462019,sedan,2018,31589,0.0,DEFRA_fleet_average,149,30481,29905,4.706761,16.04583279244473,4.706761,0.0003478579274989,0.0,,5.462
VEH0259,BANK02,diesel,920.9,2018,2.458803,2.458803,van,2018,11387,0.0,manufacturer_declared,164,11119,11933,1.867468,31.66490670790612,1.867468,0.0001220107369438,0.0,,2.4588
VEH0260,BANK02,hybrid,978.1,2023,2.611527,2.611527,compact,2023,19173,0.0,manufacturer_declared,98,18734,19306,1.878954,38.98690441596761,1.878954,0.0010338885697959,2.621308,0.3741643484855667,2.6115
VEH0261,BANK02,diesel,1897.5,2023,5.066325,5.066325,executive,2023,21428,0.0,WLTP,170,20314,21754,3.64276,39.078610723736944,3.64276,0.0004934567633172,0.0,,5.0663
VEH0262,BANK02,diesel,1150.4,2020,3.071568,3.071568,van,2020,14929,0.0,NEDC,156,14950,14992,2.328924,31.8892329676709,2.328924,0.0010418023180111,0.0,,3.0716
VEH0263,BANK02,hybrid,1063.4,2024,2.839278,2.839278,sedan,2024,18703,0.0,WLTP,80,18318,17775,1.49624,89.76233759289954,1.49624,0.000774838868734,2.849912,0.3723623746978877,2.8393
VEH0264,BANK02,diesel,837.4,2021,2.235858,2.235858,suv,2021,13413,0.0,NEDC,154,13647,13305,2.065602,8.244473039820829,2.065602,0.0018784382128045,0.0,,2.2359
VEH0265,BANK02,petrol,900.2,2020,2.403534,2.403534,van,2020,12281,0.0,NEDC,141,12780,12995,1.731621,38.80058049654053,1.731621,0.0014146037029277,2.079462,15.582780546122038,2.4035
VEH0266,BANK02,diesel,1017.7,2021,2.717259,2.717259,van,2021,15672,0.0,manufacturer_declared,170,15731,15803,2.66424,1.9915623217127545,2.66424,0.0015088506973818,0.0,,2.7173
VEH0267,BANK02,diesel,2639.2,2024,7.046664,7.046664,compact,2024,33325,0.0,manufacturer_declared,160,34038,31631,5.332,32.15866466616655,5.332,0.0005108774319978,0.0,,7.0467
VEH0268,BANK02,petrol,1754.9,2024,4.685583,4.685583,van,2024,21675,0.0,NEDC,168,22804,22022,3.6414,28.67578403910584,3.6414,0.0003628137271579,4.053819000000001,15.584834942063251,4.6856
VEH0269,BANK02,petrol,2288.0,2023,6.10896,6.10896,van,2023,26354,0.0,DEFRA_fleet_average,196,28094,25486,5.165384,18.268070679740354,5.165384,0.0006547716483919,5.285279999999999,15.585172403354235,6.109
VEH0270,BANK02,diesel,2144.0,2024,5.72448,5.72448,executive,2024,34796,0.0,manufacturer_declared,151,34826,33742,5.254196,8.95101743444667,5.254196,0.0003493754913115,0.0,,5.7245
VEH0271,BANK02,petrol,673.7,2024,1.798779,1.798779,compact,2024,10696,0.0,WLTP,180,10679,11090,1.92528,6.569434056345058,1.92528,0.0011674449633115,1.5562470000000002,15.585764984607184,1.7988
VEH0272,BANK02,diesel,1988.5,2022,5.309295,5.309295,suv,2022,32625,0.0,NEDC,167,30933,33177,5.448375,2.552595957510268,5.448375,9.41743732827094e-05,0.0,,5.3093
VEH0273,BANK02,petrol,1037.3,2021,2.769591,2.769591,executive,2021,14849,0.0,NEDC,196,15926,14923,2.910404,4.837953768617695,2.910404,0.0003249566724409,2.396163,15.584791184906871,2.7696
VEH0274,BANK02,petrol,1478.1,2019,3.946527,3.946527,sedan,2019,28203,0.0,DEFRA_fleet_average,199,28066,27284,5.612397,29.682451187968343,5.612397,0.0006841505131184,3.414411,15.583624818453314,3.9465
VEH0275,BANK02,diesel,1617.7,2018,4.319259,4.319259,sedan,2018,22341,0.0,NEDC,132,22682,21894,2.949012,46.46600285112437,2.949012,0.0009492278841571,0.0,,4.3193
VEH0276,BANK02,hybrid,814.0,2019,2.17338,2.17338,van,2019,12223,0.0,manufacturer_declared,98,11919,12133,1.197854,81.44114391236327,1.197854,0.0009202171712584,2.18152,0.3722175363966366,2.1734
VEH0277,BANK02,hybrid,1623.3,2020,4.334211,4.334211,executive,2020,30764,0.0,WLTP,108,32123,30881,3.322512,30.449491228323627,3.322512,0.0002537953947616,4.350444,0.373387176113527,4.3342
VEH0278,BANK02,electric,0.0,2020,0.0,0.0,suv,2020,20291,3652.4,WLTP,5,19564,19487,0.101455,0.0443546399881754,0.101455,100.0,0.0,,0.1015
VEH0279,BANK02,diesel,696.7,2023,1.860189,1.860189,compact,2023,12287,0.0,NEDC,149,11568,12595,1.830763,1.6079088336393166,1.830763,0.0005913342651318,0.0,,1.8602
VEH0280,BANK02,diesel,1273.5,2019,3.400245,3.400245,suv,2019,21037,0.0,WLTP,131,20629,21359,2.755847,23.381305275655716,2.755847,0.0013234515616749,0.0,,3.4002
VEH0281,BANK02,diesel,1713.9,2019,4.576113,4.576113,compact,2019,25222,0.0,manufacturer_declared,161,25134,26459,4.060742,12.691227366821137,4.060742,0.0002840847009471,0.0,,4.5761
VEH0282,BANK02,petrol,1631.0,2023,4.35477,4.35477,suv,2023,27766,0.0,manufacturer_declared,197,25891,26644,5.469902,20.38614220145078,5.469902,0.0006888950123944,3.76761,15.585211845175047,4.3548
VEH0283,BANK02,petrol,835.0,2018,2.22945,2.22945,compact,2018,10161,0.0,manufacturer_declared,185,9410,10291,1.879785,18.598669528696103,1.879785,0.0022427558984427,1.92885,15.581823366254495,2.2294
VEH0284,BANK02,hybrid,2409.1,2018,6.432297,6.432297,suv,2018,34325,0.0,NEDC,87,31775,32472,2.986275,115.39543411105808,2.986275,4.6639615682277816e-05,6.456388,0.373087862749263,6.4323
VEH0285,BANK02,diesel,1360.4,2021,3.632268,3.632268,suv,2021,17875,0.0,WLTP,171,18245,17702,3.056625,18.83368093894409,3.056625,0.0008809845001798,0.0,,3.6323
VEH0286,BANK02,hybrid,455.7,2019,1.216719,1.216719,executive,2019,8520,0.0,manufacturer_declared,101,8198,8865,0.86052,41.39125180123646,0.86052,0.0015616010520435,1.221276,0.3746900782460423,1.2167
VEH0287,BANK02,petrol,965.5,2018,2.577885,2.577885,sedan,2018,13188,0.0,NEDC,143,13803,12977,1.885884,36.69451567540741,1.885884,0.0005818689631047,2.230305,15.585088138169448,2.5779
VEH0288,BANK02,electric,0.0,2024,0.0,0.0,compact,2024,24340,4381.2,manufacturer_declared,3,23732,25218,0.07302,0.0273897562311779,0.07302,100.0,0.0,,0.073
VEH0289,BANK02,petrol,2065.4,2021,5.514618,5.514618,compact,2021,33075,0.0,WLTP,166,34722,34263,5.49045,0.4398546567221206,5.49045,0.0003264062669976,4.7710740000000005,15.584038310870868,5.5146
VEH0290,BANK02,diesel,806.5,2022,2.153355,2.153355,van,2022,14816,0.0,WLTP,133,14014,15228,1.970528,9.280355315935624,1.970528,0.0020897185845673,0.0,,2.1534
VEH0291,BANK02,diesel,2864.5,2018,7.648215,7.648215,sedan,2018,33281,0.0,WLTP,152,31824,33687,5.058712,51.18868202024548,5.058712,0.0001961245783363,0.0,,7.6482
VEH0292,BANK02,diesel,1672.3,2019,4.465041,4.465041,suv,2019,20172,0.0,WLTP,150,20766,19697,3.0258,47.56428052085399,3.0258,0.0009182530795162,0.0,,4.465
VEH0293,BANK02,petrol,2332.6,2019,6.228042,6.228042,suv,2019,30647,0.0,manufacturer_declared,148,29076,29374,4.535756,37.308973410386265,4.535756,0.0006743737957697,5.388305999999999,15.583636118661426,6.228
VEH0294,BANK02,hybrid,728.4,2023,1.944828,1.944828,van,2023,10288,0.0,DEFRA_fleet_average,91,9790,9865,0.936208,107.73161519662298,0.936208,0.0014397367338501,1.952112,0.3745686722892941,1.9448
VEH0295,BANK02,diesel,1368.4,2018,3.653628,3.653628,van,2018,20337,0.0,NEDC,139,20118,19835,2.826843,29.24665430658865,2.826843,0.0007663674184343,0.0,,3.6536
VEH0296,BANK02,hybrid,1296.6,2020,3.461922,3.461922,sedan,2020,17222,0.0,DEFRA_fleet_average,80,16943,18220,1.37776,151.27017767971196,1.37776,0.0006354891822399,3.474888,0.3737674422887874,3.4619
VEH0297,BANK02,diesel,1283.9,2019,3.428013,3.428013,compact,2019,23647,0.0,DEFRA_fleet_average,162,23071,23156,3.830814,10.515102012261629,3.830814,0.0003792298716464,0.0,,3.428
VEH0298,BANK02,electric,0.0,2023,0.0,0.0,van,2023,16017,2883.1,DEFRA_fleet_average,3,16591,15071,0.048051,0.1019749849118509,0.048051,100.0,0.0,,0.0481
VEH0299,BANK02,diesel,1302.5,2018,3.477675,3.477675,suv,2018,22863,0.0,DEFRA_fleet_average,167,21431,21613,3.818121,8.915930113267759,3.818121,0.0007188659171274,0.0,,3.4777
VEH0300,BANK02,diesel,1037.5,2019,2.770125,2.770125,van,2019,13533,0.0,DEFRA_fleet_average,160,14593,14235,2.16528,27.93264612428876,2.16528,0.0009024944947975,0.0,,2.7701
VEH0301,BANK02,diesel,1678.1,2019,4.480527,4.480527,executive,2019,24621,0.0,NEDC,153,23647,23268,3.767013,18.940391233053887,3.767013,0.0006026113157063,0.0,,4.4805
VEH0302,BANK02,hybrid,2289.7,2022,6.113499,6.113499,van,2022,25596,0.0,WLTP,91,24924,26195,2.329236,162.46803672964012,2.329236,1.6357242171256694e-05,6.136396,0.3731180321478497,6.1135
VEH0303,BANK02,petrol,2025.0,2024,5.40675,5.40675,van,2024,27315,0.0,NEDC,182,27378,26883,4.97133,8.757616171125228,4.97133,0.0009247785155433,4.67775,15.583346694457813,5.4067
VEH0304,BANK02,electric,0.0,2018,0.0,0.0,executive,2018,28478,5126.0,manufacturer_declared,3,27902,27591,0.085434,0.039796802209884,0.085434,100.0,0.0,,0.0854
VEH0305,BANK02,hybrid,3127.6,2023,8.350692,8.350692,compact,2023,34755,0.0,DEFRA_fleet_average,98,34735,32969,3.40599,145.17687955631106,3.40599,9.580035205841268e-05,8.381968,0.373038885378717,8.3507
VEH0306,BANK02,electric,0.0,2024,0.0,0.0,suv,2024,12731,2291.6,NEDC,3,11761,12361,0.038193,0.018327965857618,0.038193,100.0,0.0,,0.0382
VEH0307,BANK02,petrol,763.1,2024,2.037477,2.037477,van,2024,13566,0.0,DEFRA_fleet_average,144,14259,13168,1.953504,4.299760840008528,1.953504,0.0011288343558334,1.7627610000000002,15.58572035573738,2.0375
VEH0308,BANK02,hybrid,1544.2,2020,4.123014,4.123014,van,2020,25640,0.0,DEFRA_fleet_average,96,25012,24202,2.46144,67.50357514300572,2.46144,0.0003395585738583,4.138456,0.3734726187737521,4.123
VEH0309,BANK02,hybrid,2555.3,2022,6.822651,6.822651,compact,2022,32972,0.0,manufacturer_declared,96,32735,34638,3.165312,115.54589247442276,3.165312,0.0007181907456085,6.848204000000001,0.3724188122900637,6.8227
VEH0310,BANK02,hybrid,1623.8,2018,4.335546,4.335546,compact,2018,20312,0.0,WLTP,108,21694,19688,2.193696,97.63449447872446,2.193696,0.0010610079575645,4.351784,0.3741913661156121,4.3355
VEH0311,BANK03,petrol,2619.7,2018,6.994599,6.994599,van,2018,32863,0.0,WLTP,171,32373,32445,5.619573,24.46853168381299,5.619573,1.4296743203896976e-05,6.051507,15.584432109225029,6.9946
VEH0312,BANK03,hybrid,1258.1,2021,3.359127,3.359127,sedan,2021,18144,0.0,NEDC,80,19210,18418,1.45152,131.41947751322755,1.45152,0.0008037867285813,3.371708,0.3739351094460057,3.3591
VEH0313,BANK03,petrol,2382.3,2018,6.360741,6.360741,compact,2018,30972,0.0,manufacturer_declared,155,30668,30862,4.80066,32.49636508313441,4.80066,0.000644583143371,5.503113,15.58367055155872,6.3607
VEH0314,BANK03,diesel,628.6,2022,1.678362,1.678362,compact,2022,8412,0.0,DEFRA_fleet_average,149,8683,8559,1.253388,33.90905290301167,1.253388,0.0022640610104851,0.0,,1.6784
VEH0315,BANK03,hybrid,1630.1,2020,4.352367,4.352367,compact,2020,19470,0.0,manufacturer_declared,82,19436,20352,1.59654,172.61452891878687,1.59654,0.0007582023711095,4.368668,0.3723789493731106,4.3524
VEH0316,BANK03,petrol,1346.7,2024,3.595689,3.595689,suv,2024,24476,0.0,DEFRA_fleet_average,151,25428,25692,3.695876,2.710480546425266,3.695876,0.0003059209611413,3.110877,15.58476918245241,3.5957
VEH0317,BANK03,petrol,1473.8,2020,3.935046,3.935046,sedan,2020,19090,0.0,WLTP,183,20286,20131,3.49347,12.638723103390046,3.49347,0.00116899618805,3.404478,15.583064422798444,3.935
VEH0318,BANK03,diesel,821.1,2020,2.192337,2.192337,van,2020,10301,0.0,WLTP,162,10760,10215,1.668762,31.37283806798092,1.668762,0.0016877252201015,0.0,,2.1923
VEH0319,BANK03,diesel,2548.0,2018,6.80316,6.80316,compact,2018,30195,0.0,DEFRA_fleet_average,156,32419,29385,4.71042,44.428734592669024,4.71042,0.0005879586077178,0.0,,6.8032
VEH0320,BANK03,diesel,2318.3,2021,6.189861,6.189861,suv,2021,26535,0.0,WLTP,132,26553,25404,3.50262,76.72199667677339,3.50262,0.0006300586439219,0.0,,6.1899
VEH0321,BANK03,diesel,1200.5,2020,3.205335,3.205335,executive,2020,19194,0.0,NEDC,130,20667,20206,2.49522,28.45761095214047,2.49522,0.0010919414719373,0.0,,3.2053
VEH0322,BANK03,petrol,961.8,2022,2.568006,2.568006,suv,2022,15178,0.0,manufacturer_declared,198,14898,14907,3.005244,14.549367705251212,3.005244,0.0002336448598111,2.221758,15.584145528000809,2.568
VEH0323,BANK03,electric,0.0,2019,0.0,0.0,executive,2019,10445,1880.1,manufacturer_declared,1,11201,9915,0.010445,0.4308281474389651,0.010445,100.0,0.0,,0.0104
VEH0324,BANK03,diesel,924.1,2019,2.467347,2.467347,sedan,2019,12215,0.0,NEDC,167,11812,12865,2.039905,20.951710986541027,2.039905,0.0019049163052872,0.0,,2.4673
VEH0325,BANK03,diesel,1464.8,2024,3.911016,3.911016,executive,2024,18220,0.0,NEDC,177,19460,19129,3.22494,21.27357408199842,3.22494,0.0004091025313223,0.0,,3.911
VEH0326,BANK03,hybrid,2021.5,2022,5.397405,5.397405,compact,2022,25222,0.0,WLTP,95,23849,26560,2.39609,125.25865055152352,2.39609,9.263719568330512e-05,5.41762,0.3732266198072239,5.3974
VEH0327,BANK03,petrol,941.1,2021,2.512737,2.512737,executive,2021,10794,0.0,NEDC,187,11608,11403,2.018478,24.48488415528929,2.018478,0.0014725196004235,2.173941,15.582713606303022,2.5127
VEH0328,BANK03,diesel,1202.8,2021,3.211476,3.211476,suv,2021,16515,0.0,manufacturer_declared,133,16564,17322,2.196495,46.21021217894873,2.196495,0.0007473143390877,0.0,,3.2115
VEH0329,BANK03,hybrid,1842.1,2023,4.918407,4.918407,executive,2023,34663,0.0,DEFRA_fleet_average,85,33951,35413,2.946355,66.93168338506392,2.946355,0.000142322706573,4.936828,0.3732761198081057,4.9184
VEH0330,BANK03,diesel,820.7,2020,2.191269,2.191269,compact,2020,12395,0.0,NEDC,137,12173,12631,1.698115,29.043086010075875,1.698115,0.0014146853465929,0.0,,2.1913
VEH0331,BANK03,electric,0.0,2024,0.0,0.0,sedan,2024,14678,2642.0,NEDC,0,13892,14044,0.0,,0.0,,0.0,,0.0
VEH0332,BANK03,petrol,1215.9,2023,3.246453,3.246453,compact,2023,15986,0.0,DEFRA_fleet_average,172,15963,15073,2.749592,18.07206305517329,2.749592,0.0014477129216187,2.8087290000000005,15.586088939160724,3.2465
VEH0333,BANK03,hybrid,2312.5,2018,6.174375,6.174375,compact,2018,34617,0.0,WLTP,101,36695,33963,3.496317,76.59725934461893,3.496317,0.0004048976418751,6.1975,0.3727309398951102,6.1744
VEH0334,BANK03,diesel,1130.7,2021,3.018969,3.018969,compact,2021,19413,0.0,DEFRA_fleet_average,142,18888,20284,2.756646,9.517145110398658,2.756646,0.0010268300761953,0.0,,3.019
VEH0335,BANK03,hybrid,2284.7,2019,6.100149,6.100149,van,2019,28327,0.0,WLTP,94,30422,29445,2.662738,129.0912586968752,2.662738,0.0008032655202331,6.122996,0.3739345901908046,6.1001
VEH0336,BANK03,petrol,696.8,2019,1.860456,1.860456,sedan,2019,8275,0.0,manufacturer_declared,191,8445,8768,1.580525,17.714050710997935,1.580525,0.0023649556570778,1.609608,15.587149169238728,1.8605
VEH0337,BANK03,diesel,863.9,2024,2.306613,2.306613,van,2024,12176,0.0,manufacturer_declared,178,12736,12184,2.167328,6.425977055618719,2.167328,0.000563600104051,0.0,,2.3066
VEH0338,BANK03,petrol,1143.3,2019,3.052611,3.052611,van,2019,14783,0.0,DEFRA_fleet_average,184,14664,14223,2.720072,12.224970515486351,2.720072,0.0003603485553366,2.641023,15.583999079144704,3.0526
VEH0339,BANK03,diesel,915.8,2022,2.445186,2.445186,executive,2022,11798,0.0,WLTP,135,11008,11592,1.59273,53.52256816911842,1.59273,0.0005725503026229,0.0,,2.4452
VEH0340,BANK03,diesel,2530.8,2024,6.757236,6.757236,compact,2024,30502,0.0,manufacturer_declared,130,32241,29933,3.96526,70.41001094505785,3.96526,0.0005327650506082,0.0,,6.7572
VEH0341,BANK03,petrol,1134.6,2023,3.029382,3.029382,suv,2023,21535,0.0,manufacturer_declared,172,20650,21620,3.70402,18.21318459403567,3.70402,0.0005941770647603,2.620926,15.585102364584122,3.0294
VEH0342,BANK03,diesel,2383.9,2018,6.365013,6.365013,sedan,2018,31270,0.0,WLTP,134,33056,29876,4.19018,51.9027822193796,4.19018,0.0002042419481546,0.0,,6.365
VEH0343,BANK03,diesel,2430.5,2024,6.489435,6.489435,sedan,2024,27755,0.0,WLTP,180,28276,28691,4.9959,29.89451350107088,4.9959,0.0005393410793055,0.0,,6.4894
VEH0344,BANK03,petrol,1443.2,2020,3.853344,3.853344,executive,2020,20854,0.0,manufacturer_declared,165,20363,21652,3.44091,11.984910968319422,3.44091,0.0011418783899497,3.3337920000000003,15.583095766022584,3.8533
VEH0345,BANK03,petrol,1144.0,2022,3.05448,3.05448,executive,2022,18694,0.0,WLTP,150,19530,17578,2.8041,8.929781391533824,2.8041,0.0006547716483919,2.64264,15.585172403354235,3.0545
VEH0346,BANK03,diesel,736.0,2023,1.96512,1.96512,suv,2023,9613,0.0,WLTP,169,10140,9164,1.624597,20.95922865793794,1.624597,0.0010177599104324,0.0,,1.9651
VEH0347,BANK03,diesel,1494.0,2020,3.98898,3.98898,suv,2020,19836,0.0,DEFRA_fleet_average,161,19699,19328,3.193596,24.90621856991304,3.193596,0.0005013787916692,0.0,,3.989
VEH0348,BANK03,diesel,833.9,2023,2.226513,2.226513,van,2023,13088,0.0,NEDC,142,12930,13804,1.858496,19.801172561038616,1.858496,0.0005838760386274,0.0,,2.2265
VEH0349,BANK03,hybrid,1163.9,2024,3.107613,3.107613,compact,2024,21584,0.0,DEFRA_fleet_average,110,22462,22712,2.37424,30.88820001347801,2.37424,0.0004183292573059,3.1192520000000004,0.3735510949419994,3.1076
VEH0350,BANK03,petrol,2070.7,2018,5.528769,5.528769,suv,2018,31972,0.0,DEFRA_fleet_average,191,33886,32252,6.106652,9.462664648321208,6.106652,0.0005607003328168,4.783317,15.585063670252255,5.5288
VEH0351,BANK03,petrol,859.9,2023,2.295933,2.295933,suv,2023,10197,0.0,NEDC,169,9670,10500,1.723293,33.22748946348648,1.723293,0.0014373448320801,1.986369,15.582754261670429,2.2959
VEH0352,BANK03,diesel,929.3,2022,2.481231,2.481231,executive,2022,17571,0.0,WLTP,169,17723,18325,2.969499,16.443817627148555,2.969499,0.0012493954538262,0.0,,2.4812
VEH0353,BANK03,diesel,2127.8,2019,5.681226,5.681226,executive,2019,24635,0.0,manufacturer_declared,145,25407,25364,3.572075,59.04481288886711,3.572075,0.0004576497922988,0.0,,5.6812
VEH0354,BANK03,hybrid,1903.0,2021,5.08101,5.08101,compact,2021,27238,0.0,DEFRA_fleet_average,90,28654,27455,2.45142,107.26762447887349,2.45142,0.0001968116512423,5.10004,0.3733304052517137,5.081
VEH0355,BANK03,diesel,690.9,2024,1.844703,1.844703,compact,2024,10781,0.0,WLTP,176,11291,10931,1.897456,2.7803543270568607,1.897456,0.0001626280696034,0.0,,1.8447
VEH0356,BANK03,diesel,1035.3,2018,2.764251,2.764251,compact,2018,12386,0.0,NEDC,140,11761,12055,1.73404,59.41385435168739,1.73404,0.0017726006584013,0.0,,2.7643
VEH0357,BANK03,petrol,2633.9,2024,7.032513,7.032513,sedan,2024,29836,0.0,DEFRA_fleet_average,185,28927,28478,5.51966,27.408209925973697,5.51966,0.000184856025596,6.084309,15.584201920053692,7.0325
VEH0358,BANK03,petrol,2575.2,2019,6.875784,6.875784,van,2019,33516,0.0,manufacturer_declared,156,33369,33737,5.228496,31.50626872431384,5.228496,0.0002327001948801,5.948712,15.5846845502018,6.8758
VEH0359,BANK03,hybrid,1894.7,2024,5.058849,5.058849,compact,2024,23008,0.0,NEDC,103,23641,24183,2.369824,113.46732921938508,2.369824,0.0009686091563341,5.077796,0.3740993139543309,5.0588
VEH0360,BANK03,diesel,1739.0,2024,4.64313,4.64313,executive,2024,25771,0.0,DEFRA_fleet_average,145,26665,26605,3.736795,24.253538125586225,3.736795,0.0006461200491189,0.0,,4.6431
VEH0361,BANK03,petrol,1671.1,2024,4.461837,4.461837,executive,2024,31168,0.0,manufacturer_declared,187,29503,31629,5.828416,23.44746840307898,5.828416,0.0008292617329293,3.860241,15.583457095036303,4.4618
VEH0362,BANK03,diesel,1254.4,2019,3.349248,3.349248,executive,2019,22535,0.0,WLTP,177,20951,21279,3.988695,16.032687382715395,3.988695,0.0014331780723636,0.0,,3.3492
VEH0363,BANK03,diesel,2432.8,2024,6.495576,6.495576,van,2024,33034,0.0,NEDC,180,32025,32054,5.94612,9.24098403664911,5.94612,0.0003694808793614,0.0,,6.4956
VEH0364,BANK03,diesel,1885.3,2018,5.033751,5.033751,van,2018,33565,0.0,WLTP,167,35793,35342,5.605355,10.196588797676508,5.605355,0.0009734196829558,0.0,,5.0338
VEH0365,BANK03,petrol,1976.6,2023,5.277522,5.277522,van,2023,33395,0.0,DEFRA_fleet_average,146,30882,33346,4.87567,8.241533984047308,4.87567,0.0004168640454838,4.565946,15.583933756553398,5.2775
VEH0366,BANK03,diesel,1716.5,2018,4.583055,4.583055,suv,2018,22363,0.0,WLTP,132,20729,23553,2.951916,55.25848296496241,2.951916,0.0009818681678355,0.0,,4.5831
VEH0367,BANK03,diesel,812.0,2022,2.16804,2.16804,executive,2022,15034,0.0,NEDC,175,14082,15141,2.63095,17.59630551701856,2.63095,0.0018450184501761,0.0,,2.168
VEH0368,BANK03,diesel,2375.2,2021,6.341784,6.341784,compact,2021,28244,0.0,manufacturer_declared,166,30105,28479,4.688504,35.26276185324786,4.688504,0.0002522943013097,0.0,,6.3418
VEH0369,BANK03,diesel,898.2,2019,2.398194,2.398194,compact,2019,14532,0.0,NEDC,131,15167,14441,1.903692,25.97626086572829,1.903692,0.0002501876407284,0.0,,2.3982
VEH0370,BANK03,diesel,1489.7,2018,3.977499,3.977499,compact,2018,21779,0.0,NEDC,153,21560,20886,3.332187,19.366049984589708,3.332187,2.5141420493771915e-05,0.0,,3.9775
VEH0371,BANK03,diesel,1750.6,2021,4.674102,4.674102,van,2021,21291,0.0,NEDC,152,22356,21467,3.236232,44.43031278350872,3.236232,4.2788986120954965e-05,0.0,,4.6741
VEH0372,BANK03,hybrid,1430.5,2020,3.819435,3.819435,sedan,2020,23673,0.0,WLTP,98,22919,23894,2.319954,64.63257461139314,2.319954,0.0009163742996284,3.83374,0.374047274984747,3.8194
VEH0373,BANK03,hybrid,1541.1,2023,4.114737,4.114737,van,2023,20860,0.0,manufacturer_declared,99,19649,19873,2.06514,99.2455717287932,2.06514,0.0008992150095959,4.130148,0.3740301800322925,4.1147
VEH0374,BANK03,petrol,2077.2,2021,5.546124,5.546124,executive,2021,26014,0.0,DEFRA_fleet_average,157,26363,25082,4.084198,35.79410204892124,4.084198,0.0004327365175493,4.798331999999999,15.5839154106052,5.5461
VEH0375,BANK03,diesel,1780.7,2021,4.754469,4.754469,executive,2021,24956,0.0,NEDC,152,23109,26381,3.793312,25.339017723825524,3.793312,0.0006520138815835,0.0,,4.7545
VEH0376,BANK03,diesel,711.7,2024,1.900239,1.900239,executive,2024,12476,0.0,DEFRA_fleet_average,136,13429,11996,1.696736,11.991494257209128,1.696736,0.0020524155352132,0.0,,1.9002
VEH0377,BANK03,hybrid,1876.9,2018,5.011323,5.011323,executive,2018,24231,0.0,manufacturer_declared,84,25427,22911,2.035404,146.2066498837577,2.035404,0.0004589627441913,5.030092000000001,0.3735915764562629,5.0113
VEH0378,BANK03,petrol,602.0,2021,1.60734,1.60734,van,2021,10969,0.0,WLTP,159,11427,10601,1.744071,7.842054595254436,1.744071,0.0024886455546593,1.3906200000000002,15.581539169579017,1.6073
VEH0379,BANK03,diesel,809.3,2018,2.160831,2.160831,sedan,2018,9339,0.0,DEFRA_fleet_average,130,9135,9274,1.21407,77.97985289151367,1.21407,0.0014346538319091,0.0,,2.1608
VEH0380,BANK03,petrol,1615.9,2020,4.314453,4.314453,van,2020,24595,0.0,DEFRA_fleet_average,153,25581,24188,3.763035,14.654793271920136,3.763035,0.001089349866716,3.732729,15.58567471680905,4.3145
VEH0381,BANK04,diesel,1904.6,2020,5.085282,5.085282,compact,2020,31870,0.0,manufacturer_declared,149,30641,31525,4.74863,7.089834331164983,4.74863,0.0003539614182024,0.0,,5.0853
VEH0382,BANK04,electric,0.0,2022,0.0,0.0,sedan,2022,28847,5192.5,DEFRA_fleet_average,4,30268,29318,0.115388,0.01039969494228,0.115388,100.0,0.0,,0.1154
VEH0383,BANK04,electric,0.0,2022,0.0,0.0,van,2022,25404,4572.7,manufacturer_declared,0,25363,26872,0.0,,0.0,,0.0,,0.0
VEH0384,BANK04,electric,0.0,2018,0.0,0.0,suv,2018,11578,2084.0,manufacturer_declared,0,12198,11133,0.0,,0.0,,0.0,,0.0
VEH0385,BANK04,electric,0.0,2023,0.0,0.0,van,2023,28886,5199.5,NEDC,1,30927,29501,0.028886,0.0484663851000488,0.028886,100.0,0.0,,0.0289
VEH0386,BANK04,hybrid,868.7,2022,2.319429,2.319429,sedan,2022,11393,0.0,DEFRA_fleet_average,91,11444,11097,1.036763,123.71554540430164,1.036763,0.0012503233594919,2.3281160000000005,0.374379970757497,2.3194
VEH0387,BANK04,electric,0.0,2020,0.0,0.0,executive,2020,8471,1524.8,manufacturer_declared,2,8832,8055,0.016942,0.2479046157478478,0.016942,100.0,0.0,,0.0169
VEH0388,BANK04,electric,0.0,2021,0.0,0.0,executive,2021,18273,3289.1,DEFRA_fleet_average,4,17509,19221,0.073092,0.0109451102719779,0.073092,100.0,0.0,,0.0731
VEH0389,BANK04,electric,0.0,2024,0.0,0.0,suv,2024,31877,5737.9,WLTP,5,29719,33614,0.159385,0.0094111742008264,0.159385,100.0,0.0,,0.1594
VEH0390,BANK04,hybrid,1486.3,2021,3.968421,3.968421,compact,2021,22668,0.0,DEFRA_fleet_average,97,22548,23717,2.198796,80.48059028668415,2.198796,0.0005291805261634,3.983284,0.3736615315403155,3.9684
VEH0391,BANK04,electric,0.0,2022,0.0,0.0,executive,2022,31852,5733.4,NEDC,5,33028,30267,0.15926,0.0251161622503983,0.15926,100.0,0.0,,0.1593
VEH0392,BANK04,diesel,1061.7,2023,2.834739,2.834739,sedan,2023,18149,0.0,DEFRA_fleet_average,179,17928,18440,3.248671,12.742780047594838,3.248671,0.0013758069636885,0.0,,2.8347
VEH0393,BANK04,electric,0.0,2020,0.0,0.0,van,2020,23110,4159.8,WLTP,3,21465,22479,0.06933,0.0432713111207301,0.06933,100.0,0.0,,0.0693
VEH0394,BANK04,electric,0.0,2019,0.0,0.0,executive,2019,11274,2029.3,manufacturer_declared,5,11324,11868,0.05637,0.0532197977647601,0.05637,100.0,0.0,,0.0564
VEH0395,BANK04,electric,0.0,2023,0.0,0.0,suv,2023,29774,5359.3,NEDC,1,29477,31338,0.029774,0.0873245113186058,0.029774,100.0,0.0,,0.0298
VEH0396,BANK04,electric,0.0,2021,0.0,0.0,suv,2021,8279,1490.2,WLTP,5,7830,7983,0.041395,0.0120787534726369,0.041395,100.0,0.0,,0.0414
VEH0397,BANK04,hybrid,2049.2,2020,5.471364,5.471364,sedan,2020,23463,0.0,manufacturer_declared,96,23423,24447,2.252448,142.90904828879516,2.252448,0.0006579668823281,5.491855999999999,0.3724788122630922,5.4714
VEH0398,BANK04,electric,0.0,2018,0.0,0.0,sedan,2018,15315,2756.7,manufacturer_declared,4,16490,15235,0.06126,0.0652954619653907,0.06126,100.0,0.0,,0.0613
VEH0399,BANK04,hybrid,1869.9,2021,4.992633,4.992633,compact,2021,22343,0.0,manufacturer_declared,93,22270,23395,2.077899,140.2715435158302,2.077899,0.0006609782477924,5.011332,0.3737928359166778,4.9926
VEH0400,BANK04,electric,0.0,2022,0.0,0.0,executive,2022,34633,6233.9,NEDC,4,35577,36130,0.138532,0.0230993561054315,0.138532,100.0,0.0,,0.1385
VEH0401,BANK04,electric,0.0,2021,0.0,0.0,executive,2021,13114,2360.5,NEDC,0,12528,13720,0.0,,0.0,,0.0,,0.0
VEH0402,BANK04,electric,0.0,2024,0.0,0.0,executive,2024,24498,4409.6,DEFRA_fleet_average,3,23367,23769,0.073494,0.0081639317495198,0.073494,100.0,0.0,,0.0735
VEH0403,BANK04,diesel,967.4,2018,2.582958,2.582958,compact,2018,14855,0.0,WLTP,130,15623,14214,1.93115,33.75449861481502,1.93115,0.0016260162601663,0.0,,2.583
VEH0404,BANK04,electric,0.0,2024,0.0,0.0,van,2024,13562,2441.2,manufacturer_declared,3,13611,13402,0.040686,0.0344098707172003,0.040686,100.0,0.0,,0.0407
VEH0405,BANK04,electric,0.0,2024,0.0,0.0,van,2024,18604,3348.7,NEDC,5,17908,19040,0.09302,0.021500752526345,0.09302,100.0,0.0,,0.093
VEH0406,BANK05,diesel,1524.3,2023,4.069881,4.069881,van,2023,23618,0.0,manufacturer_declared,156,22993,22555,3.684408,10.46279347998375,3.684408,0.0004668419371481,0.0,,4.0699
VEH0407,BANK05,diesel,1088.7,2021,2.906829,2.906829,van,2021,13822,0.0,WLTP,178,12808,13341,2.460316,18.1474249649232,2.460316,0.0009976606577699,0.0,,2.9068
VEH0408,BANK05,electric,0.0,2024,0.0,0.0,suv,2024,25427,4576.9,DEFRA_fleet_average,2,24235,26271,0.050854,0.0904550281197102,0.050854,100.0,0.0,,0.0509
VEH0409,BANK05,petrol,1460.1,2023,3.898467,3.898467,sedan,2023,26790,0.0,DEFRA_fleet_average,200,26016,25972,5.358,27.239641657334825,5.358,0.0008464794151526,3.372831,15.585393990982654,3.8985
VEH0410,BANK05,hybrid,2752.8,2021,7.349976,7.349976,compact,2021,32111,0.0,DEFRA_fleet_average,106,33834,32629,3.403766,115.937288285975,3.403766,0.0003265306122422,7.377504000000001,0.3728090150815412,7.35
VEH0411,BANK05,diesel,1471.2,2023,3.928104,3.928104,van,2023,22018,0.0,NEDC,159,22512,22067,3.500862,12.20379437978418,3.500862,0.0001018304014579,0.0,,3.9281
VEH0412,BANK05,electric,0.0,2018,0.0,0.0,executive,2018,21556,3880.1,DEFRA_fleet_average,5,20033,21138,0.10778,0.0185563184264298,0.10778,100.0,0.0,,0.1078
VEH0413,BANK05,electric,0.0,2024,0.0,0.0,sedan,2024,14865,2675.7,DEFRA_fleet_average,4,14061,14632,0.05946,0.0672721157080362,0.05946,100.0,0.0,,0.0595
VEH0414,BANK05,diesel,2313.9,2020,6.178113,6.178113,compact,2020,32884,0.0,NEDC,141,32082,31612,4.636644,33.245079846544165,4.636644,0.0002104206794975,0.0,,6.1781
VEH0415,BANK05,diesel,1494.3,2019,3.989781,3.989781,compact,2019,19275,0.0,NEDC,177,18592,19355,3.411675,16.945488652934408,3.411675,0.0004762143465835,0.0,,3.9898
VEH0416,BANK05,petrol,1739.0,2019,4.64313,4.64313,van,2019,28436,0.0,manufacturer_declared,155,27778,29201,4.40758,5.343521841917771,4.40758,0.0006461200491189,4.0170900000000005,15.58366877515811,4.6431
VEH0417,BANK05,diesel,2255.7,2024,6.022719,6.022719,compact,2024,31673,0.0,WLTP,151,32996,33021,4.782623,25.92880517657361,4.782623,0.0003154731266706,0.0,,6.0227
VEH0418,BANK05,electric,0.0,2024,0.0,0.0,sedan,2024,25823,4648.1,manufacturer_declared,1,27273,24658,0.025823,0.0890678852185986,0.025823,100.0,0.0,,0.0258
VEH0419,BANK05,petrol,1262.3,2021,3.370341,3.370341,sedan,2021,23203,0.0,manufacturer_declared,187,22107,22809,4.338961,22.32472243931209,4.338961,0.0012165089161189,2.915913,15.5830095067994,3.3703
VEH0420,BANK05,petrol,2163.8,2022,5.777346,5.777346,compact,2022,24752,0.0,NEDC,199,25300,26005,4.925648,17.290151468395642,4.925648,0.0007962196873855,4.998378000000001,15.583495285870727,5.7773
VEH0421,BANK05,electric,0.0,2019,0.0,0.0,suv,2019,34392,6190.6,DEFRA_fleet_average,2,33108,32739,0.068784,0.0232612235403613,0.068784,100.0,0.0,,0.0688
VEH0422,BANK05,diesel,1376.7,2022,3.675789,3.675789,compact,2022,17145,0.0,DEFRA_fleet_average,171,16746,17908,2.931795,25.377115384943355,2.931795,0.0002992545840417,0.0,,3.6758
VEH0423,BANK05,petrol,1056.9,2024,2.821923,2.821923,sedan,2024,14200,0.0,DEFRA_fleet_average,146,13590,13594,2.0732,36.11325487169593,2.0732,0.0008150536872357,2.4414390000000004,15.583473517052829,2.8219
VEH0424,BANK05,diesel,1847.3,2023,4.932291,4.932291,suv,2023,31354,0.0,DEFRA_fleet_average,180,33353,31158,5.64372,12.605515511045912,5.64372,0.0001824706526261,0.0,,4.9323
VEH0425,BANK05,petrol,2579.3,2020,6.886731,6.886731,executive,2020,30452,0.0,NEDC,162,30207,28994,4.933224,39.5983640718524,4.933224,0.0004501430293158,5.958183000000001,15.583895291567904,6.8867
VEH0426,BANK05,diesel,572.0,2022,1.52724,1.52724,executive,2022,10111,0.0,manufacturer_declared,147,10079,9907,1.486317,2.750624530298704,1.486317,0.0026191723415426,0.0,,1.5272
VEH0427,BANK05,diesel,518.6,2019,1.384662,1.384662,sedan,2019,8117,0.0,WLTP,179,7496,8181,1.452943,4.696880744805546,1.452943,0.0027442767386424,0.0,,1.3847
VEH0428,BANK05,diesel,1807.2,2020,4.825224,4.825224,suv,2020,23559,0.0,WLTP,157,22201,23527,3.698763,30.454424898270037,3.698763,0.0004973887092906,0.0,,4.8252
VEH0429,BANK05,diesel,1754.9,2020,4.685583,4.685583,compact,2020,25913,0.0,DEFRA_fleet_average,178,27825,24527,4.612514,1.584515515833664,4.612514,0.0003628137271579,0.0,,4.6856
VEH0430,BANK05,petrol,702.4,2019,1.875408,1.875408,sedan,2019,12563,0.0,manufacturer_declared,167,12181,12637,2.098021,10.610999603912456,2.098021,0.0004265756638588,1.622544,15.58392253153073,1.8754
VEH0431,BANK05,diesel,1397.9,2020,3.732393,3.732393,executive,2020,21362,0.0,manufacturer_declared,164,21092,20158,3.503368,6.537480504474555,3.503368,0.000187546886724,0.0,,3.7324
VEH0432,BANK05,electric,0.0,2024,0.0,0.0,executive,2024,9656,1738.1,WLTP,1,10189,9844,0.009656,0.4556752278376205,0.009656,100.0,0.0,,0.0097
VEH0433,BANK05,diesel,1132.8,2021,3.024576,3.024576,executive,2021,19845,0.0,manufacturer_declared,140,18817,18736,2.7783,8.865133354929263,2.7783,0.0007934933544866,0.0,,3.0246
VEH0434,BANK05,petrol,796.5,2019,2.126655,2.126655,compact,2019,14994,0.0,NEDC,169,15125,15855,2.533986,16.07293805096003,2.533986,0.0021159542953906,1.839915,15.586861349573216,2.1267
VEH0435,BANK05,diesel,907.7,2019,2.423559,2.423559,compact,2019,11379,0.0,manufacturer_declared,132,10759,11031,1.502028,61.35518112844768,1.502028,0.0016916983000477,0.0,,2.4236
VEH0436,BANK05,electric,0.0,2023,0.0,0.0,suv,2023,15720,2829.6,NEDC,1,14505,15226,0.01572,0.1272264631043425,0.01572,100.0,0.0,,0.0157
VEH0437,BANK05,diesel,2451.2,2020,6.544704,6.544704,compact,2020,33653,0.0,NEDC,148,33928,33192,4.980644,31.40268607834649,4.980644,6.111815668493761e-05,0.0,,6.5447
VEH0438,BANK05,diesel,2802.6,2024,7.482942,7.482942,suv,2024,31178,0.0,NEDC,171,31713,31473,5.331438,40.35425339279946,5.331438,0.0005612797177637,0.0,,7.4829
VEH0439,BANK05,hybrid,665.7,2021,1.777419,1.777419,compact,2021,11208,0.0,WLTP,102,10949,11137,1.143216,55.47368126408308,1.143216,0.0010689771576455,1.7840760000000002,0.3741993054107631,1.7774
VEH0440,BANK05,diesel,1135.1,2018,3.030717,3.030717,van,2018,18425,0.0,manufacturer_declared,153,19491,18394,2.819025,7.508801802041488,2.819025,0.0005609265186312,0.0,,3.0307
VEH0441,BANK05,petrol,832.3,2022,2.222241,2.222241,suv,2022,12989,0.0,manufacturer_declared,198,13175,12974,2.571822,13.594331178440813,2.571822,0.0018450184501825,1.922613,15.582283069967804,2.2222
VEH0442,BANK05,diesel,1436.1,2018,3.834387,3.834387,sedan,2018,21991,0.0,NEDC,163,20739,23242,3.584533,6.970698833013953,3.584533,0.0003390360943052,0.0,,3.8344
VEH0443,BANK05,electric,0.0,2019,0.0,0.0,sedan,2019,29621,5331.8,DEFRA_fleet_average,3,29408,27868,0.088863,0.0416371268131947,0.088863,100.0,0.0,,0.0889
VEH0444,BANK05,petrol,1746.3,2021,4.662621,4.662621,sedan,2021,28877,0.0,WLTP,177,30650,30159,5.111229,8.77732146221583,5.111229,0.0004503924848664,4.033953,15.583895003238757,4.6626
VEH0445,BANK05,diesel,1249.0,2020,3.33483,3.33483,suv,2020,20443,0.0,DEFRA_fleet_average,176,20536,21117,3.597968,7.3143507668773,3.597968,0.0008996041741692,0.0,,3.3348
VEH0446,BANK05,electric,0.0,2020,0.0,0.0,executive,2020,25881,4658.6,manufacturer_declared,3,25460,24976,0.077643,0.0553816828303921,0.077643,100.0,0.0,,0.0776
VEH0447,BANK05,diesel,548.2,2020,1.463694,1.463694,compact,2020,10495,0.0,DEFRA_fleet_average,139,9836,10230,1.458805,0.3355486168473575,1.458805,0.0004099200655838,0.0,,1.4637
VEH0448,BANK05,petrol,1609.1,2019,4.296297,4.296297,executive,2019,25197,0.0,manufacturer_declared,153,24460,26614,3.855141,11.443394677393108,3.855141,6.98275259998407e-05,3.717021,15.58449629420979,4.2963
VEH0449,BANK05,petrol,1991.3,2023,5.316771,5.316771,sedan,2023,29044,0.0,DEFRA_fleet_average,144,30235,30599,4.182336,27.12512815804372,4.182336,0.0005454408666794,4.599903,15.58504603249241,5.3168
VEH0450,BANK05,diesel,2235.2,2020,5.967984,5.967984,sedan,2020,29586,0.0,DEFRA_fleet_average,172,29120,29821,5.088792,17.27734204895779,5.088792,0.0002680965147381,0.0,,5.968
